0 0 0 0 0 0
256 0 0 240 43 15
512 0 0 483 104 70
768 0 0 724 147 96
1024 0 0 966 181 110
1280 0 0 1203 213 79
1536 0 0 1441 251 64
1792 0 0 1682 297 79
2048 0 0 1921 339 78
2303 0 0 2159 377 59
2559 0 0 2398 414 24
2815 0 0 2636 461 49
3071 0 0 2873 511 75
3327 0 0 3114 537 0
3583 0 0 3348 593 45
3839 0 0 3591 621 0
4095 0 0 3812 699 94
0 256 0 82 252 39
256 256 0 249 254 29
512 256 0 484 261 28
768 256 0 722 273 23
1024 256 0 961 291 17
1280 256 0 1201 312 0
1536 256 0 1440 338 0
1792 256 0 1680 366 0
2048 256 0 1920 396 0
2303 256 0 2159 428 0
2559 256 0 2399 462 0
2815 256 0 2639 496 0
3071 256 0 2878 534 0
3327 256 0 3116 577 0
3583 256 0 3358 606 0
3839 256 0 3593 655 0
4095 256 0 3823 709 0
0 512 0 210 516 159
256 512 0 281 505 71
512 512 0 499 508 70
768 512 0 732 514 64
1024 512 0 968 521 54
1280 512 0 1206 533 53
1536 512 0 1444 546 41
1792 512 0 1684 562 24
2048 512 0 1923 581 0
2303 512 0 2161 602 0
2559 512 0 2401 624 0
2815 512 0 2641 649 0
3071 512 0 2880 675 0
3327 512 0 3120 702 0
3583 512 0 3360 731 0
3839 512 0 3600 761 0
4095 512 0 3818 827 87
0 768 0 262 770 176
256 768 0 327 756 96
512 768 0 524 758 92
768 768 0 748 761 92
1024 768 0 979 766 86
1280 768 0 1215 773 82
1536 768 0 1452 782 78
1792 768 0 1689 793 75
2048 768 0 1928 805 66
2303 768 0 2166 819 59
2559 768 0 2405 835 47
2815 768 0 2644 852 16
3071 768 0 2883 872 0
3327 768 0 3123 892 0
3583 768 0 3362 914 0
3839 768 0 3602 937 0
4095 768 0 3819 989 113
0 1024 0 328 1014 165
256 1024 0 387 1009 133
512 1024 0 561 1010 131
768 1024 0 772 1012 129
1024 1024 0 997 1015 123
1280 1024 0 1229 1020 123
1536 1024 0 1463 1026 115
1792 1024 0 1699 1034 109
2048 1024 0 1936 1043 110
2303 1024 0 2172 1053 100
2559 1024 0 2411 1065 93
2815 1024 0 2649 1078 86
3071 1024 0 2888 1093 79
3327 1024 0 3127 1108 64
3583 1024 0 3366 1125 47
3839 1024 0 3605 1143 0
4095 1024 0 3843 1164 0
0 1280 0 400 1260 165
256 1280 0 451 1259 154
512 1280 0 603 1260 153
768 1280 0 802 1262 152
1024 1280 0 1019 1264 149
1280 1280 0 1246 1268 149
1536 1280 0 1477 1273 145
1792 1280 0 1711 1279 142
2048 1280 0 1946 1286 140
2303 1280 0 2181 1294 135
2559 1280 0 2419 1303 131
2815 1280 0 2656 1314 125
3071 1280 0 2895 1325 120
3327 1280 0 3133 1337 113
3583 1280 0 3372 1351 106
3839 1280 0 3610 1365 95
4095 1280 0 3832 1391 148
0 1536 0 491 1514 212
256 1536 0 521 1511 186
512 1536 0 655 1511 185
768 1536 0 840 1513 185
1024 1536 0 1048 1515 182
1280 1536 0 1268 1518 181
1536 1536 0 1495 1522 178
1792 1536 0 1726 1527 174
2048 1536 0 1959 1533 175
2303 1536 0 2193 1539 168
2559 1536 0 2429 1546 164
2815 1536 0 2665 1555 163
3071 1536 0 2903 1564 157
3327 1536 0 3140 1574 152
3583 1536 0 3378 1585 146
3839 1536 0 3617 1597 141
4095 1536 0 3839 1616 175
0 1792 0 562 1762 225
256 1792 0 596 1762 219
512 1792 0 712 1763 216
768 1792 0 883 1764 215
1024 1792 0 1081 1766 214
1280 1792 0 1295 1768 213
1536 1792 0 1517 1771 210
1792 1792 0 1744 1775 208
2048 1792 0 1975 1780 207
2303 1792 0 2206 1785 201
2559 1792 0 2441 1792 200
2815 1792 0 2676 1799 197
3071 1792 0 2912 1807 190
3327 1792 0 3148 1815 190
3583 1792 0 3387 1825 182
3839 1792 0 3624 1835 177
4095 1792 0 3849 1847 199
0 2048 0 650 2013 263
256 2048 0 668 2013 245
512 2048 0 769 2014 239
768 2048 0 927 2015 238
1024 2048 0 1117 2016 238
1280 2048 0 1324 2018 237
1536 2048 0 1541 2021 236
1792 2048 0 1765 2025 234
2048 2048 0 1993 2029 233
2303 2048 0 2223 2033 231
2559 2048 0 2455 2039 229
2815 2048 0 2689 2045 226
3071 2048 0 2924 2052 224
3327 2048 0 3160 2059 220
3583 2048 0 3396 2067 217
3839 2048 0 3633 2076 213
4095 2048 0 3851 2084 240
0 2303 0 731 2261 294
256 2303 0 746 2262 278
512 2303 0 832 2264 269
768 2303 0 979 2265 268
1024 2303 0 1158 2266 267
1280 2303 0 1358 2268 267
1536 2303 0 1570 2271 266
1792 2303 0 1790 2274 265
2048 2303 0 2014 2277 263
2303 2303 0 2241 2281 263
2559 2303 0 2472 2286 261
2815 2303 0 2704 2291 259
3071 2303 0 2937 2297 258
3327 2303 0 3172 2304 254
3583 2303 0 3407 2311 252
3839 2303 0 3643 2319 250
4095 2303 0 3870 2324 258
0 2559 0 811 2509 325
256 2559 0 824 2512 312
512 2559 0 898 2516 298
768 2559 0 1034 2516 298
1024 2559 0 1204 2518 298
1280 2559 0 1396 2519 297
1536 2559 0 1602 2521 296
1792 2559 0 1817 2524 295
2048 2559 0 2038 2527 294
2303 2559 0 2262 2531 293
2559 2559 0 2490 2535 291
2815 2559 0 2721 2540 290
3071 2559 0 2953 2545 288
3327 2559 0 3186 2551 285
3583 2559 0 3420 2557 284
3839 2559 0 3655 2564 281
4095 2559 0 3869 2563 309
0 2815 0 891 2757 358
256 2815 0 903 2761 346
512 2815 0 966 2767 328
768 2815 0 1092 2768 328
1024 2815 0 1253 2769 327
1280 2815 0 1437 2770 327
1536 2815 0 1637 2772 326
1792 2815 0 1847 2775 326
2048 2815 0 2064 2778 324
2303 2815 0 2286 2781 323
2559 2815 0 2511 2784 322
2815 2815 0 2739 2789 320
3071 2815 0 2970 2793 319
3327 2815 0 3201 2798 317
3583 2815 0 3434 2804 314
3839 2815 0 3668 2810 312
4095 2815 0 3889 2809 330
0 3071 0 971 3005 390
256 3071 0 982 3010 379
512 3071 0 1036 3019 358
768 3071 0 1153 3019 358
1024 3071 0 1305 3020 357
1280 3071 0 1482 3022 357
1536 3071 0 1675 3023 356
1792 3071 0 1880 3025 356
2048 3071 0 2093 3028 355
2303 3071 0 2311 3031 354
2559 3071 0 2534 3034 353
2815 3071 0 2760 3038 351
3071 3071 0 2989 3042 350
3327 3071 0 3219 3047 348
3583 3071 0 3450 3052 346
3839 3071 0 3683 3057 344
4095 3071 0 3889 3045 381
0 3327 0 1050 3252 422
256 3327 0 1061 3257 412
512 3327 0 1107 3270 388
768 3327 0 1216 3271 388
1024 3327 0 1360 3272 387
1280 3327 0 1529 3273 387
1536 3327 0 1716 3274 386
1792 3327 0 1916 3276 386
2048 3327 0 2125 3279 385
2303 3327 0 2339 3281 384
2559 3327 0 2559 3284 383
2815 3327 0 2783 3288 381
3071 3327 0 3009 3292 380
3327 3327 0 3238 3296 378
3583 3327 0 3468 3300 377
3839 3327 0 3699 3305 375
4095 3327 0 3914 3296 399
0 3583 0 1130 3499 453
256 3583 0 1140 3505 445
512 3583 0 1179 3522 418
768 3583 0 1281 3522 417
1024 3583 0 1417 3523 417
1280 3583 0 1579 3524 417
1536 3583 0 1760 3526 416
1792 3583 0 1954 3527 416
2048 3583 0 2159 3530 415
2303 3583 0 2370 3532 414
2559 3583 0 2587 3535 413
2815 3583 0 2808 3538 412
3071 3583 0 3032 3541 411
3327 3583 0 3258 3545 409
3583 3583 0 3487 3549 408
3839 3583 0 3717 3554 406
4095 3583 0 3909 3523 458
0 3839 0 1210 3746 485
256 3839 0 1219 3751 478
512 3839 0 1254 3772 450
768 3839 0 1347 3774 447
1024 3839 0 1476 3775 447
1280 3839 0 1631 3776 447
1536 3839 0 1806 3777 446
1792 3839 0 1995 3779 446
2048 3839 0 2195 3780 445
2303 3839 0 2402 3783 444
2559 3839 0 2616 3785 443
2815 3839 0 2834 3788 442
3071 3839 0 3056 3791 441
3327 3839 0 3280 3795 440
3583 3839 0 3507 3799 438
3839 3839 0 3736 3803 437
4095 3839 0 3919 3759 498
0 4095 0 1293 3987 523
256 4095 0 1303 3993 516
512 4095 0 1333 4016 488
768 4095 0 1422 4016 489
1024 4095 0 1549 4005 502
1280 4095 0 1698 3998 511
1536 4095 0 1857 4020 487
1792 4095 0 2043 4002 510
2048 4095 0 2234 4019 490
2303 4095 0 2435 4011 501
2559 4095 0 2641 4008 507
2815 4095 0 2855 4015 501
3071 4095 0 3073 4021 496
3327 4095 0 3293 4024 495
3583 4095 0 3514 4024 498
3839 4095 0 3734 4023 502
4095 4095 0 3946 4011 519
0 0 256 61 49 255
256 0 256 245 58 254
512 0 256 484 110 261
768 0 256 726 151 268
1024 0 256 965 178 265
1280 0 256 1200 204 253
1536 0 256 1440 244 252
1792 0 256 1680 283 250
2048 0 256 1920 323 249
2303 0 256 2159 363 247
2559 0 256 2399 403 245
2815 0 256 2639 443 243
3071 0 256 2878 482 240
3327 0 256 3118 522 237
3583 0 256 3358 563 234
3839 0 256 3598 602 230
4095 0 256 3822 679 252
0 256 256 95 254 256
256 256 256 254 256 255
512 256 256 466 275 269
768 256 256 694 303 283
1024 256 256 936 325 287
1280 256 256 1179 349 287
1536 256 256 1422 373 283
1792 256 256 1665 399 279
2048 256 256 1907 427 274
2303 256 256 2147 456 270
2559 256 256 2388 487 266
2815 256 256 2629 520 262
3071 256 256 2870 554 258
3327 256 256 3111 588 254
3583 256 256 3351 623 250
3839 256 256 3592 659 245
4095 256 256 3832 692 238
0 512 256 215 517 291
256 512 256 305 500 286
512 512 256 499 507 296
768 512 256 719 519 300
1024 512 256 949 534 302
1280 512 256 1184 552 303
1536 512 256 1420 572 304
1792 512 256 1658 594 304
2048 512 256 1897 617 304
2303 512 256 2134 643 303
2559 512 256 2373 670 302
2815 512 256 2613 698 300
3071 512 256 2851 729 299
3327 512 256 3094 754 291
3583 512 256 3333 787 290
3839 512 256 3574 815 283
4095 512 256 3839 793 233
0 768 256 266 770 299
256 768 256 354 751 305
512 768 256 536 754 308
768 768 256 749 760 309
1024 768 256 973 769 310
1280 768 256 1203 780 310
1536 768 256 1436 793 310
1792 768 256 1671 808 310
2048 768 256 1907 825 309
2303 768 256 2143 844 308
2559 768 256 2381 864 308
2815 768 256 2619 885 306
3071 768 256 2857 909 305
3327 768 256 3096 933 303
3583 768 256 3334 959 301
3839 768 256 3573 986 299
4095 768 256 3842 961 240
0 1024 256 332 1014 294
256 1024 256 412 1004 311
512 1024 256 578 1005 317
768 1024 256 780 1008 317
1024 1024 256 999 1013 318
1280 1024 256 1225 1021 318
1536 1024 256 1454 1030 318
1792 1024 256 1687 1041 318
2048 1024 256 1921 1053 317
2303 1024 256 2155 1067 316
2559 1024 256 2391 1082 315
2815 1024 256 2628 1099 314
3071 1024 256 2865 1117 313
3327 1024 256 3103 1136 311
3583 1024 256 3341 1157 309
3839 1024 256 3579 1179 307
4095 1024 256 3845 1162 251
0 1280 256 397 1258 288
256 1280 256 476 1255 317
512 1280 256 628 1255 329
768 1280 256 817 1258 329
1024 1280 256 1028 1262 329
1280 1280 256 1249 1267 329
1536 1280 256 1475 1273 329
1792 1280 256 1705 1282 328
2048 1280 256 1937 1291 327
2303 1280 256 2169 1302 327
2559 1280 256 2404 1314 326
2815 1280 256 2639 1327 324
3071 1280 256 2875 1342 323
3327 1280 256 3112 1357 321
3583 1280 256 3349 1374 319
3839 1280 256 3587 1392 317
4095 1280 256 3849 1382 265
0 1536 256 479 1511 307
256 1536 256 540 1508 324
512 1536 256 683 1507 342
768 1536 256 859 1508 342
1024 1536 256 1061 1511 342
1280 1536 256 1276 1515 341
1536 1536 256 1498 1520 341
1792 1536 256 1725 1527 341
2048 1536 256 1955 1534 340
2303 1536 256 2185 1542 339
2559 1536 256 2418 1552 339
2815 1536 256 2653 1563 337
3071 1536 256 2887 1575 336
3327 1536 256 3123 1588 334
3583 1536 256 3360 1601 332
3839 1536 256 3596 1616 331
4095 1536 256 3855 1610 280
0 1792 256 555 1762 321
256 1792 256 609 1760 336
512 1792 256 743 1758 357
768 1792 256 906 1759 356
1024 1792 256 1098 1762 356
1280 1792 256 1307 1765 356
1536 1792 256 1524 1769 356
1792 1792 256 1748 1774 355
2048 1792 256 1975 1780 354
2303 1792 256 2203 1787 354
2559 1792 256 2435 1795 353
2815 1792 256 2668 1803 351
3071 1792 256 2901 1813 351
3327 1792 256 3136 1824 349
3583 1792 256 3371 1836 347
3839 1792 256 3607 1848 346
4095 1792 256 3862 1846 299
0 2048 256 633 2013 340
256 2048 256 680 2012 352
512 2048 256 807 2009 378
768 2048 256 957 2010 378
1024 2048 256 1140 2012 378
1280 2048 256 1341 2015 378
1536 2048 256 1554 2018 377
1792 2048 256 1773 2022 377
2048 2048 256 1997 2027 376
2303 2048 256 2223 2033 375
2559 2048 256 2453 2040 374
2815 2048 256 2684 2047 373
3071 2048 256 2916 2055 372
3327 2048 256 3150 2065 370
3583 2048 256 3384 2074 369
3839 2048 256 3619 2085 367
4095 2048 256 3868 2085 321
0 2303 256 711 2263 360
256 2303 256 752 2262 371
512 2303 256 868 2260 396
768 2303 256 1008 2261 396
1024 2303 256 1182 2263 396
1280 2303 256 1376 2265 396
1536 2303 256 1584 2267 395
1792 2303 256 1800 2271 395
2048 2303 256 2021 2275 394
2303 2303 256 2245 2280 394
2559 2303 256 2473 2285 393
2815 2303 256 2702 2292 392
3071 2303 256 2934 2299 391
3327 2303 256 3166 2306 389
3583 2303 256 3399 2315 388
3839 2303 256 3633 2324 388
4095 2303 256 3879 2326 342
0 2559 256 789 2515 381
256 2559 256 826 2514 392
512 2559 256 930 2512 413
768 2559 256 1062 2513 416
1024 2559 256 1227 2514 415
1280 2559 256 1415 2516 415
1536 2559 256 1617 2518 415
1792 2559 256 1828 2521 414
2048 2559 256 2046 2525 413
2303 2559 256 2268 2529 413
2559 2559 256 2494 2534 412
2815 2559 256 2722 2539 411
3071 2559 256 2952 2545 410
3327 2559 256 3183 2552 408
3583 2559 256 3416 2559 407
3839 2559 256 3649 2567 406
4095 2559 256 3883 2568 374
0 2815 256 867 2766 404
256 2815 256 899 2766 413
512 2815 256 993 2764 431
768 2815 256 1119 2765 436
1024 2815 256 1276 2766 436
1280 2815 256 1456 2767 435
1536 2815 256 1652 2769 435
1792 2815 256 1859 2772 435
2048 2815 256 2074 2775 434
2303 2815 256 2293 2779 433
2559 2815 256 2516 2783 432
2815 2815 256 2742 2787 431
3071 2815 256 2971 2793 430
3327 2815 256 3201 2798 429
3583 2815 256 3432 2805 427
3839 2815 256 3665 2812 426
4095 2815 256 3903 2817 392
0 3071 256 946 3018 427
256 3071 256 972 3018 433
512 3071 256 1059 3016 451
768 3071 256 1179 3016 458
1024 3071 256 1327 3017 458
1280 3071 256 1500 3019 457
1536 3071 256 1691 3021 457
1792 3071 256 1893 3023 456
2048 3071 256 2104 3026 455
2303 3071 256 2319 3029 455
2559 3071 256 2540 3032 454
2815 3071 256 2765 3036 453
3071 3071 256 2991 3041 452
3327 3071 256 3220 3046 451
3583 3071 256 3450 3052 450
3839 3071 256 3682 3058 449
4095 3071 256 3899 3051 435
0 3327 256 1026 3269 454
256 3327 256 1046 3270 455
512 3327 256 1126 3268 471
768 3327 256 1240 3268 480
1024 3327 256 1381 3269 480
1280 3327 256 1547 3270 480
1536 3327 256 1731 3272 479
1792 3327 256 1929 3274 479
2048 3327 256 2136 3276 478
2303 3327 256 2348 3279 478
2559 3327 256 2566 3282 477
2815 3327 256 2788 3286 476
3071 3327 256 3013 3290 475
3327 3327 256 3240 3295 473
3583 3327 256 3469 3300 472
3839 3327 256 3699 3305 471
4095 3327 256 3918 3300 455
0 3583 256 1109 3517 483
256 3583 256 1120 3521 477
512 3583 256 1194 3520 492
768 3583 256 1304 3520 504
1024 3583 256 1437 3521 504
1280 3583 256 1596 3522 503
1536 3583 256 1775 3523 503
1792 3583 256 1967 3525 502
2048 3583 256 2170 3527 502
2303 3583 256 2379 3530 501
2559 3583 256 2594 3533 500
2815 3583 256 2814 3536 499
3071 3583 256 3036 3540 499
3327 3583 256 3262 3544 497
3583 3583 256 3489 3548 496
3839 3583 256 3718 3553 495
4095 3583 256 3927 3539 491
0 3839 256 1191 3764 513
256 3839 256 1200 3770 506
512 3839 256 1264 3772 514
768 3839 256 1369 3771 528
1024 3839 256 1496 3772 528
1280 3839 256 1648 3773 527
1536 3839 256 1821 3775 527
1792 3839 256 2008 3776 527
2048 3839 256 2206 3778 526
2303 3839 256 2412 3781 525
2559 3839 256 2624 3783 524
2815 3839 256 2841 3786 524
3071 3839 256 3061 3790 523
3327 3839 256 3285 3794 521
3583 3839 256 3510 3798 521
3839 3839 256 3738 3802 519
4095 3839 256 3920 3760 547
0 4095 256 1283 3999 557
256 4095 256 1293 4004 551
512 4095 256 1328 4023 530
768 4095 256 1419 4020 534
1024 4095 256 1546 4011 545
1280 4095 256 1695 4007 550
1536 4095 256 1856 4023 533
1792 4095 256 2042 4009 549
2048 4095 256 2234 4023 535
2303 4095 256 2436 4021 539
2559 4095 256 2643 4015 548
2815 4095 256 2857 4020 544
3071 4095 256 3075 4025 540
3327 4095 256 3296 4028 540
3583 4095 256 3517 4028 542
3839 4095 256 3738 4028 545
4095 4095 256 3946 4011 566
0 0 512 202 194 529
256 0 512 260 98 505
512 0 512 491 131 511
768 0 512 729 160 513
1024 0 512 964 179 509
1280 0 512 1202 216 508
1536 0 512 1441 254 508
1792 0 512 1681 292 507
2048 0 512 1921 330 507
2303 0 512 2160 369 506
2559 0 512 2399 408 505
2815 0 512 2639 448 504
3071 0 512 2879 487 503
3327 0 512 3119 527 502
3583 0 512 3359 566 501
3839 0 512 3599 606 499
4095 0 512 3827 671 504
0 256 512 213 307 530
256 256 512 273 269 481
512 256 512 474 288 487
768 256 512 700 312 504
1024 256 512 939 334 513
1280 256 512 1181 355 516
1536 256 512 1424 379 517
1792 256 512 1666 404 517
2048 256 512 1908 432 516
2303 256 512 2148 461 514
2559 256 512 2389 492 513
2815 256 512 2630 524 512
3071 256 512 2871 557 510
3327 256 512 3112 591 508
3583 256 512 3352 626 506
3839 256 512 3592 662 505
4095 256 512 3839 681 498
0 512 512 297 549 557
256 512 512 307 507 509
512 512 512 507 512 511
768 512 512 737 518 511
1024 512 512 927 555 535
1280 512 512 1148 585 547
1536 512 512 1386 609 550
1792 512 512 1628 632 550
2048 512 512 1872 653 548
2303 512 512 2114 675 545
2559 512 512 2358 697 541
2815 512 512 2601 720 538
3071 512 512 2844 745 535
3327 512 512 3087 770 531
3583 512 512 3329 797 528
3839 512 512 3571 824 525
4095 512 512 3839 796 500
0 768 512 303 786 545
256 768 512 359 755 521
512 768 512 553 754 536
768 768 512 753 761 547
1024 768 512 960 777 561
1280 768 512 1173 798 573
1536 768 512 1391 824 582
1792 768 512 1615 852 591
2048 768 512 1842 883 597
2303 768 512 2077 909 597
2559 768 512 2319 932 592
2815 768 512 2562 954 586
3071 768 512 2806 976 580
3327 768 512 3050 997 574
3583 768 512 3294 1020 568
3839 768 512 3537 1042 563
4095 768 512 3842 964 503
0 1024 512 397 1042 562
256 1024 512 411 1007 526
512 1024 512 621 998 571
768 1024 512 806 1002 583
1024 1024 512 1004 1012 588
1280 1024 512 1212 1026 594
1536 1024 512 1428 1043 599
1792 1024 512 1648 1064 604
2048 1024 512 1872 1086 609
2303 1024 512 2098 1110 613
2559 1024 512 2327 1137 616
2815 1024 512 2558 1164 620
3071 1024 512 2789 1193 622
3327 1024 512 3022 1223 625
3583 1024 512 3258 1252 624
3839 1024 512 3509 1266 609
4095 1024 512 3845 1165 508
0 1280 512 430 1268 540
256 1280 512 476 1258 534
512 1280 512 671 1249 580
768 1280 512 861 1248 607
1024 1280 512 1051 1255 609
1280 1280 512 1255 1264 612
1536 1280 512 1467 1276 615
1792 1280 512 1684 1291 619
2048 1280 512 1905 1308 622
2303 1280 512 2128 1326 624
2559 1280 512 2355 1347 627
2815 1280 512 2583 1369 630
3071 1280 512 2813 1393 632
3327 1280 512 3044 1418 634
3583 1280 512 3275 1444 636
3839 1280 512 3517 1462 626
4095 1280 512 3850 1383 514
0 1536 512 511 1518 549
256 1536 512 537 1510 538
512 1536 512 720 1502 584
768 1536 512 917 1497 626
1024 1536 512 1099 1502 627
1280 1536 512 1297 1508 628
1536 1536 512 1505 1517 630
1792 1536 512 1720 1528 632
2048 1536 512 1939 1540 634
2303 1536 512 2160 1555 636
2559 1536 512 2384 1571 639
2815 1536 512 2611 1589 640
3071 1536 512 2839 1608 642
3327 1536 512 3068 1628 644
3583 1536 512 3299 1650 646
3839 1536 512 3531 1672 645
4095 1536 512 3855 1612 522
0 1792 512 575 1764 550
256 1792 512 610 1761 549
512 1792 512 773 1755 589
768 1792 512 971 1748 640
1024 1792 512 1146 1751 641
1280 1792 512 1339 1756 642
1536 1792 512 1544 1762 644
1792 1792 512 1755 1770 645
2048 1792 512 1972 1780 646
2303 1792 512 2191 1791 648
2559 1792 512 2414 1804 649
2815 1792 512 2640 1818 651
3071 1792 512 2866 1833 652
3327 1792 512 3094 1850 654
3583 1792 512 3324 1868 655
3839 1792 512 3554 1887 656
4095 1792 512 3862 1847 531
0 2048 512 645 2014 556
256 2048 512 682 2013 559
512 2048 512 829 2007 596
768 2048 512 1023 2000 648
1024 2048 512 1194 2001 655
1280 2048 512 1381 2005 655
1536 2048 512 1582 2010 656
1792 2048 512 1790 2016 656
2048 2048 512 2005 2024 657
2303 2048 512 2223 2032 658
2559 2048 512 2444 2042 659
2815 2048 512 2668 2054 660
3071 2048 512 2894 2066 661
3327 2048 512 3122 2080 662
3583 2048 512 3350 2094 663
3839 2048 512 3580 2110 664
4095 2048 512 3871 2086 541
0 2303 512 723 2263 569
256 2303 512 753 2263 569
512 2303 512 888 2258 605
768 2303 512 1073 2252 655
1024 2303 512 1241 2252 665
1280 2303 512 1422 2255 665
1536 2303 512 1619 2259 665
1792 2303 512 1824 2264 666
2048 2303 512 2037 2270 666
2303 2303 512 2253 2276 667
2559 2303 512 2473 2284 667
2815 2303 512 2696 2294 668
3071 2303 512 2922 2304 669
3327 2303 512 3148 2315 669
3583 2303 512 3376 2327 670
3839 2303 512 3605 2340 671
4095 2303 512 3880 2328 555
0 2559 512 797 2514 579
256 2559 512 828 2515 583
512 2559 512 950 2511 614
768 2559 512 1126 2504 663
1024 2559 512 1289 2504 675
1280 2559 512 1464 2506 675
1536 2559 512 1656 2510 675
1792 2559 512 1858 2513 675
2048 2559 512 2068 2518 676
2303 2559 512 2283 2524 676
2559 2559 512 2502 2530 676
2815 2559 512 2724 2538 676
3071 2559 512 2948 2546 677
3327 2559 512 3174 2555 677
3583 2559 512 3402 2565 677
3839 2559 512 3630 2576 677
4095 2559 512 3891 2572 570
0 2815 512 875 2765 593
256 2815 512 902 2766 596
512 2815 512 1014 2763 626
768 2815 512 1180 2757 673
1024 2815 512 1339 2756 686
1280 2815 512 1508 2758 686
1536 2815 512 1695 2761 686
1792 2815 512 1893 2764 686
2048 2815 512 2100 2768 686
2303 2815 512 2312 2773 686
2559 2815 512 2530 2778 686
2815 2815 512 2750 2784 686
3071 2815 512 2973 2791 686
3327 2815 512 3199 2799 686
3583 2815 512 3426 2807 686
3839 2815 512 3654 2816 686
4095 2815 512 3903 2817 583
0 3071 512 952 3017 607
256 3071 512 978 3018 611
512 3071 512 1081 3015 640
768 3071 512 1236 3009 683
1024 3071 512 1390 3008 699
1280 3071 512 1554 3010 699
1536 3071 512 1735 3012 699
1792 3071 512 1930 3015 698
2048 3071 512 2133 3018 698
2303 3071 512 2343 3022 698
2559 3071 512 2558 3027 698
2815 3071 512 2777 3032 698
3071 3071 512 2999 3038 698
3327 3071 512 3223 3045 697
3583 3071 512 3449 3052 697
3839 3071 512 3676 3060 697
4095 3071 512 3915 3062 598
0 3327 512 1029 3269 623
256 3327 512 1054 3270 628
512 3327 512 1149 3267 654
768 3327 512 1294 3262 694
1024 3327 512 1444 3261 712
1280 3327 512 1601 3262 712
1536 3327 512 1777 3264 712
1792 3327 512 1967 3266 712
2048 3327 512 2168 3269 711
2303 3327 512 2374 3273 711
2559 3327 512 2587 3277 711
2815 3327 512 2804 3281 711
3071 3327 512 3025 3286 710
3327 3327 512 3247 3292 710
3583 3327 512 3472 3298 709
3839 3327 512 3699 3305 709
4095 3327 512 3929 3308 615
0 3583 512 1107 3520 640
256 3583 512 1130 3521 645
512 3583 512 1218 3518 670
768 3583 512 1354 3514 707
1024 3583 512 1499 3513 726
1280 3583 512 1650 3514 726
1536 3583 512 1821 3516 726
1792 3583 512 2007 3518 726
2048 3583 512 2203 3520 726
2303 3583 512 2407 3523 725
2559 3583 512 2617 3527 725
2815 3583 512 2832 3531 725
3071 3583 512 3051 3535 724
3327 3583 512 3272 3540 724
3583 3583 512 3496 3546 723
3839 3583 512 3722 3552 723
4095 3583 512 3944 3555 634
0 3839 512 1185 3772 659
256 3839 512 1207 3773 663
512 3839 512 1288 3770 687
768 3839 512 1415 3767 721
1024 3839 512 1556 3765 742
1280 3839 512 1702 3766 742
1536 3839 512 1868 3767 741
1792 3839 512 2049 3769 741
2048 3839 512 2241 3772 741
2303 3839 512 2441 3774 741
2559 3839 512 2649 3777 740
2815 3839 512 2862 3781 740
3071 3839 512 3078 3785 740
3327 3839 512 3298 3789 739
3583 3839 512 3520 3794 739
3839 3839 512 3745 3800 738
4095 3839 512 3926 3765 686
0 4095 512 1274 4011 688
256 4095 512 1282 4020 681
512 4095 512 1329 4025 677
768 4095 512 1417 4026 676
1024 4095 512 1540 4024 678
1280 4095 512 1690 4021 681
1536 4095 512 1858 4028 678
1792 4095 512 2041 4023 681
2048 4095 512 2237 4032 678
2303 4095 512 2438 4033 675
2559 4095 512 2647 4029 680
2815 4095 512 2862 4033 678
3071 4095 512 3080 4036 677
3327 4095 512 3302 4039 676
3583 4095 512 3524 4039 678
3839 4095 512 3748 4040 680
4095 4095 512 3949 4014 703
0 0 768 213 205 778
256 0 768 288 137 761
512 0 768 507 173 768
768 0 768 741 192 770
1024 0 768 969 203 763
1280 0 768 1207 235 763
1536 0 768 1445 269 763
1792 0 768 1684 305 762
2048 0 768 1924 341 762
2303 0 768 2162 379 762
2559 0 768 2401 417 761
2815 0 768 2641 455 761
3071 0 768 2881 494 760
3327 0 768 3120 533 759
3583 0 768 3360 572 758
3839 0 768 3600 612 758
4095 0 768 3837 657 758
0 256 768 220 310 777
256 256 768 313 285 724
512 256 768 498 305 714
768 256 768 713 326 736
1024 256 768 948 345 752
1280 256 768 1187 366 761
1536 256 768 1428 388 765
1792 256 768 1669 413 767
2048 256 768 1910 440 767
2303 256 768 2150 469 767
2559 256 768 2391 499 767
2815 256 768 2632 531 766
3071 256 768 2872 563 765
3327 256 768 3113 597 764
3583 256 768 3353 632 763
3839 256 768 3594 667 762
4095 256 768 3840 687 757
0 512 768 274 543 789
256 512 768 339 515 747
512 512 768 521 520 754
768 512 768 739 529 757
1024 512 768 931 566 752
1280 512 768 1153 593 767
1536 512 768 1389 617 778
1792 512 768 1631 638 784
2048 512 768 1874 659 787
2303 512 768 2116 680 788
2559 512 768 2359 702 788
2815 512 768 2603 725 787
3071 512 768 2845 750 785
3327 512 768 3088 775 784
3583 512 768 3330 801 782
3839 512 768 3572 829 780
4095 512 768 3841 799 758
0 768 768 309 776 780
256 768 768 381 760 763
512 768 768 574 758 759
768 768 768 761 768 766
1024 768 768 989 773 766
1280 768 768 1208 788 773
1536 768 768 1390 832 802
1792 768 768 1608 864 816
2048 768 768 1840 891 823
2303 768 768 2077 914 826
2559 768 768 2319 937 826
2815 768 768 2562 958 824
3071 768 768 2806 980 822
3327 768 768 3050 1001 819
3583 768 768 3294 1023 816
3839 768 768 3538 1046 812
4095 768 768 3843 967 760
0 1024 768 383 1028 788
256 1024 768 425 1010 772
512 1024 768 626 1003 788
768 1024 768 784 1016 769
1024 1024 768 1006 1020 769
1280 1024 768 1235 1025 769
1536 1024 768 1447 1040 796
1792 1024 768 1652 1066 822
2048 1024 768 1856 1100 848
2303 1024 768 2068 1135 867
2559 1024 768 2295 1164 874
2815 1024 768 2530 1190 875
3071 1024 768 2769 1214 873
3327 1024 768 3011 1237 869
3583 1024 768 3254 1259 865
3839 1024 768 3508 1269 850
4095 1024 768 3846 1167 763
0 1280 768 442 1269 784
256 1280 768 487 1260 778
512 1280 768 674 1253 805
768 1280 768 873 1249 833
1024 1280 768 1050 1259 823
1280 1280 768 1255 1268 837
1536 1280 768 1462 1281 851
1792 1280 768 1671 1299 865
2048 1280 768 1883 1321 878
2303 1280 768 2097 1346 891
2559 1280 768 2314 1374 903
2815 1280 768 2534 1404 914
3071 1280 768 2756 1436 924
3327 1280 768 2986 1465 927
3583 1280 768 3225 1489 922
3839 1280 768 3514 1468 866
4095 1280 768 3851 1385 767
0 1536 768 510 1516 785
256 1536 768 551 1511 783
512 1536 768 723 1505 813
768 1536 768 930 1497 856
1024 1536 768 1116 1499 874
1280 1536 768 1306 1507 881
1536 1536 768 1506 1518 888
1792 1536 768 1712 1532 897
2048 1536 768 1922 1548 905
2303 1536 768 2134 1568 914
2559 1536 768 2350 1589 922
2815 1536 768 2569 1614 930
3071 1536 768 2790 1640 938
3327 1536 768 3012 1667 946
3583 1536 768 3238 1695 951
3839 1536 768 3522 1681 887
4095 1536 768 3856 1614 772
0 1792 768 582 1765 790
256 1792 768 618 1763 789
512 1792 768 775 1757 818
768 1792 768 980 1748 865
1024 1792 768 1180 1744 907
1280 1792 768 1362 1750 911
1536 1792 768 1556 1758 916
1792 1792 768 1757 1769 921
2048 1792 768 1965 1782 926
2303 1792 768 2175 1797 932
2559 1792 768 2390 1815 938
2815 1792 768 2608 1834 944
3071 1792 768 2827 1855 950
3327 1792 768 3049 1878 956
3583 1792 768 3271 1902 962
3839 1792 768 3532 1904 915
4095 1792 768 3863 1849 778
0 2048 768 652 2015 793
256 2048 768 690 2014 796
512 2048 768 833 2009 824
768 2048 768 1029 2001 871
1024 2048 768 1236 1993 923
1280 2048 768 1417 1997 933
1536 2048 768 1605 2003 936
1792 2048 768 1804 2012 939
2048 2048 768 2008 2022 943
2303 2048 768 2217 2034 947
2559 2048 768 2431 2047 951
2815 2048 768 2647 2063 955
3071 2048 768 2866 2080 960
3327 2048 768 3086 2098 964
3583 2048 768 3308 2118 969
3839 2048 768 3544 2133 952
4095 2048 768 3872 2088 784
0 2303 768 729 2264 801
256 2303 768 761 2264 803
512 2303 768 891 2260 830
768 2303 768 1078 2252 875
1024 2303 768 1286 2244 931
1280 2303 768 1469 2245 949
1536 2303 768 1653 2250 950
1792 2303 768 1848 2256 952
2048 2303 768 2051 2264 955
2303 2303 768 2258 2274 958
2559 2303 768 2470 2285 960
2815 2303 768 2686 2297 963
3071 2303 768 2903 2311 967
3327 2303 768 3123 2326 970
3583 2303 768 3345 2342 974
3839 2303 768 3569 2360 976
4095 2303 768 3881 2329 793
0 2559 768 804 2515 809
256 2559 768 834 2516 811
512 2559 768 953 2512 837
768 2559 768 1131 2505 880
1024 2559 768 1336 2497 937
1280 2559 768 1520 2495 961
1536 2559 768 1699 2499 962
1792 2559 768 1891 2505 964
2048 2559 768 2091 2511 965
2303 2559 768 2297 2518 967
2559 2559 768 2508 2527 968
2815 2559 768 2722 2537 971
3071 2559 768 2940 2548 973
3327 2559 768 3159 2561 975
3583 2559 768 3380 2574 977
3839 2559 768 3603 2589 980
4095 2559 768 3892 2573 803
0 2815 768 880 2767 817
256 2815 768 909 2767 821
512 2815 768 1018 2764 845
768 2815 768 1186 2757 886
1024 2815 768 1385 2749 942
1280 2815 768 1570 2747 972
1536 2815 768 1745 2750 973
1792 2815 768 1934 2754 973
2048 2815 768 2131 2759 974
2303 2815 768 2335 2765 975
2559 2815 768 2544 2773 976
2815 2815 768 2757 2781 978
3071 2815 768 2974 2790 979
3327 2815 768 3193 2800 981
3583 2815 768 3413 2811 982
3839 2815 768 3636 2824 984
4095 2815 768 3904 2818 813
0 3071 768 957 3018 828
256 3071 768 983 3019 831
512 3071 768 1084 3016 854
768 3071 768 1242 3010 893
1024 3071 768 1436 3002 947
1280 3071 768 1621 2998 982
1536 3071 768 1791 3001 982
1792 3071 768 1976 3005 983
2048 3071 768 2171 3009 983
2303 3071 768 2372 3014 984
2559 3071 768 2579 3020 985
2815 3071 768 2791 3027 986
3071 3071 768 3007 3034 987
3327 3071 768 3225 3043 988
3583 3071 768 3445 3053 989
3839 3071 768 3667 3063 990
4095 3071 768 3917 3065 830
0 3327 768 1034 3270 839
256 3327 768 1059 3270 843
512 3327 768 1152 3267 864
768 3327 768 1301 3262 902
1024 3327 768 1488 3255 954
1280 3327 768 1672 3250 992
1536 3327 768 1838 3253 992
1792 3327 768 2018 3256 992
2048 3327 768 2210 3259 993
2303 3327 768 2409 3264 993
2559 3327 768 2614 3269 994
2815 3327 768 2824 3274 994
3071 3327 768 3038 3281 995
3327 3327 768 3255 3288 995
3583 3327 768 3475 3296 996
3839 3327 768 3696 3305 997
4095 3327 768 3933 3312 843
0 3583 768 1112 3521 851
256 3583 768 1135 3522 855
512 3583 768 1221 3519 875
768 3583 768 1362 3514 911
1024 3583 768 1541 3508 961
1280 3583 768 1724 3503 1002
1536 3583 768 1885 3505 1002
1792 3583 768 2062 3507 1002
2048 3583 768 2250 3510 1002
2303 3583 768 2446 3514 1003
2559 3583 768 2649 3518 1003
2815 3583 768 2858 3523 1003
3071 3583 768 3070 3529 1004
3327 3583 768 3286 3535 1004
3583 3583 768 3504 3542 1004
3839 3583 768 3725 3550 1005
4095 3583 768 3950 3560 869
0 3839 768 1189 3773 864
256 3839 768 1211 3773 868
512 3839 768 1292 3771 887
768 3839 768 1425 3766 922
1024 3839 768 1597 3760 970
1280 3839 768 1775 3755 1010
1536 3839 768 1934 3757 1013
1792 3839 768 2106 3759 1013
2048 3839 768 2290 3762 1013
2303 3839 768 2483 3765 1013
2559 3839 768 2684 3769 1013
2815 3839 768 2891 3773 1013
3071 3839 768 3102 3778 1013
3327 3839 768 3316 3783 1013
3583 3839 768 3533 3789 1014
3839 3839 768 3753 3796 1014
4095 3839 768 3949 3790 869
0 4095 768 1268 4024 878
256 4095 768 1282 4024 878
512 4095 768 1333 4026 877
768 4095 768 1423 4026 878
1024 4095 768 1545 4027 879
1280 4095 768 1691 4028 877
1536 4095 768 1861 4029 879
1792 4095 768 2043 4031 877
2048 4095 768 2239 4032 879
2303 4095 768 2441 4034 878
2559 4095 768 2651 4037 877
2815 4095 768 2866 4039 876
3071 4095 768 3086 4042 878
3327 4095 768 3307 4046 873
3583 4095 768 3531 4048 873
3839 4095 768 3756 4050 874
4095 4095 768 3965 4032 886
0 0 1024 252 213 1026
256 0 1024 330 197 1022
512 0 1024 531 211 1024
768 0 1024 745 208 1017
1024 0 1024 977 234 1016
1280 0 1024 1213 260 1017
1536 0 1024 1450 292 1017
1792 0 1024 1688 325 1017
2048 0 1024 1927 358 1017
2303 0 1024 2165 395 1017
2559 0 1024 2404 431 1016
2815 0 1024 2643 468 1016
3071 0 1024 2883 506 1016
3327 0 1024 3122 543 1015
3583 0 1024 3362 582 1014
3839 0 1024 3601 620 1014
4095 0 1024 3832 678 1017
0 256 1024 254 310 1023
256 256 1024 349 307 980
512 256 1024 527 329 952
768 256 1024 733 344 977
1024 256 1024 960 363 994
1280 256 1024 1196 381 1006
1536 256 1024 1434 403 1012
1792 256 1024 1674 427 1016
2048 256 1024 1914 453 1018
2303 256 1024 2154 481 1019
2559 256 1024 2394 510 1020
2815 256 1024 2634 541 1020
3071 256 1024 2874 573 1020
3327 256 1024 3115 606 1019
3583 256 1024 3355 640 1019
3839 256 1024 3595 675 1018
4095 256 1024 3835 706 1016
0 512 1024 330 554 1040
256 512 1024 364 526 1003
512 512 1024 556 538 943
768 512 1024 743 552 964
1024 512 1024 943 581 968
1280 512 1024 1164 605 989
1536 512 1024 1398 626 1007
1792 512 1024 1637 647 1018
2048 512 1024 1878 667 1026
2303 512 1024 2120 688 1030
2559 512 1024 2362 710 1033
2815 512 1024 2605 732 1034
3071 512 1024 2848 756 1034
3327 512 1024 3090 781 1034
3583 512 1024 3332 807 1033
3839 512 1024 3574 835 1032
4095 512 1024 3842 806 1014
0 768 1024 353 785 1034
256 768 1024 402 768 1012
512 768 1024 598 767 977
768 768 1024 772 774 1020
1024 768 1024 997 779 1020
1280 768 1024 1197 806 1010
1536 768 1024 1393 843 1020
1792 768 1024 1612 872 1034
2048 768 1024 1843 898 1046
2303 768 1024 2081 921 1053
2559 768 1024 2322 943 1058
2815 768 1024 2565 964 1060
3071 768 1024 2808 985 1061
3327 768 1024 3052 1006 1061
3583 768 1024 3295 1028 1060
3839 768 1024 3539 1050 1059
4095 768 1024 3844 973 1016
0 1024 1024 447 1048 1053
256 1024 1024 441 1019 1025
512 1024 1024 638 1010 1013
768 1024 1024 812 1016 1017
1024 1024 1024 1014 1024 1022
1280 1024 1024 1242 1029 1022
1536 1024 1024 1474 1035 1022
1792 1024 1024 1663 1068 1043
2048 1024 1024 1854 1109 1069
2303 1024 1024 2068 1142 1085
2559 1024 1024 2296 1170 1094
2815 1024 1024 2531 1195 1099
3071 1024 1024 2770 1219 1101
3327 1024 1024 3012 1241 1101
3583 1024 1024 3255 1263 1100
3839 1024 1024 3510 1271 1090
4095 1024 1024 3847 1172 1018
0 1280 1024 482 1279 1042
256 1280 1024 502 1265 1026
512 1280 1024 687 1257 1035
768 1280 1024 883 1254 1047
1024 1280 1024 1036 1271 1025
1280 1280 1024 1259 1275 1024
1536 1280 1024 1488 1280 1024
1792 1280 1024 1720 1286 1024
2048 1280 1024 1954 1293 1024
2303 1280 1024 2131 1334 1076
2559 1280 1024 2318 1377 1116
2815 1280 1024 2530 1412 1135
3071 1280 1024 2754 1442 1145
3327 1280 1024 2985 1470 1149
3583 1280 1024 3223 1494 1149
3839 1280 1024 3516 1470 1103
4095 1280 1024 3852 1389 1021
0 1536 1024 552 1525 1045
256 1536 1024 558 1515 1029
512 1536 1024 732 1508 1047
768 1536 1024 939 1500 1075
1024 1536 1024 1113 1506 1079
1280 1536 1024 1281 1524 1028
1536 1536 1024 1506 1527 1041
1792 1536 1024 1725 1534 1064
2048 1536 1024 1938 1548 1086
2303 1536 1024 2148 1566 1106
2559 1536 1024 2359 1590 1126
2815 1536 1024 2571 1617 1144
3071 1536 1024 2783 1647 1163
3327 1536 1024 2994 1683 1185
3583 1536 1024 3234 1701 1176
3839 1536 1024 3524 1683 1120
4095 1536 1024 3857 1617 1025
0 1792 1024 622 1770 1048
256 1792 1024 624 1766 1033
512 1792 1024 783 1760 1055
768 1792 1024 989 1750 1092
1024 1792 1024 1185 1747 1121
1280 1792 1024 1352 1758 1106
1536 1792 1024 1552 1764 1118
1792 1792 1024 1756 1774 1131
2048 1792 1024 1963 1786 1144
2303 1792 1024 2171 1802 1157
2559 1792 1024 2382 1821 1170
2815 1792 1024 2594 1843 1183
3071 1792 1024 2808 1867 1196
3327 1792 1024 3023 1894 1209
3583 1792 1024 3252 1916 1207
3839 1792 1024 3533 1906 1143
4095 1792 1024 3864 1851 1029
0 2048 1024 676 2017 1044
256 2048 1024 699 2016 1040
512 2048 1024 842 2011 1063
768 2048 1024 1038 2002 1101
1024 2048 1024 1241 1995 1142
1280 2048 1024 1428 1996 1163
1536 2048 1024 1612 2004 1168
1792 2048 1024 1807 2012 1176
2048 2048 1024 2008 2023 1185
2303 2048 1024 2212 2037 1193
2559 2048 1024 2420 2053 1203
2815 2048 1024 2631 2071 1212
3071 2048 1024 2844 2091 1222
3327 2048 1024 3059 2113 1231
3583 2048 1024 3276 2137 1240
3839 2048 1024 3544 2135 1174
4095 2048 1024 3873 2090 1034
0 2303 1024 758 2264 1052
256 2303 1024 764 2267 1043
512 2303 1024 896 2262 1066
768 2303 1024 1086 2254 1106
1024 2303 1024 1291 2246 1152
1280 2303 1024 1491 2241 1193
1536 2303 1024 1673 2246 1203
1792 2303 1024 1861 2253 1209
2048 2303 1024 2058 2263 1214
2303 2303 1024 2258 2274 1220
2559 2303 1024 2464 2287 1227
2815 2303 1024 2674 2302 1233
3071 2303 1024 2886 2318 1240
3327 2303 1024 3100 2337 1248
3583 2303 1024 3316 2357 1255
3839 2303 1024 3558 2367 1215
4095 2303 1024 3882 2331 1040
0 2559 1024 825 2514 1055
256 2559 1024 840 2518 1051
512 2559 1024 960 2513 1073
768 2559 1024 1139 2506 1112
1024 2559 1024 1340 2498 1159
1280 2559 1024 1546 2491 1208
1536 2559 1024 1732 2492 1229
1792 2559 1024 1915 2499 1232
2048 2559 1024 2107 2506 1236
2303 2559 1024 2306 2515 1240
2559 2559 1024 2510 2526 1245
2815 2559 1024 2718 2538 1250
3071 2559 1024 2929 2552 1255
3327 2559 1024 3142 2567 1260
3583 2559 1024 3358 2584 1265
3839 2559 1024 3578 2601 1263
4095 2559 1024 3893 2575 1047
0 2815 1024 898 2765 1061
256 2815 1024 914 2769 1058
512 2815 1024 1024 2765 1079
768 2815 1024 1193 2758 1117
1024 2815 1024 1390 2750 1164
1280 2815 1024 1597 2743 1217
1536 2815 1024 1788 2741 1248
1792 2815 1024 1967 2746 1251
2048 2815 1024 2156 2752 1253
2303 2815 1024 2352 2760 1256
2559 2815 1024 2554 2769 1259
2815 2815 1024 2761 2779 1263
3071 2815 1024 2970 2790 1266
3327 2815 1024 3183 2803 1270
3583 2815 1024 3398 2817 1274
3839 2815 1024 3615 2832 1279
4095 2815 1024 3905 2820 1055
0 3071 1024 975 3014 1069
256 3071 1024 987 3020 1065
512 3071 1024 1088 3017 1085
768 3071 1024 1248 3011 1121
1024 3071 1024 1440 3003 1169
1280 3071 1024 1646 2995 1223
1536 3071 1024 1843 2991 1264
1792 3071 1024 2018 2995 1265
2048 3071 1024 2204 3000 1267
2303 3071 1024 2397 3007 1269
2559 3071 1024 2597 3014 1272
2815 3071 1024 2802 3022 1274
3071 3071 1024 3011 3032 1277
3327 3071 1024 3223 3043 1279
3583 3071 1024 3437 3055 1282
3839 3071 1024 3653 3067 1286
4095 3071 1024 3918 3066 1068
0 3327 1024 1047 3267 1075
256 3327 1024 1064 3272 1075
512 3327 1024 1157 3269 1094
768 3327 1024 1307 3263 1128
1024 3327 1024 1492 3256 1174
1280 3327 1024 1695 3248 1228
1536 3327 1024 1896 3242 1276
1792 3327 1024 2068 3245 1278
2048 3327 1024 2251 3250 1279
2303 3327 1024 2441 3255 1281
2559 3327 1024 2639 3261 1282
2815 3327 1024 2843 3268 1284
3071 3327 1024 3050 3276 1286
3327 3327 1024 3261 3285 1288
3583 3327 1024 3474 3295 1290
3839 3327 1024 3690 3306 1292
4095 3327 1024 3933 3313 1083
0 3583 1024 1125 3517 1084
256 3583 1024 1139 3523 1083
512 3583 1024 1226 3520 1102
768 3583 1024 1367 3515 1134
1024 3583 1024 1546 3508 1179
1280 3583 1024 1745 3500 1233
1536 3583 1024 1946 3494 1284
1792 3583 1024 2117 3496 1289
2048 3583 1024 2297 3500 1290
2303 3583 1024 2485 3504 1291
2559 3583 1024 2681 3510 1292
2815 3583 1024 2882 3516 1293
3071 3583 1024 3088 3523 1294
3327 3583 1024 3298 3530 1296
3583 3583 1024 3511 3539 1298
3839 3583 1024 3726 3548 1299
4095 3583 1024 3949 3560 1150
0 3839 1024 1201 3769 1094
256 3839 1024 1215 3775 1093
512 3839 1024 1296 3772 1111
768 3839 1024 1430 3767 1142
1024 3839 1024 1601 3761 1186
1280 3839 1024 1795 3753 1238
1536 3839 1024 1996 3746 1291
1792 3839 1024 2167 3747 1299
2048 3839 1024 2343 3751 1300
2303 3839 1024 2528 3754 1301
2559 3839 1024 2721 3759 1301
2815 3839 1024 2921 3764 1302
3071 3839 1024 3126 3770 1303
3327 3839 1024 3334 3777 1304
3583 3839 1024 3546 3784 1306
3839 3839 1024 3760 3793 1307
4095 3839 1024 3972 3806 1173
0 4095 1024 1279 4019 1105
256 4095 1024 1293 4020 1104
512 4095 1024 1342 4022 1103
768 4095 1024 1428 4025 1102
1024 4095 1024 1548 4028 1101
1280 4095 1024 1695 4029 1101
1536 4095 1024 1865 4030 1103
1792 4095 1024 2047 4031 1102
2048 4095 1024 2242 4033 1103
2303 4095 1024 2444 4035 1102
2559 4095 1024 2654 4038 1102
2815 4095 1024 2868 4040 1102
3071 4095 1024 3088 4043 1103
3327 4095 1024 3310 4046 1103
3583 4095 1024 3534 4050 1102
3839 4095 1024 3760 4054 1101
4095 4095 1024 3986 4056 1098
0 0 1280 313 240 1278
256 0 1280 371 230 1275
512 0 1280 546 231 1273
768 0 1280 761 244 1272
1024 0 1280 989 265 1271
1280 0 1280 1222 288 1272
1536 0 1280 1458 317 1272
1792 0 1280 1695 347 1272
2048 0 1280 1932 378 1272
2303 0 1280 2170 412 1271
2559 0 1280 2408 447 1271
2815 0 1280 2647 483 1271
3071 0 1280 2886 519 1271
3327 0 1280 3125 556 1270
3583 0 1280 3365 593 1270
3839 0 1280 3604 631 1269
4095 0 1280 3825 707 1274
0 256 1280 294 323 1272
256 256 1280 390 333 1237
512 256 1280 561 354 1202
768 256 1280 757 367 1224
1024 256 1280 977 383 1241
1280 256 1280 1208 400 1253
1536 256 1280 1444 421 1261
1792 256 1280 1681 443 1266
2048 256 1280 1920 468 1269
2303 256 1280 2159 495 1271
2559 256 1280 2398 523 1272
2815 256 1280 2638 553 1273
3071 256 1280 2878 585 1273
3327 256 1280 3118 617 1273
3583 256 1280 3358 650 1273
3839 256 1280 3598 684 1272
4095 256 1280 3832 727 1273
0 512 1280 342 548 1278
256 512 1280 405 541 1253
512 512 1280 590 555 1181
768 512 1280 768 575 1171
1024 512 1280 964 597 1190
1280 512 1280 1181 618 1216
1536 512 1280 1410 638 1238
1792 512 1280 1646 658 1254
2048 512 1280 1886 677 1265
2303 512 1280 2126 698 1272
2559 512 1280 2368 719 1277
2815 512 1280 2609 741 1280
3071 512 1280 2851 765 1282
3327 512 1280 3093 789 1283
3583 512 1280 3335 815 1283
3839 512 1280 3576 842 1283
4095 512 1280 3845 814 1270
0 768 1280 378 785 1279
256 768 1280 437 777 1262
512 768 1280 623 779 1213
768 768 1280 800 789 1210
1024 768 1280 1009 788 1274
1280 768 1280 1198 824 1228
1536 768 1280 1401 856 1236
1792 768 1280 1620 883 1253
2048 768 1280 1851 907 1269
2303 768 1280 2087 929 1281
2559 768 1280 2327 950 1290
2815 768 1280 2569 971 1296
3071 768 1280 2812 991 1300
3327 768 1280 3055 1013 1302
3583 768 1280 3298 1034 1304
3839 768 1280 3541 1056 1304
4095 768 1280 3847 978 1271
0 1024 1280 450 1037 1287
256 1024 1280 475 1022 1272
512 1024 1280 659 1019 1246
768 1024 1280 846 1022 1229
1024 1024 1280 1025 1030 1275
1280 1024 1280 1250 1035 1275
1536 1024 1280 1481 1041 1275
1792 1024 1280 1657 1083 1273
2048 1024 1280 1855 1120 1287
2303 1024 1280 2071 1151 1302
2559 1024 1280 2299 1178 1314
2815 1024 1280 2534 1202 1323
3071 1024 1280 2773 1225 1329
3327 1024 1280 3014 1247 1332
3583 1024 1280 3257 1269 1335
3839 1024 1280 3514 1275 1328
4095 1024 1280 3850 1176 1272
0 1280 1280 489 1275 1283
256 1280 1280 533 1269 1276
512 1280 1280 706 1264 1268
768 1280 1280 900 1261 1263
1024 1280 1280 1047 1276 1277
1280 1280 1280 1268 1280 1277
1536 1280 1280 1495 1285 1277
1792 1280 1280 1726 1291 1277
2048 1280 1280 1959 1298 1277
2303 1280 1280 2122 1346 1312
2559 1280 1280 2316 1386 1337
2815 1280 1280 2530 1420 1353
3071 1280 1280 2755 1449 1364
3327 1280 1280 2987 1476 1370
3583 1280 1280 3225 1499 1374
3839 1280 1280 3518 1474 1340
4095 1280 1280 3855 1392 1274
0 1536 1280 567 1526 1289
256 1536 1280 586 1519 1281
512 1536 1280 752 1512 1285
768 1536 1280 953 1506 1294
1024 1536 1280 1124 1511 1299
1280 1536 1280 1289 1527 1280
1536 1536 1280 1513 1531 1280
1792 1536 1280 1741 1536 1280
2048 1536 1280 1972 1542 1279
2303 1536 1280 2204 1548 1279
2559 1536 1280 2434 1558 1283
2815 1536 1280 2590 1612 1349
3071 1536 1280 2782 1654 1383
3327 1536 1280 2992 1689 1403
3583 1536 1280 3236 1705 1397
3839 1536 1280 3526 1686 1355
4095 1536 1280 3860 1620 1277
0 1792 1280 626 1771 1289
256 1792 1280 651 1768 1285
512 1792 1280 804 1762 1297
768 1792 1280 1000 1755 1317
1024 1792 1280 1193 1751 1336
1280 1792 1280 1342 1767 1311
1536 1792 1280 1534 1779 1283
1792 1792 1280 1759 1783 1283
2048 1792 1280 1987 1788 1283
2303 1792 1280 2218 1793 1282
2559 1792 1280 2440 1804 1299
2815 1792 1280 2653 1822 1324
3071 1792 1280 2859 1847 1352
3327 1792 1280 3024 1898 1423
3583 1792 1280 3252 1920 1424
3839 1792 1280 3535 1909 1374
4095 1792 1280 3867 1854 1280
0 2048 1280 685 2020 1289
256 2048 1280 721 2018 1291
512 2048 1280 860 2013 1306
768 2048 1280 1048 2005 1331
1024 2048 1280 1249 1999 1361
1280 2048 1280 1431 2001 1375
1536 2048 1280 1576 2022 1315
1792 2048 1280 1793 2025 1332
2048 2048 1280 2007 2031 1350
2303 2048 1280 2219 2041 1367
2559 2048 1280 2431 2055 1384
2815 2048 1280 2643 2071 1400
3071 2048 1280 2855 2091 1416
3327 2048 1280 3067 2113 1433
3583 2048 1280 3274 2142 1457
3839 2048 1280 3546 2137 1400
4095 2048 1280 3875 2092 1284
0 2303 1280 765 2267 1296
256 2303 1280 785 2269 1294
512 2303 1280 915 2264 1312
768 2303 1280 1096 2256 1340
1024 2303 1280 1299 2248 1376
1280 2303 1280 1496 2244 1409
1536 2303 1280 1668 2252 1406
1792 2303 1280 1855 2260 1405
2048 2303 1280 2055 2268 1417
2303 2303 1280 2257 2278 1428
2559 2303 1280 2463 2291 1440
2815 2303 1280 2671 2306 1452
3071 2303 1280 2881 2324 1464
3327 2303 1280 3092 2343 1477
3583 2303 1280 3304 2365 1490
3839 2303 1280 3560 2369 1434
4095 2303 1280 3885 2333 1289
0 2559 1280 832 2518 1299
256 2559 1280 857 2519 1300
512 2559 1280 975 2515 1318
768 2559 1280 1147 2508 1347
1024 2559 1280 1347 2500 1386
1280 2559 1280 1552 2493 1428
1536 2559 1280 1741 2493 1453
1792 2559 1280 1921 2500 1457
2048 2559 1280 2112 2508 1464
2303 2559 1280 2308 2517 1472
2559 2559 1280 2509 2528 1481
2815 2559 1280 2713 2542 1489
3071 2559 1280 2921 2557 1499
3327 2559 1280 3130 2574 1508
3583 2559 1280 3342 2592 1518
3839 2559 1280 3577 2604 1480
4095 2559 1280 3895 2577 1295
0 2815 1280 908 2767 1304
256 2815 1280 928 2771 1304
512 2815 1280 1038 2767 1323
768 2815 1280 1202 2760 1353
1024 2815 1280 1397 2752 1393
1280 2815 1280 1603 2744 1440
1536 2815 1280 1802 2740 1479
1792 2815 1280 1985 2743 1494
2048 2815 1280 2170 2750 1499
2303 2815 1280 2361 2758 1505
2559 2815 1280 2559 2768 1511
2815 2815 1280 2760 2780 1518
3071 2815 1280 2966 2793 1525
3327 2815 1280 3174 2807 1532
3583 2815 1280 3384 2823 1539
3839 2815 1280 3599 2840 1539
4095 2815 1280 3908 2822 1301
0 3071 1280 982 3018 1310
256 3071 1280 1002 3022 1311
512 3071 1280 1102 3018 1328
768 3071 1280 1257 3012 1358
1024 3071 1280 1446 3005 1398
1280 3071 1280 1652 2996 1447
1536 3071 1280 1856 2990 1494
1792 3071 1280 2047 2989 1523
2048 3071 1280 2227 2995 1527
2303 3071 1280 2414 3002 1531
2559 3071 1280 2609 3011 1535
2815 3071 1280 2808 3021 1540
3071 3071 1280 3012 3032 1545
3327 3071 1280 3219 3044 1550
3583 3071 1280 3428 3058 1556
3839 3071 1280 3640 3073 1562
4095 3071 1280 3921 3068 1309
0 3327 1280 1055 3271 1315
256 3327 1280 1076 3273 1318
512 3327 1280 1169 3270 1335
768 3327 1280 1315 3264 1363
1024 3327 1280 1498 3257 1403
1280 3327 1280 1701 3249 1452
1536 3327 1280 1907 3241 1503
1792 3327 1280 2105 3237 1544
2048 3327 1280 2282 3242 1548
2303 3327 1280 2466 3248 1551
2559 3327 1280 2658 3256 1554
2815 3327 1280 2856 3264 1558
3071 3327 1280 3057 3274 1562
3327 3327 1280 3263 3284 1566
3583 3327 1280 3471 3296 1570
3839 3327 1280 3682 3309 1574
4095 3327 1280 3935 3315 1325
0 3583 1280 1133 3520 1323
256 3583 1280 1150 3524 1324
512 3583 1280 1237 3521 1341
768 3583 1280 1376 3516 1369
1024 3583 1280 1551 3510 1408
1280 3583 1280 1750 3501 1457
1536 3583 1280 1957 3493 1510
1792 3583 1280 2160 3488 1559
2048 3583 1280 2336 3491 1566
2303 3583 1280 2517 3496 1568
2559 3583 1280 2707 3502 1570
2815 3583 1280 2902 3510 1573
3071 3583 1280 3102 3518 1576
3327 3583 1280 3306 3527 1579
3583 3583 1280 3514 3537 1582
3839 3583 1280 3724 3548 1586
4095 3583 1280 3949 3562 1401
0 3839 1280 1208 3772 1330
256 3839 1280 1225 3776 1332
512 3839 1280 1306 3773 1348
768 3839 1280 1437 3768 1375
1024 3839 1280 1606 3762 1413
1280 3839 1280 1800 3754 1461
1536 3839 1280 2006 3746 1515
1792 3839 1280 2213 3739 1570
2048 3839 1280 2389 3741 1581
2303 3839 1280 2567 3745 1582
2559 3839 1280 2754 3751 1584
2815 3839 1280 2947 3757 1586
3071 3839 1280 3146 3764 1588
3327 3839 1280 3349 3772 1591
3583 3839 1280 3555 3781 1593
3839 3839 1280 3764 3790 1596
4095 3839 1280 3975 3804 1498
0 4095 1280 1292 4014 1342
256 4095 1280 1305 4015 1341
512 4095 1280 1353 4018 1340
768 4095 1280 1437 4023 1339
1024 4095 1280 1555 4027 1338
1280 4095 1280 1702 4030 1338
1536 4095 1280 1870 4031 1339
1792 4095 1280 2051 4033 1338
2048 4095 1280 2246 4034 1339
2303 4095 1280 2448 4036 1339
2559 4095 1280 2657 4039 1338
2815 4095 1280 2871 4041 1337
3071 4095 1280 3090 4044 1338
3327 4095 1280 3312 4047 1338
3583 4095 1280 3536 4051 1338
3839 4095 1280 3763 4055 1340
4095 4095 1280 3985 4053 1336
0 0 1536 358 270 1529
256 0 1536 411 267 1527
512 0 1536 574 272 1526
768 0 1536 781 284 1526
1024 0 1536 1004 302 1525
1280 0 1536 1234 322 1526
1536 0 1536 1467 347 1526
1792 0 1536 1702 375 1526
2048 0 1536 1939 403 1526
2303 0 1536 2175 435 1526
2559 0 1536 2413 468 1526
2815 0 1536 2651 501 1526
3071 0 1536 2890 536 1525
3327 0 1536 3129 572 1525
3583 0 1536 3368 608 1525
3839 0 1536 3607 645 1524
4095 0 1536 3835 706 1526
0 256 1536 354 354 1528
256 256 1536 432 362 1498
512 256 1536 597 382 1458
768 256 1536 784 392 1476
1024 256 1536 997 406 1491
1280 256 1536 1223 423 1503
1536 256 1536 1455 442 1511
1792 256 1536 1690 464 1516
2048 256 1536 1928 487 1520
2303 256 1536 2165 513 1523
2559 256 1536 2404 541 1524
2815 256 1536 2643 569 1525
3071 256 1536 2882 600 1526
3327 256 1536 3122 631 1526
3583 256 1536 3361 664 1527
3839 256 1536 3601 697 1526
4095 256 1536 3846 717 1524
0 512 1536 399 566 1531
256 512 1536 444 557 1510
512 512 1536 625 573 1434
768 512 1536 802 598 1391
1024 512 1536 990 616 1419
1280 512 1536 1201 634 1448
1536 512 1536 1426 652 1473
1792 512 1536 1659 671 1491
2048 512 1536 1896 690 1505
2303 512 1536 2134 710 1514
2559 512 1536 2374 731 1521
2815 512 1536 2615 753 1526
3071 512 1536 2856 776 1529
3327 512 1536 3097 800 1532
3583 512 1536 3338 825 1533
3839 512 1536 3579 852 1534
4095 512 1536 3847 825 1525
0 768 1536 421 793 1531
256 768 1536 475 788 1514
512 768 1536 652 793 1460
768 768 1536 834 806 1414
1024 768 1536 1019 811 1475
1280 768 1536 1211 844 1440
1536 768 1536 1415 871 1453
1792 768 1536 1633 895 1474
2048 768 1536 1862 918 1494
2303 768 1536 2096 939 1510
2559 768 1536 2334 959 1522
2815 768 1536 2575 980 1532
3071 768 1536 2817 1000 1538
3327 768 1536 3059 1021 1543
3583 768 1536 3302 1042 1546
3839 768 1536 3545 1064 1549
4095 768 1536 3849 987 1526
0 1024 1536 493 1045 1536
256 1024 1536 504 1030 1527
512 1024 1536 686 1029 1486
768 1024 1536 874 1033 1449
1024 1024 1536 1042 1039 1513
1280 1024 1536 1261 1043 1529
1536 1024 1536 1476 1059 1513
1792 1024 1536 1658 1099 1493
2048 1024 1536 1861 1132 1503
2303 1024 1536 2078 1161 1519
2559 1024 1536 2306 1187 1534
2815 1024 1536 2540 1210 1546
3071 1024 1536 2778 1233 1556
3327 1024 1536 3019 1254 1563
3583 1024 1536 3260 1275 1568
3839 1024 1536 3515 1284 1567
4095 1024 1536 3853 1183 1527
0 1280 1536 536 1285 1536
256 1280 1536 557 1276 1528
512 1280 1536 726 1272 1507
768 1280 1536 920 1270 1484
1024 1280 1536 1087 1279 1497
1280 1280 1536 1278 1286 1531
1536 1280 1536 1504 1291 1531
1792 1280 1536 1733 1297 1531
2048 1280 1536 1945 1315 1530
2303 1280 1536 2118 1360 1539
2559 1280 1536 2317 1397 1555
2815 1280 1536 2533 1429 1570
3071 1280 1536 2758 1457 1582
3327 1280 1536 2990 1483 1592
3583 1280 1536 3229 1504 1598
3839 1280 1536 3521 1480 1577
4095 1280 1536 3857 1398 1529
0 1536 1536 594 1530 1538
256 1536 1536 610 1524 1532
512 1536 1536 770 1519 1525
768 1536 1536 967 1513 1517
1024 1536 1536 1147 1516 1518
1280 1536 1536 1300 1532 1533
1536 1536 1536 1521 1536 1533
1792 1536 1536 1748 1541 1533
2048 1536 1536 1978 1546 1533
2303 1536 1536 2210 1553 1532
2559 1536 1536 2414 1576 1546
2815 1536 1536 2584 1624 1580
3071 1536 1536 2780 1663 1604
3327 1536 1536 2992 1697 1621
3583 1536 1536 3238 1711 1619
3839 1536 1536 3528 1691 1590
4095 1536 1536 3863 1625 1531
0 1792 1536 664 1776 1542
256 1792 1536 666 1773 1536
512 1792 1536 815 1768 1538
768 1792 1536 1011 1761 1543
1024 1792 1536 1207 1757 1551
1280 1792 1536 1355 1771 1547
1536 1792 1536 1542 1783 1535
1792 1792 1536 1766 1787 1535
2048 1792 1536 1994 1792 1535
2303 1792 1536 2223 1797 1535
2559 1792 1536 2456 1804 1535
2815 1792 1536 2690 1811 1534
3071 1792 1536 2852 1857 1593
3327 1792 1536 3022 1906 1642
3583 1792 1536 3254 1926 1643
3839 1792 1536 3538 1913 1607
4095 1792 1536 3869 1858 1534
0 2048 1536 714 2023 1541
256 2048 1536 738 2022 1540
512 2048 1536 872 2017 1548
768 2048 1536 1060 2010 1561
1024 2048 1536 1260 2004 1580
1280 2048 1536 1439 2006 1590
1536 2048 1536 1567 2032 1538
1792 2048 1536 1787 2035 1538
2048 2048 1536 2012 2039 1538
2303 2048 1536 2239 2044 1538
2559 2048 1536 2470 2049 1538
2815 2048 1536 2702 2055 1537
3071 2048 1536 2936 2062 1537
3327 2048 1536 3065 2120 1656
3583 2048 1536 3275 2147 1673
3839 2048 1536 3549 2141 1629
4095 2048 1536 3878 2096 1537
0 2303 1536 790 2269 1546
256 2303 1536 800 2272 1543
512 2303 1536 925 2268 1554
768 2303 1536 1106 2260 1574
1024 2303 1536 1309 2252 1600
1280 2303 1536 1505 2248 1624
1536 2303 1536 1668 2258 1618
1792 2303 1536 1811 2283 1542
2048 2303 1536 2033 2286 1541
2303 2303 1536 2258 2290 1548
2559 2303 1536 2481 2295 1570
2815 2303 1536 2699 2305 1590
3071 2303 1536 2916 2317 1609
3327 2303 1536 3128 2334 1631
3583 2303 1536 3303 2371 1706
3839 2303 1536 3563 2372 1657
4095 2303 1536 3887 2336 1541
0 2559 1536 860 2517 1550
256 2559 1536 868 2523 1547
512 2559 1536 984 2519 1560
768 2559 1536 1156 2512 1582
1024 2559 1536 1357 2503 1614
1280 2559 1536 1560 2496 1647
1536 2559 1536 1745 2497 1666
1792 2559 1536 1901 2512 1637
2048 2559 1536 2092 2521 1626
2303 2559 1536 2299 2527 1641
2559 2559 1536 2508 2535 1656
2815 2559 1536 2717 2546 1670
3071 2559 1536 2927 2560 1685
3327 2559 1536 3138 2576 1700
3583 2559 1536 3344 2596 1724
3839 2559 1536 3579 2607 1696
4095 2559 1536 3898 2579 1545
0 2815 1536 925 2769 1552
256 2815 1536 942 2773 1552
512 2815 1536 1048 2769 1566
768 2815 1536 1211 2763 1591
1024 2815 1536 1407 2754 1625
1280 2815 1536 1611 2747 1663
1536 2815 1536 1807 2743 1695
1792 2815 1536 1985 2747 1703
2048 2815 1536 2161 2757 1694
2303 2815 1536 2357 2764 1704
2559 2815 1536 2556 2773 1715
2815 2815 1536 2759 2784 1726
3071 2815 1536 2964 2797 1737
3327 2815 1536 3172 2811 1749
3583 2815 1536 3380 2828 1760
3839 2815 1536 3599 2843 1750
4095 2815 1536 3910 2824 1550
0 3071 1536 1001 3017 1558
256 3071 1536 1012 3024 1556
512 3071 1536 1110 3021 1570
768 3071 1536 1264 3015 1595
1024 3071 1536 1454 3007 1631
1280 3071 1536 1660 2998 1674
1536 3071 1536 1862 2992 1713
1792 3071 1536 2053 2991 1741
2048 3071 1536 2231 2997 1745
2303 3071 1536 2418 3004 1752
2559 3071 1536 2611 3013 1760
2815 3071 1536 2809 3023 1768
3071 3071 1536 3011 3034 1777
3327 3071 1536 3215 3047 1786
3583 3071 1536 3422 3062 1795
3839 3071 1536 3631 3078 1804
4095 3071 1536 3923 3070 1559
0 3327 1536 1072 3270 1562
256 3327 1536 1087 3275 1563
512 3327 1536 1177 3272 1576
768 3327 1536 1323 3266 1601
1024 3327 1536 1507 3259 1637
1280 3327 1536 1709 3250 1681
1536 3327 1536 1913 3243 1725
1792 3327 1536 2112 3239 1764
2048 3327 1536 2298 3241 1784
2303 3327 1536 2479 3247 1790
2559 3327 1536 2668 3255 1795
2815 3327 1536 2862 3264 1801
3071 3327 1536 3060 3274 1808
3327 3327 1536 3262 3285 1815
3583 3327 1536 3467 3298 1822
3839 3327 1536 3675 3313 1829
4095 3327 1536 3939 3317 1564
0 3583 1536 1147 3520 1568
256 3583 1536 1160 3526 1568
512 3583 1536 1245 3523 1582
768 3583 1536 1383 3518 1607
1024 3583 1536 1559 3511 1642
1280 3583 1536 1758 3503 1687
1536 3583 1536 1963 3495 1734
1792 3583 1536 2167 3489 1780
2048 3583 1536 2360 3487 1813
2303 3583 1536 2539 3492 1819
2559 3583 1536 2724 3499 1824
2815 3583 1536 2915 3507 1828
3071 3583 1536 3111 3516 1833
3327 3583 1536 3311 3526 1839
3583 3583 1536 3514 3537 1844
3839 3583 1536 3720 3550 1850
4095 3583 1536 3952 3564 1620
0 3839 1536 1222 3770 1574
256 3839 1536 1234 3778 1574
512 3839 1536 1313 3775 1588
768 3839 1536 1444 3770 1612
1024 3839 1536 1614 3763 1647
1280 3839 1536 1809 3755 1692
1536 3839 1536 2011 3747 1739
1792 3839 1536 2218 3740 1790
2048 3839 1536 2419 3735 1833
2303 3839 1536 2597 3739 1844
2559 3839 1536 2779 3745 1847
2815 3839 1536 2967 3752 1850
3071 3839 1536 3161 3760 1854
3327 3839 1536 3359 3769 1858
3583 3839 1536 3560 3779 1863
3839 3839 1536 3765 3790 1867
4095 3839 1536 3973 3803 1824
0 4095 1536 1308 4007 1584
256 4095 1536 1321 4009 1583
512 4095 1536 1367 4014 1582
768 4095 1536 1448 4021 1581
1024 4095 1536 1563 4029 1580
1280 4095 1536 1710 4031 1580
1536 4095 1536 1876 4032 1581
1792 4095 1536 2057 4034 1580
2048 4095 1536 2251 4036 1581
2303 4095 1536 2453 4038 1581
2559 4095 1536 2661 4040 1580
2815 4095 1536 2875 4043 1579
3071 4095 1536 3094 4046 1581
3327 4095 1536 3315 4049 1580
3583 4095 1536 3540 4053 1581
3839 4095 1536 3766 4056 1581
4095 4095 1536 3984 4051 1579
0 0 1792 407 309 1782
256 0 1792 456 308 1781
512 0 1792 607 314 1781
768 0 1792 804 324 1781
1024 0 1792 1021 339 1780
1280 0 1792 1247 357 1781
1536 0 1792 1478 380 1780
1792 0 1792 1711 405 1780
2048 0 1792 1947 431 1781
2303 0 1792 2182 461 1780
2559 0 1792 2419 491 1780
2815 0 1792 2657 523 1780
3071 0 1792 2895 557 1780
3327 0 1792 3133 590 1780
3583 0 1792 3372 626 1780
3839 0 1792 3611 661 1779
4095 0 1792 3838 720 1780
0 256 1792 407 385 1782
256 256 1792 478 393 1756
512 256 1792 634 412 1717
768 256 1792 813 421 1730
1024 256 1792 1019 434 1742
1280 256 1792 1240 449 1754
1536 256 1792 1468 467 1762
1792 256 1792 1701 488 1767
2048 256 1792 1937 509 1772
2303 256 1792 2172 535 1775
2559 256 1792 2410 561 1777
2815 256 1792 2649 588 1778
3071 256 1792 2887 618 1779
3327 256 1792 3126 648 1780
3583 256 1792 3365 680 1780
3839 256 1792 3604 712 1780
4095 256 1792 3842 744 1780
0 512 1792 436 579 1783
256 512 1792 490 577 1764
512 512 1792 661 594 1693
768 512 1792 840 622 1625
1024 512 1792 1021 637 1656
1280 512 1792 1226 653 1686
1536 512 1792 1445 669 1711
1792 512 1792 1674 687 1731
2048 512 1792 1908 705 1747
2303 512 1792 2144 724 1758
2559 512 1792 2382 745 1766
2815 512 1792 2622 766 1773
3071 512 1792 2862 789 1777
3327 512 1792 3102 813 1780
3583 512 1792 3343 838 1783
3839 512 1792 3583 864 1784
4095 512 1792 3851 836 1780
0 768 1792 466 804 1783
256 768 1792 516 801 1769
512 768 1792 684 808 1713
768 768 1792 868 823 1649
1024 768 1792 1044 838 1661
1280 768 1792 1232 864 1653
1536 768 1792 1434 887 1673
1792 768 1792 1650 909 1698
2048 768 1792 1876 930 1721
2303 768 1792 2108 950 1741
2559 768 1792 2344 970 1756
2815 768 1792 2583 990 1768
3071 768 1792 2824 1010 1777
3327 768 1792 3065 1031 1784
3583 768 1792 3307 1051 1789
3839 768 1792 3549 1073 1793
4095 768 1792 3853 997 1780
0 1024 1792 533 1051 1786
256 1024 1792 542 1039 1781
512 1024 1792 710 1040 1738
768 1024 1792 902 1046 1682
1024 1024 1792 1077 1058 1676
1280 1024 1792 1275 1052 1783
1536 1024 1792 1475 1082 1724
1792 1024 1792 1666 1116 1708
2048 1024 1792 1872 1146 1719
2303 1024 1792 2089 1173 1738
2559 1024 1792 2316 1197 1756
2815 1024 1792 2549 1220 1771
3071 1024 1792 2785 1241 1784
3327 1024 1792 3025 1263 1794
3583 1024 1792 3266 1283 1802
3839 1024 1792 3520 1291 1805
4095 1024 1792 3856 1191 1782
0 1280 1792 564 1289 1786
256 1280 1792 593 1283 1780
512 1280 1792 750 1281 1753
768 1280 1792 942 1281 1715
1024 1280 1792 1121 1288 1700
1280 1280 1792 1291 1293 1785
1536 1280 1792 1514 1298 1785
1792 1280 1792 1742 1304 1785
2048 1280 1792 1934 1335 1762
2303 1280 1792 2118 1375 1759
2559 1280 1792 2322 1409 1771
2815 1280 1792 2538 1439 1787
3071 1280 1792 2764 1466 1801
3327 1280 1792 2996 1491 1813
3583 1280 1792 3232 1514 1823
3839 1280 1792 3525 1487 1814
4095 1280 1792 3860 1405 1783
0 1536 1792 633 1536 1788
256 1536 1792 637 1530 1786
512 1536 1792 790 1526 1769
768 1536 1792 985 1522 1746
1024 1536 1792 1172 1524 1733
1280 1536 1792 1318 1537 1779
1536 1536 1792 1532 1542 1786
1792 1536 1792 1757 1547 1786
2048 1536 1792 1986 1552 1786
2303 1536 1792 2216 1559 1786
2559 1536 1792 2400 1594 1790
2815 1536 1792 2580 1638 1805
3071 1536 1792 2780 1674 1822
3327 1536 1792 2995 1706 1838
3583 1536 1792 3242 1718 1841
3839 1536 1792 3533 1697 1825
4095 1536 1792 3866 1630 1785
0 1792 1792 693 1781 1791
256 1792 1792 694 1778 1789
512 1792 1792 835 1774 1782
768 1792 1792 1026 1768 1774
1024 1792 1792 1223 1765 1768
1280 1792 1792 1387 1774 1775
1536 1792 1792 1553 1788 1788
1792 1792 1792 1775 1792 1788
2048 1792 1792 2001 1797 1788
2303 1792 1792 2230 1802 1788
2559 1792 1792 2462 1808 1788
2815 1792 1792 2695 1815 1788
3071 1792 1792 2844 1870 1829
3327 1792 1792 3023 1915 1860
3583 1792 1792 3258 1932 1864
3839 1792 1792 3542 1918 1840
4095 1792 1792 3873 1863 1787
0 2048 1792 738 2027 1792
256 2048 1792 763 2027 1791
512 2048 1792 893 2022 1792
768 2048 1792 1076 2016 1794
1024 2048 1792 1274 2010 1799
1280 2048 1792 1455 2012 1806
1536 2048 1792 1577 2036 1791
1792 2048 1792 1796 2039 1791
2048 2048 1792 2019 2043 1791
2303 2048 1792 2246 2048 1791
2559 2048 1792 2476 2053 1790
2815 2048 1792 2708 2059 1790
3071 2048 1792 2924 2074 1804
3327 2048 1792 3061 2129 1879
3583 2048 1792 3278 2153 1890
3839 2048 1792 3553 2145 1859
4095 2048 1792 3881 2100 1790
0 2303 1792 822 2271 1796
256 2303 1792 823 2275 1794
512 2303 1792 941 2272 1799
768 2303 1792 1120 2265 1809
1024 2303 1792 1322 2257 1824
1280 2303 1792 1516 2254 1839
1536 2303 1792 1677 2263 1837
1792 2303 1792 1819 2286 1794
2048 2303 1792 2040 2290 1794
2303 2303 1792 2264 2294 1793
2559 2303 1792 2492 2299 1793
2815 2303 1792 2722 2304 1793
3071 2303 1792 2954 2310 1793
3327 2303 1792 3119 2344 1876
3583 2303 1792 3304 2376 1921
3839 2303 1792 3567 2376 1884
4095 2303 1792 3890 2340 1793
0 2559 1792 880 2521 1798
256 2559 1792 889 2526 1798
512 2559 1792 1002 2522 1806
768 2559 1792 1172 2515 1821
1024 2559 1792 1371 2507 1843
1280 2559 1792 1570 2501 1866
1536 2559 1792 1753 2502 1880
1792 2559 1792 1899 2519 1852
2048 2559 1792 2063 2538 1797
2303 2559 1792 2285 2542 1797
2559 2559 1792 2510 2546 1796
2815 2559 1792 2739 2551 1796
3071 2559 1792 2969 2556 1796
3327 2559 1792 3199 2562 1800
3583 2559 1792 3340 2603 1947
3839 2559 1792 3583 2611 1916
4095 2559 1792 3901 2582 1797
0 2815 1792 949 2769 1802
256 2815 1792 959 2776 1802
512 2815 1792 1064 2772 1812
768 2815 1792 1226 2766 1831
1024 2815 1792 1420 2758 1857
1280 2815 1792 1620 2750 1885
1536 2815 1792 1815 2747 1911
1792 2815 1792 1988 2752 1915
2048 2815 1792 2128 2775 1856
2303 2815 1792 2321 2785 1831
2559 2815 1792 2542 2788 1850
2815 2815 1792 2759 2794 1868
3071 2815 1792 2975 2802 1886
3327 2815 1792 3188 2813 1903
3583 2815 1792 3401 2827 1922
3839 2815 1792 3603 2847 1961
4095 2815 1792 3914 2827 1801
0 3071 1792 1024 3016 1806
256 3071 1792 1027 3027 1805
512 3071 1792 1124 3024 1816
768 3071 1792 1279 3017 1837
1024 3071 1792 1468 3009 1866
1280 3071 1792 1669 3001 1899
1536 3071 1792 1870 2995 1933
1792 3071 1792 2058 2995 1955
2048 3071 1792 2223 3005 1944
2303 3071 1792 2395 3018 1918
2559 3071 1792 2598 3024 1931
2815 3071 1792 2803 3031 1945
3071 3071 1792 3010 3041 1958
3327 3071 1792 3217 3052 1972
3583 3071 1792 3426 3066 1985
3839 3071 1792 3629 3083 2017
4095 3071 1792 3927 3073 1808
0 3327 1792 1089 3271 1810
256 3327 1792 1102 3278 1811
512 3327 1792 1192 3274 1823
768 3327 1792 1337 3269 1844
1024 3327 1792 1519 3261 1874
1280 3327 1792 1717 3253 1909
1536 3327 1792 1921 3245 1948
1792 3327 1792 2118 3241 1981
2048 3327 1792 2299 3244 1996
2303 3327 1792 2469 3255 1983
2559 3327 1792 2662 3261 1993
2815 3327 1792 2858 3269 2002
3071 3327 1792 3059 3279 2013
3327 3327 1792 3261 3290 2023
3583 3327 1792 3466 3303 2034
3839 3327 1792 3672 3317 2045
4095 3327 1792 3942 3319 1813
0 3583 1792 1166 3517 1815
256 3583 1792 1172 3529 1815
512 3583 1792 1256 3526 1827
768 3583 1792 1395 3520 1849
1024 3583 1792 1572 3513 1881
1280 3583 1792 1766 3505 1918
1536 3583 1792 1971 3497 1959
1792 3583 1792 2173 3491 1999
2048 3583 1792 2364 3489 2029
2303 3583 1792 2541 3495 2034
2559 3583 1792 2726 3501 2041
2815 3583 1792 2917 3509 2048
3071 3583 1792 3112 3518 2056
3327 3583 1792 3311 3528 2064
3583 3583 1792 3513 3540 2073
3839 3583 1792 3717 3553 2082
4095 3583 1792 3957 3566 1834
0 3839 1792 1238 3769 1820
256 3839 1792 1246 3780 1820
512 3839 1792 1325 3777 1833
768 3839 1792 1456 3772 1855
1024 3839 1792 1625 3765 1886
1280 3839 1792 1816 3757 1923
1536 3839 1792 2019 3749 1966
1792 3839 1792 2224 3742 2012
2048 3839 1792 2423 3737 2050
2303 3839 1792 2609 3738 2073
2559 3839 1792 2790 3744 2079
2815 3839 1792 2976 3751 2085
3071 3839 1792 3167 3760 2091
3327 3839 1792 3363 3769 2098
3583 3839 1792 3562 3780 2105
3839 3839 1792 3764 3791 2112
4095 3839 1792 3969 3804 2109
0 4095 1792 1326 4001 1827
256 4095 1792 1337 4004 1827
512 4095 1792 1380 4013 1827
768 4095 1792 1458 4026 1826
1024 4095 1792 1574 4032 1826
1280 4095 1792 1720 4033 1827
1536 4095 1792 1884 4034 1826
1792 4095 1792 2065 4036 1826
2048 4095 1792 2257 4038 1825
2303 4095 1792 2459 4040 1826
2559 4095 1792 2667 4042 1826
2815 4095 1792 2880 4045 1826
3071 4095 1792 3098 4048 1826
3327 4095 1792 3319 4051 1825
3583 4095 1792 3543 4054 1827
3839 4095 1792 3769 4058 1828
4095 4095 1792 3983 4048 1824
0 0 2048 465 354 2036
256 0 2048 506 352 2036
512 0 2048 643 357 2035
768 0 2048 831 365 2035
1024 0 2048 1041 378 2035
1280 0 2048 1263 394 2035
1536 0 2048 1491 414 2035
1792 0 2048 1722 436 2035
2048 0 2048 1956 461 2035
2303 0 2048 2190 488 2035
2559 0 2048 2427 516 2035
2815 0 2048 2664 547 2035
3071 0 2048 2901 579 2035
3327 0 2048 3139 611 2035
3583 0 2048 3377 645 2034
3839 0 2048 3615 679 2034
4095 0 2048 3838 745 2033
0 256 2048 464 419 2036
256 256 2048 525 427 2014
512 256 2048 673 444 1977
768 256 2048 843 453 1987
1024 256 2048 1043 464 1997
1280 256 2048 1259 477 2007
1536 256 2048 1484 494 2014
1792 256 2048 1714 513 2020
2048 256 2048 1948 534 2024
2303 256 2048 2182 557 2027
2559 256 2048 2418 582 2030
2815 256 2048 2656 609 2031
3071 256 2048 2894 637 2032
3327 256 2048 3132 666 2033
3583 256 2048 3371 697 2034
3839 256 2048 3609 728 2034
4095 256 2048 3848 758 2033
0 512 2048 485 598 2036
256 512 2048 538 600 2019
512 512 2048 699 616 1953
768 512 2048 880 646 1872
1024 512 2048 1054 659 1900
1280 512 2048 1252 673 1929
1536 512 2048 1467 689 1954
1792 512 2048 1691 705 1974
2048 512 2048 1922 723 1991
2303 512 2048 2155 741 2003
2559 512 2048 2392 761 2013
2815 512 2048 2630 781 2020
3071 512 2048 2869 804 2025
3327 512 2048 3109 827 2029
3583 512 2048 3349 851 2032
3839 512 2048 3589 877 2035
4095 512 2048 3855 849 2034
0 768 2048 509 817 2037
256 768 2048 561 817 2022
512 768 2048 718 824 1969
768 768 2048 903 841 1896
1024 768 2048 1078 864 1858
1280 768 2048 1260 885 1872
1536 768 2048 1458 905 1898
1792 768 2048 1671 925 1926
2048 768 2048 1893 945 1952
2303 768 2048 2122 964 1974
2559 768 2048 2356 983 1991
2815 768 2048 2593 1002 2006
3071 768 2048 2833 1021 2017
3327 768 2048 3073 1042 2025
3583 768 2048 3314 1062 2032
3839 768 2048 3555 1084 2037
4095 768 2048 3858 1007 2035
0 1024 2048 557 1055 2037
256 1024 2048 590 1050 2030
512 1024 2048 744 1053 1988
768 1024 2048 932 1061 1926
1024 1024 2048 1112 1075 1886
1280 1024 2048 1291 1075 1974
1536 1024 2048 1486 1104 1928
1792 1024 2048 1681 1134 1921
2048 1024 2048 1887 1161 1937
2303 1024 2048 2103 1186 1958
2559 1024 2048 2328 1209 1979
2815 1024 2048 2559 1231 1997
3071 1024 2048 2795 1251 2013
3327 1024 2048 3033 1272 2026
3583 1024 2048 3273 1292 2036
3839 1024 2048 3524 1302 2044
4095 1024 2048 3861 1199 2036
0 1280 2048 593 1294 2039
256 1280 2048 634 1291 2031
512 1280 2048 781 1291 2000
768 1280 2048 967 1293 1954
1024 1280 2048 1152 1301 1918
1280 1280 2048 1320 1309 1963
1536 1280 2048 1527 1306 2039
1792 1280 2048 1753 1312 2038
2048 1280 2048 1933 1355 1980
2303 1280 2048 2124 1391 1975
2559 1280 2048 2330 1422 1987
2815 1280 2048 2547 1450 2004
3071 1280 2048 2772 1476 2020
3327 1280 2048 3003 1500 2035
3583 1280 2048 3240 1521 2048
3839 1280 2048 3530 1496 2051
4095 1280 2048 3865 1412 2037
0 1536 2048 651 1539 2039
256 1536 2048 680 1536 2036
512 1536 2048 819 1534 2016
768 1536 2048 1006 1532 1983
1024 1536 2048 1196 1535 1954
1280 1536 2048 1364 1544 1968
1536 1536 2048 1544 1549 2040
1792 1536 2048 1767 1553 2040
2048 1536 2048 1995 1559 2040
2303 1536 2048 2224 1565 2040
2559 1536 2048 2392 1612 2020
2815 1536 2048 2580 1652 2026
3071 1536 2048 2784 1686 2039
3327 1536 2048 3000 1716 2054
3583 1536 2048 3247 1728 2064
3839 1536 2048 3537 1705 2061
4095 1536 2048 3871 1636 2038
0 1792 2048 710 1785 2041
256 1792 2048 732 1783 2040
512 1792 2048 865 1780 2027
768 1792 2048 1048 1776 2009
1024 1792 2048 1242 1774 1990
1280 1792 2048 1418 1780 1989
1536 1792 2048 1565 1794 2042
1792 1792 2048 1785 1798 2042
2048 1792 2048 2010 1802 2042
2303 1792 2048 2238 1808 2042
2559 1792 2048 2469 1814 2041
2815 1792 2048 2701 1821 2041
3071 1792 2048 2843 1881 2057
3327 1792 2048 3026 1924 2076
3583 1792 2048 3262 1940 2084
3839 1792 2048 3546 1924 2074
4095 1792 2048 3878 1868 2040
0 2048 2048 760 2032 2044
256 2048 2048 795 2031 2043
512 2048 2048 919 2028 2037
768 2048 2048 1096 2022 2029
1024 2048 2048 1291 2018 2022
1280 2048 2048 1475 2018 2021
1536 2048 2048 1617 2034 2036
1792 2048 2048 1806 2044 2044
2048 2048 2048 2028 2048 2044
2303 2048 2048 2254 2053 2044
2559 2048 2048 2483 2058 2044
2815 2048 2048 2714 2064 2043
3071 2048 2048 2910 2088 2059
3327 2048 2048 3062 2138 2099
3583 2048 2048 3282 2160 2108
3839 2048 2048 3557 2151 2091
4095 2048 2048 3886 2104 2042
0 2303 2048 830 2279 2046
256 2303 2048 853 2280 2047
512 2303 2048 970 2276 2046
768 2303 2048 1141 2270 2047
1024 2303 2048 1338 2263 2049
1280 2303 2048 1531 2260 2055
1536 2303 2048 1696 2268 2059
1792 2303 2048 1829 2291 2046
2048 2303 2048 2049 2294 2046
2303 2303 2048 2272 2298 2046
2559 2303 2048 2499 2303 2046
2815 2303 2048 2728 2308 2046
3071 2303 2048 2960 2314 2046
3327 2303 2048 3113 2354 2110
3583 2303 2048 3307 2383 2137
3839 2303 2048 3571 2381 2112
4095 2303 2048 3895 2344 2045
0 2559 2048 894 2528 2049
256 2559 2048 918 2529 2050
512 2559 2048 1026 2525 2054
768 2559 2048 1190 2519 2061
1024 2559 2048 1383 2512 2071
1280 2559 2048 1582 2506 2084
1536 2559 2048 1766 2507 2095
1792 2559 2048 1906 2524 2079
2048 2559 2048 2072 2542 2049
2303 2559 2048 2292 2546 2049
2559 2559 2048 2517 2550 2049
2815 2559 2048 2745 2554 2049
3071 2559 2048 2975 2559 2048
3327 2559 2048 3202 2567 2054
3583 2559 2048 3341 2610 2165
3839 2559 2048 3587 2615 2139
4095 2559 2048 3906 2586 2048
0 2815 2048 961 2778 2052
256 2815 2048 985 2779 2054
512 2815 2048 1086 2775 2060
768 2815 2048 1243 2770 2071
1024 2815 2048 1432 2762 2088
1280 2815 2048 1632 2755 2108
1536 2815 2048 1826 2751 2127
1792 2815 2048 1995 2758 2130
2048 2815 2048 2121 2783 2076
2303 2815 2048 2316 2794 2052
2559 2815 2048 2538 2798 2052
2815 2815 2048 2764 2802 2052
3071 2815 2048 2992 2806 2051
3327 2815 2048 3222 2811 2051
3583 2815 2048 3395 2835 2165
3839 2815 2048 3607 2851 2177
4095 2815 2048 3918 2830 2051
0 3071 2048 1033 3026 2056
256 3071 2048 1053 3030 2058
512 3071 2048 1147 3026 2066
768 3071 2048 1295 3021 2080
1024 3071 2048 1479 3013 2100
1280 3071 2048 1679 3005 2125
1536 3071 2048 1880 2999 2152
1792 3071 2048 2066 2999 2169
2048 3071 2048 2224 3011 2157
2303 3071 2048 2345 3041 2062
2559 3071 2048 2561 3046 2055
2815 3071 2048 2784 3050 2055
3071 3071 2048 3011 3053 2064
3327 3071 2048 3234 3058 2087
3583 3071 2048 3454 3066 2108
3839 3071 2048 3632 3088 2227
4095 3071 2048 3931 3075 2057
0 3327 2048 1101 3279 2060
256 3327 2048 1124 3280 2062
512 3327 2048 1211 3277 2071
768 3327 2048 1351 3272 2087
1024 3327 2048 1529 3264 2109
1280 3327 2048 1727 3256 2138
1536 3327 2048 1931 3249 2171
1792 3327 2048 2126 3245 2198
2048 3327 2048 2303 3249 2208
2303 3327 2048 2456 3264 2177
2559 3327 2048 2623 3281 2129
2815 3327 2048 2836 3285 2146
3071 3327 2048 3049 3291 2162
3327 3327 2048 3261 3299 2178
3583 3327 2048 3472 3308 2194
3839 3327 2048 3683 3320 2210
4095 3327 2048 3946 3322 2062
0 3583 2048 1176 3527 2064
256 3583 2048 1194 3531 2066
512 3583 2048 1276 3528 2076
768 3583 2048 1410 3523 2093
1024 3583 2048 1582 3516 2118
1280 3583 2048 1776 3508 2149
1536 3583 2048 1981 3499 2185
1792 3583 2048 2181 3494 2219
2048 3583 2048 2370 3493 2243
2303 3583 2048 2541 3500 2243
2559 3583 2048 2702 3515 2210
2815 3583 2048 2901 3520 2221
3071 3583 2048 3103 3527 2234
3327 3583 2048 3307 3536 2246
3583 3583 2048 3512 3546 2259
3839 3583 2048 3718 3558 2272
4095 3583 2048 3962 3569 2073
0 3839 2048 1249 3778 2068
256 3839 2048 1266 3782 2071
512 3839 2048 1343 3779 2081
768 3839 2048 1469 3774 2098
1024 3839 2048 1634 3768 2124
1280 3839 2048 1824 3760 2156
1536 3839 2048 2028 3751 2195
1792 3839 2048 2232 3744 2234
2048 3839 2048 2429 3740 2268
2303 3839 2048 2612 3742 2286
2559 3839 2048 2786 3750 2283
2815 3839 2048 2971 3757 2285
3071 3839 2048 3163 3765 2292
3327 3839 2048 3360 3774 2300
3583 3839 2048 3561 3784 2310
3839 3839 2048 3763 3796 2320
4095 3839 2048 3967 3808 2336
0 4095 2048 1338 4007 2072
256 4095 2048 1347 4013 2072
512 4095 2048 1384 4031 2074
768 4095 2048 1469 4034 2074
1024 4095 2048 1587 4034 2075
1280 4095 2048 1730 4035 2075
1536 4095 2048 1894 4037 2074
1792 4095 2048 2074 4038 2074
2048 4095 2048 2265 4040 2074
2303 4095 2048 2465 4042 2074
2559 4095 2048 2673 4044 2075
2815 4095 2048 2887 4047 2075
3071 4095 2048 3104 4050 2074
3327 4095 2048 3324 4053 2073
3583 4095 2048 3548 4057 2075
3839 4095 2048 3773 4060 2075
4095 4095 2048 3982 4045 2070
0 0 2303 523 397 2289
256 0 2303 557 395 2289
512 0 2303 683 399 2289
768 0 2303 860 407 2289
1024 0 2303 1064 419 2288
1280 0 2303 1281 433 2289
1536 0 2303 1506 451 2288
1792 0 2303 1735 471 2288
2048 0 2303 1967 493 2289
2303 0 2303 2199 519 2288
2559 0 2303 2435 546 2288
2815 0 2303 2671 574 2288
3071 0 2303 2907 605 2288
3327 0 2303 3145 635 2288
3583 0 2303 3382 667 2288
3839 0 2303 3620 701 2288
4095 0 2303 3844 760 2285
0 256 2303 521 456 2289
256 256 2303 575 462 2271
512 256 2303 713 479 2235
768 256 2303 876 486 2243
1024 256 2303 1069 496 2251
1280 256 2303 1280 508 2259
1536 256 2303 1501 524 2266
1792 256 2303 1728 542 2271
2048 256 2303 1960 561 2276
2303 256 2303 2192 584 2279
2559 256 2303 2427 608 2281
2815 256 2303 2663 633 2283
3071 256 2303 2900 660 2285
3327 256 2303 3138 688 2286
3583 256 2303 3376 718 2286
3839 256 2303 3614 748 2287
4095 256 2303 3849 782 2286
0 512 2303 539 622 2289
256 512 2303 585 624 2274
512 512 2303 738 640 2213
768 512 2303 918 670 2130
1024 512 2303 1087 683 2148
1280 512 2303 1280 696 2175
1536 512 2303 1490 710 2199
1792 512 2303 1710 725 2219
2048 512 2303 1938 742 2235
2303 512 2303 2169 760 2248
2559 512 2303 2403 779 2258
2815 512 2303 2640 799 2267
3071 512 2303 2877 821 2273
3327 512 2303 3116 844 2278
3583 512 2303 3355 867 2281
3839 512 2303 3594 893 2284
4095 512 2303 3859 867 2288
0 768 2303 561 834 2290
256 768 2303 607 834 2277
512 768 2303 756 842 2225
768 768 2303 938 860 2150
1024 768 2303 1116 886 2087
1280 768 2303 1292 906 2098
1536 768 2303 1486 924 2128
1792 768 2303 1694 942 2157
2048 768 2303 1913 961 2185
2303 768 2303 2139 978 2208
2559 768 2303 2370 997 2228
2815 768 2303 2605 1016 2244
3071 768 2303 2843 1035 2256
3327 768 2303 3081 1055 2267
3583 768 2303 3321 1075 2275
3839 768 2303 3562 1096 2281
4095 768 2303 3861 1022 2288
0 1024 2303 612 1069 2288
256 1024 2303 630 1063 2286
512 1024 2303 779 1067 2240
768 1024 2303 963 1076 2175
1024 1024 2303 1146 1092 2116
1280 1024 2303 1320 1107 2124
1536 1024 2303 1507 1127 2131
1792 1024 2303 1701 1153 2136
2048 1024 2303 1905 1177 2156
2303 1024 2303 2120 1200 2180
2559 1024 2303 2343 1222 2203
2815 1024 2303 2573 1243 2225
3071 1024 2303 2806 1263 2243
3327 1024 2303 3043 1283 2258
3583 1024 2303 3282 1303 2270
3839 1024 2303 3532 1312 2281
4095 1024 2303 3865 1212 2289
0 1280 2303 645 1305 2290
256 1280 2303 671 1302 2286
512 1280 2303 812 1302 2252
768 1280 2303 996 1305 2199
1024 1280 2303 1181 1314 2148
1280 1280 2303 1355 1327 2144
1536 1280 2303 1541 1316 2292
1792 1280 2303 1751 1338 2239
2048 1280 2303 1939 1376 2191
2303 1280 2303 2135 1407 2189
2559 1280 2303 2342 1436 2203
2815 1280 2303 2559 1462 2221
3071 1280 2303 2783 1487 2240
3327 1280 2303 3013 1510 2258
3583 1280 2303 3247 1533 2273
3839 1280 2303 3534 1507 2288
4095 1280 2303 3869 1421 2290
0 1536 2303 699 1548 2289
256 1536 2303 712 1545 2291
512 1536 2303 849 1543 2265
768 1536 2303 1032 1543 2224
1024 1536 2303 1221 1546 2184
1280 1536 2303 1398 1555 2170
1536 1536 2303 1562 1559 2271
1792 1536 2303 1780 1561 2293
2048 1536 2303 2005 1567 2293
2303 1536 2303 2213 1588 2269
2559 1536 2303 2391 1630 2240
2815 1536 2303 2585 1666 2242
3071 1536 2303 2791 1698 2254
3327 1536 2303 3007 1727 2270
3583 1536 2303 3252 1738 2287
3839 1536 2303 3542 1714 2296
4095 1536 2303 3875 1644 2292
0 1792 2303 761 1792 2289
256 1792 2303 761 1791 2294
512 1792 2303 888 1788 2277
768 1792 2303 1070 1785 2248
1024 1792 2303 1263 1784 2218
1280 1792 2303 1446 1789 2202
1536 1792 2303 1603 1799 2247
1792 1792 2303 1797 1804 2295
2048 1792 2303 2021 1809 2294
2303 1792 2303 2247 1814 2294
2559 1792 2303 2477 1820 2294
2815 1792 2303 2682 1843 2286
3071 1792 2303 2847 1892 2281
3327 1792 2303 3032 1935 2292
3583 1792 2303 3268 1949 2304
3839 1792 2303 3551 1933 2308
4095 1792 2303 3881 1875 2293
0 2048 2303 800 2037 2294
256 2048 2303 822 2037 2295
512 2048 2303 941 2034 2284
768 2048 2303 1115 2030 2268
1024 2048 2303 1309 2026 2249
1280 2048 2303 1497 2027 2237
1536 2048 2303 1658 2037 2251
1792 2048 2303 1818 2050 2296
2048 2048 2303 2039 2054 2296
2303 2048 2303 2263 2058 2296
2559 2048 2303 2491 2064 2296
2815 2048 2303 2721 2069 2296
3071 2048 2303 2909 2099 2299
3327 2048 2303 3066 2148 2315
3583 2048 2303 3287 2168 2326
3839 2048 2303 3562 2158 2322
4095 2048 2303 3890 2110 2295
0 2303 2303 875 2280 2293
256 2303 2303 876 2285 2298
512 2303 2303 988 2282 2294
768 2303 2303 1158 2277 2286
1024 2303 2303 1353 2271 2277
1280 2303 2303 1548 2268 2272
1536 2303 2303 1720 2273 2276
1792 2303 2303 1841 2295 2299
2048 2303 2303 2059 2299 2298
2303 2303 2303 2281 2303 2298
2559 2303 2303 2507 2308 2298
2815 2303 2303 2736 2313 2298
3071 2303 2303 2966 2319 2298
3327 2303 2303 3112 2364 2335
3583 2303 2303 3312 2391 2352
3839 2303 2303 3576 2388 2340
4095 2303 2303 3899 2349 2298
0 2559 2303 934 2528 2297
256 2559 2303 937 2534 2301
512 2559 2303 1042 2531 2301
768 2559 2303 1204 2525 2300
1024 2559 2303 1397 2519 2300
1280 2559 2303 1596 2513 2303
1536 2559 2303 1782 2513 2309
1792 2559 2303 1930 2527 2311
2048 2559 2303 2082 2546 2301
2303 2559 2303 2301 2550 2301
2559 2559 2303 2525 2554 2301
2815 2559 2303 2752 2559 2300
3071 2559 2303 2981 2564 2300
3327 2559 2303 3184 2580 2326
3583 2559 2303 3344 2617 2381
3839 2559 2303 3593 2621 2364
4095 2559 2303 3910 2591 2301
0 2815 2303 994 2777 2301
256 2815 2303 1005 2783 2304
512 2815 2303 1104 2780 2307
768 2815 2303 1259 2774 2312
1024 2815 2303 1446 2767 2319
1280 2815 2303 1645 2761 2330
1536 2815 2303 1839 2757 2341
1792 2815 2303 2009 2763 2347
2048 2815 2303 2129 2788 2316
2303 2815 2303 2324 2798 2303
2559 2815 2303 2546 2801 2303
2815 2815 2303 2771 2806 2303
3071 2815 2303 2998 2810 2303
3327 2815 2303 3227 2815 2303
3583 2815 2303 3390 2843 2399
3839 2815 2303 3612 2857 2396
4095 2815 2303 3922 2834 2304
0 3071 2303 1069 3021 2302
256 3071 2303 1072 3032 2306
512 3071 2303 1160 3031 2312
768 3071 2303 1308 3025 2320
1024 3071 2303 1491 3018 2333
1280 3071 2303 1692 3010 2350
1536 3071 2303 1892 3004 2369
1792 3071 2303 2077 3004 2383
2048 3071 2303 2231 3016 2374
2303 3071 2303 2350 3046 2307
2559 3071 2303 2568 3050 2306
2815 3071 2303 2791 3053 2306
3071 3071 2303 3017 3058 2306
3327 3071 2303 3244 3062 2306
3583 3071 2303 3474 3067 2306
3839 3071 2303 3636 3093 2438
4095 3071 2303 3935 3079 2308
0 3327 2303 1130 3276 2308
256 3327 2303 1140 3284 2311
512 3327 2303 1226 3281 2317
768 3327 2303 1366 3275 2329
1024 3327 2303 1543 3268 2345
1280 3327 2303 1740 3260 2367
1536 3327 2303 1943 3253 2392
1792 3327 2303 2136 3250 2413
2048 3327 2303 2311 3254 2421
2303 3327 2303 2455 3271 2391
2559 3327 2303 2593 3298 2310
2815 3327 2303 2814 3302 2310
3071 3327 2303 3037 3306 2310
3327 3327 2303 3263 3310 2309
3583 3327 2303 3491 3314 2309
3839 3327 2303 3675 3327 2469
4095 3327 2303 3951 3325 2312
0 3583 2303 1202 3522 2311
256 3583 2303 1208 3534 2314
512 3583 2303 1290 3531 2322
768 3583 2303 1423 3526 2335
1024 3583 2303 1595 3519 2355
1280 3583 2303 1789 3511 2380
1536 3583 2303 1992 3503 2409
1792 3583 2303 2190 3497 2437
2048 3583 2303 2377 3497 2457
2303 3583 2303 2544 3505 2454
2559 3583 2303 2684 3527 2400
2815 3583 2303 2844 3548 2325
3071 3583 2303 3071 3549 2346
3327 3583 2303 3293 3552 2366
3583 3583 2303 3512 3557 2386
3839 3583 2303 3729 3565 2404
4095 3583 2303 3966 3572 2321
0 3839 2303 1275 3770 2315
256 3839 2303 1279 3784 2318
512 3839 2303 1354 3782 2326
768 3839 2303 1481 3778 2341
1024 3839 2303 1647 3771 2362
1280 3839 2303 1837 3763 2390
1536 3839 2303 2039 3754 2422
1792 3839 2303 2241 3747 2455
2048 3839 2303 2437 3743 2484
2303 3839 2303 2617 3746 2498
2559 3839 2303 2788 3754 2496
2815 3839 2303 2969 3763 2492
3071 3839 2303 3155 3774 2481
3327 3839 2303 3349 3785 2469
3583 3839 2303 3554 3795 2468
3839 3839 2303 3763 3804 2483
4095 3839 2303 3967 3813 2548
0 4095 2303 1343 4026 2321
256 4095 2303 1356 4027 2321
512 4095 2303 1402 4030 2321
768 4095 2303 1484 4034 2322
1024 4095 2303 1599 4037 2322
1280 4095 2303 1741 4038 2322
1536 4095 2303 1905 4039 2323
1792 4095 2303 2083 4041 2323
2048 4095 2303 2275 4042 2323
2303 4095 2303 2473 4044 2322
2559 4095 2303 2680 4047 2322
2815 4095 2303 2893 4049 2323
3071 4095 2303 3110 4052 2324
3327 4095 2303 3330 4055 2323
3583 4095 2303 3553 4059 2324
3839 4095 2303 3778 4063 2324
4095 4095 2303 3985 4047 2317
0 0 2559 581 441 2543
256 0 2559 610 439 2544
512 0 2559 725 442 2543
768 0 2559 892 449 2544
1024 0 2559 1089 459 2543
1280 0 2559 1302 472 2543
1536 0 2559 1523 488 2543
1792 0 2559 1749 507 2543
2048 0 2559 1979 527 2543
2303 0 2559 2210 551 2543
2559 0 2559 2444 576 2543
2815 0 2559 2679 603 2543
3071 0 2559 2915 631 2543
3327 0 2559 3152 661 2543
3583 0 2559 3389 692 2543
3839 0 2559 3626 723 2542
4095 0 2559 3861 761 2541
0 256 2559 578 493 2544
256 256 2559 625 498 2528
512 256 2559 755 514 2494
768 256 2559 910 521 2500
1024 256 2559 1097 530 2506
1280 256 2559 1303 541 2513
1536 256 2559 1520 556 2519
1792 256 2559 1744 573 2524
2048 256 2559 1973 591 2529
2303 256 2559 2204 612 2532
2559 256 2559 2437 634 2534
2815 256 2559 2673 658 2536
3071 256 2559 2908 685 2538
3327 256 2559 3146 711 2539
3583 256 2559 3383 740 2540
3839 256 2559 3621 769 2541
4095 256 2559 3864 787 2542
0 512 2559 590 647 2544
256 512 2559 637 650 2529
512 512 2559 779 666 2473
768 512 2559 956 696 2393
1024 512 2559 1122 709 2402
1280 512 2559 1310 720 2425
1536 512 2559 1515 733 2447
1792 512 2559 1731 748 2466
2048 512 2559 1955 764 2483
2303 512 2559 2183 781 2496
2559 512 2559 2416 799 2506
2815 512 2559 2651 819 2515
3071 512 2559 2887 840 2522
3327 512 2559 3124 862 2527
3583 512 2559 3363 885 2531
3839 512 2559 3601 910 2535
4095 512 2559 3865 885 2542
0 768 2559 612 852 2544
256 768 2559 655 853 2532
512 768 2559 794 862 2483
768 768 2559 974 880 2408
1024 768 2559 1154 908 2332
1280 768 2559 1327 929 2332
1536 768 2559 1516 945 2363
1792 768 2559 1719 961 2394
2048 768 2559 1935 978 2422
2303 768 2559 2157 995 2446
2559 768 2559 2386 1013 2467
2815 768 2559 2619 1031 2484
3071 768 2559 2854 1049 2498
3327 768 2559 3092 1069 2509
3583 768 2559 3330 1089 2519
3839 768 2559 3569 1109 2526
4095 768 2559 3867 1036 2543
0 1024 2559 653 1080 2542
256 1024 2559 678 1077 2539
512 1024 2559 815 1082 2497
768 1024 2559 996 1092 2429
1024 1024 2559 1180 1110 2360
1280 1024 2559 1355 1131 2328
1536 1024 2559 1535 1150 2341
1792 1024 2559 1726 1173 2355
2048 1024 2559 1928 1195 2379
2303 1024 2559 2140 1216 2406
2559 1024 2559 2361 1236 2431
2815 1024 2559 2588 1256 2455
3071 1024 2559 2820 1276 2475
3327 1024 2559 3055 1295 2492
3583 1024 2559 3292 1315 2506
3839 1024 2559 3536 1328 2520
4095 1024 2559 3870 1223 2544
0 1280 2559 684 1314 2544
256 1280 2559 715 1313 2539
512 1280 2559 847 1314 2505
768 1280 2559 1026 1319 2449
1024 1280 2559 1212 1329 2389
1280 1280 2559 1389 1344 2356
1536 1280 2559 1565 1352 2406
1792 1280 2559 1762 1364 2429
2048 1280 2559 1953 1396 2400
2303 1280 2559 2150 1425 2403
2559 1280 2559 2357 1451 2420
2815 1280 2559 2573 1476 2441
3071 1280 2559 2797 1499 2463
3327 1280 2559 3025 1522 2482
3583 1280 2559 3258 1543 2500
3839 1280 2559 3540 1519 2525
4095 1280 2559 3875 1431 2545
0 1536 2559 737 1556 2542
256 1536 2559 753 1554 2545
512 1536 2559 880 1553 2517
768 1536 2559 1058 1554 2472
1024 1536 2559 1247 1559 2422
1280 1536 2559 1429 1568 2388
1536 1536 2559 1598 1578 2422
1792 1536 2559 1792 1580 2495
2048 1536 2559 2013 1581 2529
2303 1536 2559 2209 1611 2482
2559 1536 2559 2396 1649 2455
2815 1536 2559 2593 1682 2457
3071 1536 2559 2801 1712 2470
3327 1536 2559 3017 1740 2487
3583 1536 2559 3259 1751 2510
3839 1536 2559 3548 1725 2532
4095 1536 2559 3880 1652 2546
0 1792 2559 788 1799 2543
256 1792 2559 800 1798 2547
512 1792 2559 920 1797 2527
768 1792 2559 1093 1795 2495
1024 1792 2559 1287 1795 2453
1280 1792 2559 1472 1800 2424
1536 1792 2559 1641 1810 2436
1792 1792 2559 1811 1812 2548
2048 1792 2559 2032 1816 2548
2303 1792 2559 2257 1822 2548
2559 1792 2559 2486 1828 2548
2815 1792 2559 2671 1865 2515
3071 1792 2559 2851 1906 2503
3327 1792 2559 3040 1946 2507
3583 1792 2559 3275 1960 2526
3839 1792 2559 3557 1942 2542
4095 1792 2559 3887 1882 2547
0 2048 2559 832 2044 2548
256 2048 2559 857 2044 2547
512 2048 2559 971 2042 2534
768 2048 2559 1138 2038 2510
1024 2048 2559 1329 2036 2483
1280 2048 2559 1519 2037 2459
1536 2048 2559 1691 2044 2459
1792 2048 2559 1835 2056 2543
2048 2048 2559 2050 2060 2550
2303 2048 2559 2273 2065 2550
2559 2048 2559 2500 2070 2550
2815 2048 2559 2729 2076 2550
3071 2048 2559 2915 2108 2535
3327 2048 2559 3073 2158 2532
3583 2048 2559 3294 2178 2546
3839 2048 2559 3569 2166 2555
4095 2048 2559 3896 2116 2549
0 2303 2559 903 2287 2545
256 2303 2559 906 2291 2552
512 2303 2559 1015 2288 2543
768 2303 2559 1179 2284 2529
1024 2303 2559 1370 2279 2510
1280 2303 2559 1566 2277 2494
1536 2303 2559 1745 2281 2490
1792 2303 2559 1892 2294 2521
2048 2303 2559 2071 2305 2552
2303 2303 2559 2291 2309 2552
2559 2303 2559 2516 2313 2552
2815 2303 2559 2744 2318 2552
3071 2303 2559 2974 2324 2551
3327 2303 2559 3117 2374 2557
3583 2303 2559 3318 2399 2569
3839 2303 2559 3582 2395 2570
4095 2303 2559 3905 2354 2551
0 2559 2559 957 2535 2550
256 2559 2559 969 2539 2554
512 2559 2559 1071 2536 2550
768 2559 2559 1227 2531 2542
1024 2559 2559 1415 2526 2534
1280 2559 2559 1612 2521 2527
1536 2559 2559 1800 2521 2524
1792 2559 2559 1960 2530 2533
2048 2559 2559 2094 2551 2554
2303 2559 2559 2311 2555 2554
2559 2559 2559 2534 2559 2554
2815 2559 2559 2760 2564 2554
3071 2559 2559 2989 2569 2553
3327 2559 2559 3180 2590 2569
3583 2559 2559 3349 2625 2597
3839 2559 2559 3599 2628 2591
4095 2559 2559 3915 2595 2553
0 2815 2559 1021 2782 2552
256 2815 2559 1032 2788 2557
512 2815 2559 1128 2785 2556
768 2815 2559 1279 2780 2554
1024 2815 2559 1464 2773 2554
1280 2815 2559 1661 2767 2554
1536 2815 2559 1854 2764 2558
1792 2815 2559 2028 2769 2563
2048 2815 2559 2156 2789 2562
2303 2815 2559 2334 2802 2556
2559 2815 2559 2555 2806 2556
2815 2815 2559 2779 2810 2556
3071 2815 2559 3005 2815 2556
3327 2815 2559 3234 2820 2556
3583 2815 2559 3391 2852 2621
3839 2815 2559 3617 2863 2618
4095 2815 2559 3928 2838 2556
0 3071 2559 1089 3028 2554
256 3071 2559 1094 3038 2559
512 3071 2559 1185 3035 2561
768 3071 2559 1329 3030 2564
1024 3071 2559 1509 3023 2570
1280 3071 2559 1707 3016 2578
1536 3071 2559 1906 3010 2588
1792 3071 2559 2091 3010 2598
2048 3071 2559 2246 3021 2597
2303 3071 2559 2359 3050 2559
2559 3071 2559 2577 3054 2559
2815 3071 2559 2799 3057 2559
3071 3071 2559 3024 3062 2559
3327 3071 2559 3251 3066 2558
3583 3071 2559 3466 3075 2584
3839 3071 2559 3641 3099 2654
4095 3071 2559 3941 3083 2560
0 3327 2559 1151 3282 2560
256 3327 2559 1165 3287 2563
512 3327 2559 1249 3284 2567
768 3327 2559 1386 3279 2573
1024 3327 2559 1561 3273 2584
1280 3327 2559 1755 3265 2597
1536 3327 2559 1955 3258 2613
1792 3327 2559 2148 3255 2629
2048 3327 2559 2322 3259 2637
2303 3327 2559 2461 3277 2615
2559 3327 2559 2602 3302 2562
2815 3327 2559 2821 3305 2562
3071 3327 2559 3044 3309 2562
3327 3327 2559 3270 3313 2561
3583 3327 2559 3497 3318 2561
3839 3327 2559 3675 3333 2693
4095 3327 2559 3956 3329 2563
0 3583 2559 1225 3525 2560
256 3583 2559 1230 3538 2566
512 3583 2559 1310 3535 2571
768 3583 2559 1442 3530 2581
1024 3583 2559 1611 3523 2595
1280 3583 2559 1803 3515 2613
1536 3583 2559 2003 3508 2634
1792 3583 2559 2201 3502 2655
2048 3583 2559 2388 3502 2672
2303 3583 2559 2550 3510 2670
2559 3583 2559 2681 3534 2619
2815 3583 2559 2846 3554 2565
3071 3583 2559 3067 3557 2565
3327 3583 2559 3290 3561 2565
3583 3583 2559 3516 3565 2565
3839 3583 2559 3744 3570 2564
4095 3583 2559 3972 3575 2571
0 3839 2559 1292 3778 2566
256 3839 2559 1300 3788 2570
512 3839 2559 1375 3785 2576
768 3839 2559 1501 3780 2587
1024 3839 2559 1664 3774 2604
1280 3839 2559 1851 3766 2625
1536 3839 2559 2050 3758 2649
1792 3839 2559 2251 3751 2676
2048 3839 2559 2446 3748 2700
2303 3839 2559 2624 3750 2712
2559 3839 2559 2793 3759 2709
2815 3839 2559 2971 3769 2705
3071 3839 2559 3155 3781 2693
3327 3839 2559 3341 3796 2655
3583 3839 2559 3537 3814 2568
3839 3839 2559 3763 3817 2580
4095 3839 2559 3986 3821 2613
0 4095 2559 1371 4014 2566
256 4095 2559 1383 4016 2566
512 4095 2559 1427 4022 2568
768 4095 2559 1504 4031 2570
1024 4095 2559 1614 4039 2573
1280 4095 2559 1756 4041 2573
1536 4095 2559 1918 4042 2573
1792 4095 2559 2095 4043 2573
2048 4095 2559 2285 4045 2573
2303 4095 2559 2483 4047 2574
2559 4095 2559 2689 4050 2573
2815 4095 2559 2900 4052 2572
3071 4095 2559 3117 4055 2573
3327 4095 2559 3336 4058 2573
3583 4095 2559 3559 4062 2573
3839 4095 2559 3784 4066 2574
4095 4095 2559 4006 4066 2570
0 0 2815 639 486 2796
256 0 2815 663 482 2798
512 0 2815 769 486 2798
768 0 2815 927 492 2798
1024 0 2815 1117 501 2798
1280 0 2815 1324 512 2798
1536 0 2815 1541 527 2798
1792 0 2815 1765 544 2797
2048 0 2815 1993 563 2798
2303 0 2815 2222 585 2798
2559 0 2815 2455 608 2798
2815 0 2815 2689 633 2798
3071 0 2815 2924 660 2797
3327 0 2815 3160 688 2797
3583 0 2815 3396 717 2797
3839 0 2815 3633 748 2797
4095 0 2815 3852 810 2789
0 256 2815 636 532 2798
256 256 2815 677 536 2785
512 256 2815 799 551 2753
768 256 2815 946 557 2757
1024 256 2815 1127 565 2763
1280 256 2815 1328 576 2768
1536 256 2815 1541 589 2773
1792 256 2815 1762 605 2778
2048 256 2815 1988 622 2782
2303 256 2815 2217 642 2785
2559 256 2815 2449 663 2788
2815 256 2815 2683 686 2790
3071 256 2815 2918 711 2791
3327 256 2815 3154 736 2793
3583 256 2815 3390 764 2794
3839 256 2815 3628 792 2794
4095 256 2815 3861 823 2793
0 512 2815 646 676 2798
256 512 2815 687 679 2785
512 512 2815 821 694 2733
768 512 2815 995 722 2656
1024 512 2815 1158 735 2658
1280 512 2815 1340 746 2679
1536 512 2815 1541 758 2698
1792 512 2815 1753 772 2716
2048 512 2815 1974 787 2732
2303 512 2815 2200 803 2745
2559 512 2815 2430 821 2755
2815 512 2815 2663 840 2764
3071 512 2815 2898 860 2771
3327 512 2815 3134 882 2777
3583 512 2815 3371 904 2782
3839 512 2815 3609 928 2786
4095 512 2815 3871 904 2797
0 768 2815 664 872 2799
256 768 2815 705 874 2787
512 768 2815 836 883 2741
768 768 2815 1010 901 2668
1024 768 2815 1192 930 2586
1280 768 2815 1364 952 2573
1536 768 2815 1547 966 2604
1792 768 2815 1747 981 2634
2048 768 2815 1958 997 2662
2303 768 2815 2177 1013 2687
2559 768 2815 2403 1030 2708
2815 768 2815 2634 1048 2726
3071 768 2815 2867 1066 2741
3327 768 2815 3103 1084 2753
3583 768 2815 3340 1104 2763
3839 768 2815 3579 1124 2772
4095 768 2815 3874 1052 2797
0 1024 2815 701 1095 2796
256 1024 2815 727 1093 2792
512 1024 2815 856 1098 2751
768 1024 2815 1030 1109 2686
1024 1024 2815 1215 1128 2610
1280 1024 2815 1393 1152 2556
1536 1024 2815 1567 1173 2557
1792 1024 2815 1754 1193 2578
2048 1024 2815 1953 1213 2606
2303 1024 2815 2162 1232 2635
2559 1024 2815 2381 1252 2662
2815 1024 2815 2605 1271 2687
3071 1024 2815 2835 1290 2709
3327 1024 2815 3068 1308 2728
3583 1024 2815 3304 1327 2743
3839 1024 2815 3543 1345 2758
4095 1024 2815 3877 1236 2798
0 1280 2815 734 1327 2797
256 1280 2815 760 1325 2794
512 1280 2815 886 1328 2758
768 1280 2815 1058 1333 2702
1024 1280 2815 1244 1344 2637
1280 1280 2815 1424 1361 2586
1536 1280 2815 1598 1378 2584
1792 1280 2815 1781 1395 2598
2048 1280 2815 1973 1417 2610
2303 1280 2815 2170 1443 2619
2559 1280 2815 2376 1467 2640
2815 1280 2815 2591 1491 2663
3071 1280 2815 2812 1513 2687
3327 1280 2815 3039 1534 2709
3583 1280 2815 3271 1555 2729
3839 1280 2815 3547 1533 2762
4095 1280 2815 3881 1442 2799
0 1536 2815 776 1565 2797
256 1536 2815 798 1564 2797
512 1536 2815 918 1564 2768
768 1536 2815 1088 1566 2723
1024 1536 2815 1276 1572 2666
1280 1536 2815 1459 1583 2619
1536 1536 2815 1633 1596 2613
1792 1536 2815 1814 1609 2635
2048 1536 2815 2007 1624 2653
2303 1536 2815 2210 1638 2675
2559 1536 2815 2406 1668 2667
2815 1536 2815 2605 1698 2672
3071 1536 2815 2813 1726 2687
3327 1536 2815 3029 1753 2706
3583 1536 2815 3267 1765 2732
3839 1536 2815 3555 1737 2768
4095 1536 2815 3887 1661 2800
0 1792 2815 828 1807 2796
256 1792 2815 840 1807 2801
512 1792 2815 956 1806 2777
768 1792 2815 1123 1805 2741
1024 1792 2815 1311 1807 2696
1280 1792 2815 1499 1813 2653
1536 1792 2815 1674 1823 2641
1792 1792 2815 1847 1832 2684
2048 1792 2815 2041 1842 2705
2303 1792 2815 2249 1851 2730
2559 1792 2815 2474 1854 2761
2815 1792 2815 2668 1885 2734
3071 1792 2815 2855 1923 2720
3327 1792 2815 3050 1959 2723
3583 1792 2815 3282 1973 2747
3839 1792 2815 3564 1952 2777
4095 1792 2815 3894 1889 2801
0 2048 2815 866 2051 2803
256 2048 2815 895 2051 2800
512 2048 2815 1004 2050 2783
768 2048 2815 1165 2047 2756
1024 2048 2815 1352 2046 2721
1280 2048 2815 1542 2048 2688
1536 2048 2815 1721 2055 2672
1792 2048 2815 1882 2065 2714
2048 2048 2815 2067 2070 2778
2303 2048 2815 2285 2072 2804
2559 2048 2815 2510 2077 2804
2815 2048 2815 2739 2083 2804
3071 2048 2815 2931 2113 2776
3327 2048 2815 3083 2170 2749
3583 2048 2815 3302 2189 2765
3839 2048 2815 3576 2175 2788
4095 2048 2815 3902 2123 2803
0 2303 2815 932 2294 2799
256 2303 2815 944 2297 2805
512 2303 2815 1048 2295 2792
768 2303 2815 1206 2291 2772
1024 2303 2815 1391 2288 2748
1280 2303 2815 1585 2287 2722
1536 2303 2815 1770 2290 2707
1792 2303 2815 1933 2300 2724
2048 2303 2815 2084 2311 2805
2303 2303 2815 2302 2315 2805
2559 2303 2815 2526 2319 2805
2815 2303 2815 2753 2325 2805
3071 2303 2815 2982 2330 2805
3327 2303 2815 3126 2383 2777
3583 2303 2815 3326 2409 2786
3839 2303 2815 3589 2403 2801
4095 2303 2815 3911 2360 2804
0 2559 2815 990 2541 2801
256 2559 2815 1001 2545 2807
512 2559 2815 1100 2542 2799
768 2559 2815 1253 2538 2786
1024 2559 2815 1436 2533 2770
1280 2559 2815 1630 2530 2754
1536 2559 2815 1820 2530 2743
1792 2559 2815 1990 2536 2747
2048 2559 2815 2121 2554 2795
2303 2559 2815 2323 2560 2807
2559 2559 2815 2544 2565 2807
2815 2559 2815 2769 2569 2807
3071 2559 2815 2997 2574 2807
3327 2559 2815 3185 2599 2803
3583 2559 2815 3356 2634 2812
3839 2559 2815 3605 2635 2819
4095 2559 2815 3922 2601 2807
0 2815 2815 1046 2790 2806
256 2815 2815 1064 2793 2809
512 2815 2815 1157 2790 2805
768 2815 2815 1303 2786 2798
1024 2815 2815 1483 2780 2790
1280 2815 2815 1678 2775 2782
1536 2815 2815 1871 2772 2777
1792 2815 2815 2049 2775 2779
2048 2815 2815 2194 2790 2793
2303 2815 2815 2346 2807 2809
2559 2815 2815 2565 2811 2809
2815 2815 2815 2788 2815 2809
3071 2815 2815 3014 2820 2809
3327 2815 2815 3242 2825 2809
3583 2815 2815 3396 2860 2839
3839 2815 2815 3624 2870 2842
4095 2815 2815 3934 2843 2809
0 3071 2815 1114 3035 2806
256 3071 2815 1124 3042 2812
512 3071 2815 1211 3039 2811
768 3071 2815 1352 3035 2809
1024 3071 2815 1529 3029 2808
1280 3071 2815 1723 3022 2807
1536 3071 2815 1920 3017 2808
1792 3071 2815 2107 3017 2813
2048 3071 2815 2268 3026 2818
2303 3071 2815 2374 3054 2812
2559 3071 2815 2587 3058 2812
2815 3071 2815 2808 3062 2812
3071 3071 2815 3032 3066 2812
3327 3071 2815 3259 3071 2811
3583 3071 2815 3459 3084 2842
3839 3071 2815 3648 3105 2872
4095 3071 2815 3947 3087 2812
0 3327 2815 1178 3285 2810
256 3327 2815 1190 3291 2815
512 3327 2815 1272 3289 2816
768 3327 2815 1406 3284 2818
1024 3327 2815 1577 3278 2822
1280 3327 2815 1768 3271 2828
1536 3327 2815 1968 3265 2836
1792 3327 2815 2161 3261 2845
2048 3327 2815 2338 3265 2852
2303 3327 2815 2477 3281 2845
2559 3327 2815 2612 3306 2814
2815 3327 2815 2830 3310 2814
3071 3327 2815 3053 3313 2814
3327 3327 2815 3277 3317 2814
3583 3327 2815 3504 3322 2814
3839 3327 2815 3680 3340 2909
4095 3327 2815 3962 3333 2815
0 3583 2815 1244 3535 2814
256 3583 2815 1257 3541 2818
512 3583 2815 1334 3538 2821
768 3583 2815 1462 3534 2826
1024 3583 2815 1628 3528 2834
1280 3583 2815 1817 3520 2845
1536 3583 2815 2016 3513 2859
1792 3583 2815 2214 3508 2874
2048 3583 2815 2400 3507 2886
2303 3583 2815 2563 3516 2887
2559 3583 2815 2685 3541 2850
2815 3583 2815 2855 3558 2817
3071 3583 2815 3075 3561 2817
3327 3583 2815 3298 3565 2817
3583 3583 2815 3523 3569 2817
3839 3583 2815 3751 3574 2817
4095 3583 2815 3978 3579 2820
0 3839 2815 1314 3782 2816
256 3839 2815 1324 3791 2821
512 3839 2815 1396 3789 2825
768 3839 2815 1519 3784 2833
1024 3839 2815 1678 3778 2844
1280 3839 2815 1864 3771 2859
1536 3839 2815 2062 3763 2877
1792 3839 2815 2263 3756 2897
2048 3839 2815 2458 3753 2916
2303 3839 2815 2634 3756 2927
2559 3839 2815 2797 3766 2923
2815 3839 2815 2974 3776 2919
3071 3839 2815 3155 3788 2906
3327 3839 2815 3338 3805 2864
3583 3839 2815 3543 3817 2820
3839 3839 2815 3769 3821 2820
4095 3839 2815 3995 3826 2831
0 4095 2815 1396 4012 2811
256 4095 2815 1406 4017 2814
512 4095 2815 1442 4033 2821
768 4095 2815 1520 4042 2825
1024 4095 2815 1634 4043 2825
1280 4095 2815 1773 4044 2825
1536 4095 2815 1931 4045 2824
1792 4095 2815 2108 4046 2825
2048 4095 2815 2296 4048 2824
2303 4095 2815 2493 4050 2825
2559 4095 2815 2699 4053 2825
2815 4095 2815 2910 4055 2825
3071 4095 2815 3125 4058 2825
3327 4095 2815 3343 4062 2824
3583 4095 2815 3566 4065 2825
3839 4095 2815 3790 4069 2825
4095 4095 2815 4008 4066 2820
0 0 3071 697 530 3050
256 0 3071 717 526 3053
512 0 3071 815 529 3052
768 0 3071 965 535 3052
1024 0 3071 1147 543 3052
1280 0 3071 1349 553 3052
1536 0 3071 1562 567 3052
1792 0 3071 1782 582 3052
2048 0 3071 2008 600 3052
2303 0 3071 2235 621 3052
2559 0 3071 2467 642 3052
2815 0 3071 2699 666 3052
3071 0 3071 2933 692 3052
3327 0 3071 3168 718 3052
3583 0 3071 3404 746 3052
3839 0 3071 3640 775 3052
4095 0 3071 3859 834 3041
0 256 3071 694 572 3052
256 256 3071 729 575 3041
512 256 3071 844 589 3011
768 256 3071 984 594 3015
1024 256 3071 1158 602 3019
1280 256 3071 1354 612 3023
1536 256 3071 1563 624 3028
1792 256 3071 1781 639 3032
2048 256 3071 2005 655 3036
2303 256 3071 2231 674 3038
2559 256 3071 2461 694 3041
2815 256 3071 2694 715 3043
3071 256 3071 2928 739 3045
3327 256 3071 3163 764 3046
3583 256 3071 3399 790 3047
3839 256 3071 3635 818 3048
4095 256 3071 3866 851 3044
0 512 3071 701 705 3053
256 512 3071 740 709 3040
512 512 3071 865 724 2992
768 512 3071 1034 751 2920
1024 512 3071 1194 764 2916
1280 512 3071 1372 773 2934
1536 512 3071 1568 785 2951
1792 512 3071 1777 798 2967
2048 512 3071 1994 812 2982
2303 512 3071 2217 828 2995
2559 512 3071 2445 845 3005
2815 512 3071 2677 863 3014
3071 512 3071 2910 883 3021
3327 512 3071 3145 904 3027
3583 512 3071 3381 926 3033
3839 512 3071 3617 949 3036
4095 512 3071 3878 927 3051
0 768 3071 717 894 3053
256 768 3071 756 896 3042
512 768 3071 879 905 2998
768 768 3071 1048 924 2928
1024 768 3071 1230 952 2845
1280 768 3071 1401 976 2820
1536 768 3071 1580 989 2849
1792 768 3071 1775 1003 2878
2048 768 3071 1983 1017 2906
2303 768 3071 2199 1033 2930
2559 768 3071 2422 1049 2951
2815 768 3071 2650 1066 2970
3071 768 3071 2882 1083 2985
3327 768 3071 3116 1102 2998
3583 768 3071 3352 1121 3009
3839 768 3071 3589 1141 3018
4095 768 3071 3880 1071 3052
0 1024 3071 752 1112 3050
256 1024 3071 775 1110 3048
512 1024 3071 897 1116 3008
768 1024 3071 1067 1127 2943
1024 1024 3071 1251 1147 2866
1280 1024 3071 1430 1173 2798
1536 1024 3071 1603 1194 2792
1792 1024 3071 1785 1214 2807
2048 1024 3071 1981 1232 2837
2303 1024 3071 2187 1250 2867
2559 1024 3071 2402 1268 2896
2815 1024 3071 2624 1287 2922
3071 1024 3071 2852 1305 2945
3327 1024 3071 3083 1323 2965
3583 1024 3071 3317 1341 2982
3839 1024 3071 3555 1358 2997
4095 1024 3071 3883 1252 3052
0 1280 3071 780 1340 3052
256 1280 3071 807 1339 3048
512 1280 3071 924 1342 3014
768 1280 3071 1092 1348 2957
1024 1280 3071 1276 1360 2889
1280 1280 3071 1458 1378 2827
1536 1280 3071 1632 1397 2808
1792 1280 3071 1811 1415 2816
2048 1280 3071 1999 1437 2825
2303 1280 3071 2193 1462 2838
2559 1280 3071 2397 1484 2862
2815 1280 3071 2610 1506 2887
3071 1280 3071 2830 1527 2913
3327 1280 3071 3055 1548 2937
3583 1280 3071 3285 1568 2958
3839 1280 3071 3555 1550 2998
4095 1280 3071 3887 1455 3053
0 1536 3071 824 1576 3049
256 1536 3071 840 1575 3052
512 1536 3071 955 1576 3023
768 1536 3071 1121 1579 2974
1024 1536 3071 1305 1586 2916
1280 1536 3071 1491 1597 2858
1536 1536 3071 1667 1613 2829
1792 1536 3071 1843 1628 2837
2048 1536 3071 2028 1646 2847
2303 1536 3071 2220 1666 2859
2559 1536 3071 2419 1689 2874
2815 1536 3071 2621 1715 2887
3071 1536 3071 2829 1741 2904
3327 1536 3071 3044 1766 2925
3583 1536 3071 3276 1782 2953
3839 1536 3071 3562 1751 3004
4095 1536 3071 3893 1672 3054
0 1792 3071 874 1816 3047
256 1792 3071 879 1816 3056
512 1792 3071 989 1816 3033
768 1792 3071 1153 1816 2991
1024 1792 3071 1339 1819 2941
1280 1792 3071 1527 1826 2891
1536 1792 3071 1706 1837 2859
1792 1792 3071 1880 1849 2865
2048 1792 3071 2063 1864 2876
2303 1792 3071 2253 1881 2889
2559 1792 3071 2452 1899 2905
2815 1792 3071 2658 1917 2924
3071 1792 3071 2863 1941 2934
3327 1792 3071 3062 1973 2939
3583 1792 3071 3291 1987 2967
3839 1792 3071 3571 1965 3011
4095 1792 3071 3900 1899 3055
0 2048 3071 908 2059 3056
256 2048 3071 933 2059 3054
512 2048 3071 1036 2058 3036
768 2048 3071 1193 2057 3004
1024 2048 3071 1378 2057 2963
1280 2048 3071 1567 2060 2922
1536 2048 3071 1749 2067 2893
1792 2048 3071 1920 2077 2901
2048 2048 3071 2101 2089 2914
2303 2048 3071 2290 2102 2929
2559 2048 3071 2490 2115 2947
2815 2048 3071 2701 2127 2969
3071 2048 3071 2926 2134 2997
3327 2048 3071 3095 2181 2966
3583 2048 3071 3311 2201 2983
3839 2048 3071 3583 2187 3020
4095 2048 3071 3908 2131 3056
0 2303 3071 976 2300 3047
256 2303 3071 978 2304 3059
512 2303 3071 1076 2303 3046
768 2303 3071 1231 2300 3021
1024 2303 3071 1416 2298 2988
1280 2303 3071 1607 2297 2955
1536 2303 3071 1794 2301 2929
1792 2303 3071 1966 2309 2930
2048 2303 3071 2134 2319 2964
2303 2303 3071 2325 2329 2983
2559 2303 3071 2530 2337 3005
2815 2303 3071 2752 2340 3035
3071 2303 3071 2991 2337 3059
3327 2303 3071 3139 2392 2999
3583 2303 3071 3335 2421 3003
3839 2303 3071 3596 2413 3032
4095 2303 3071 3917 2367 3058
0 2559 3071 1027 2546 3052
256 2559 3071 1033 2551 3061
512 2559 3071 1127 2549 3051
768 2559 3071 1275 2546 3034
1024 2559 3071 1456 2542 3011
1280 2559 3071 1651 2539 2985
1536 2559 3071 1841 2539 2965
1792 2559 3071 2018 2545 2960
2048 2559 3071 2171 2557 2995
2303 2559 3071 2335 2567 3061
2559 2559 3071 2556 2571 3061
2815 2559 3071 2780 2575 3061
3071 2559 3071 3006 2580 3061
3327 2559 3071 3198 2605 3038
3583 2559 3071 3365 2644 3028
3839 2559 3071 3612 2644 3047
4095 2559 3071 3928 2607 3060
0 2815 3071 1083 2793 3056
256 2815 3071 1093 2799 3063
512 2815 3071 1183 2796 3056
768 2815 3071 1326 2792 3045
1024 2815 3071 1503 2788 3029
1280 2815 3071 1696 2783 3013
1536 2815 3071 1889 2781 2999
1792 2815 3071 2072 2783 2994
2048 2815 3071 2230 2794 3008
2303 2815 3071 2358 2813 3063
2559 2815 3071 2576 2816 3063
2815 2815 3071 2798 2821 3063
3071 2815 3071 3023 2825 3063
3327 2815 3071 3250 2830 3062
3583 2815 3071 3405 2869 3056
3839 2815 3071 3631 2878 3066
4095 2815 3071 3940 2849 3062
0 3071 3071 1152 3035 3052
256 3071 3071 1156 3043 3061
512 3071 3071 1233 3045 3062
768 3071 3071 1371 3041 3056
1024 3071 3071 1546 3036 3048
1280 3071 3071 1739 3030 3039
1536 3071 3071 1936 3025 3032
1792 3071 3071 2125 3025 3029
2048 3071 3071 2293 3031 3035
2303 3071 3071 2421 3051 3055
2559 3071 3071 2598 3063 3065
2815 3071 3071 2818 3067 3065
3071 3071 3071 3041 3071 3065
3327 3071 3071 3267 3076 3065
3583 3071 3071 3462 3093 3077
3839 3071 3071 3655 3113 3092
4095 3071 3071 3953 3093 3065
0 3327 3071 1207 3289 3062
256 3327 3071 1216 3296 3068
512 3327 3071 1296 3294 3066
768 3327 3071 1427 3289 3064
1024 3327 3071 1595 3284 3062
1280 3327 3071 1785 3277 3061
1536 3327 3071 1982 3272 3060
1792 3327 3071 2177 3268 3063
2048 3327 3071 2356 3271 3067
2303 3327 3071 2504 3284 3072
2559 3327 3071 2623 3311 3067
2815 3327 3071 2840 3314 3067
3071 3327 3071 3062 3318 3067
3327 3327 3071 3286 3322 3067
3583 3327 3071 3512 3327 3067
3839 3327 3071 3687 3348 3124
4095 3327 3071 3968 3337 3068
0 3583 3071 1277 3532 3060
256 3583 3071 1280 3545 3070
512 3583 3071 1355 3543 3071
768 3583 3071 1481 3539 3072
1024 3583 3071 1645 3533 3075
1280 3583 3071 1833 3526 3079
1536 3583 3071 2031 3519 3085
1792 3583 3071 2228 3514 3093
2048 3583 3071 2415 3513 3101
2303 3583 3071 2579 3521 3106
2559 3583 3071 2705 3543 3091
2815 3583 3071 2865 3562 3070
3071 3583 3071 3084 3565 3070
3327 3583 3071 3306 3569 3070
3583 3583 3071 3531 3573 3069
3839 3583 3071 3745 3579 3108
4095 3583 3071 3984 3583 3073
0 3839 3071 1343 3780 3064
256 3839 3071 1348 3792 3071
512 3839 3071 1416 3793 3075
768 3839 3071 1536 3789 3079
1024 3839 3071 1695 3783 3086
1280 3839 3071 1879 3776 3094
1536 3839 3071 2076 3768 3106
1792 3839 3071 2277 3762 3119
2048 3839 3071 2471 3758 3132
2303 3839 3071 2648 3761 3141
2559 3839 3071 2808 3771 3140
2815 3839 3071 2978 3783 3136
3071 3839 3071 3154 3797 3122
3327 3839 3071 3330 3816 3075
3583 3839 3071 3551 3821 3072
3839 3839 3071 3776 3825 3072
4095 3839 3071 4002 3830 3081
0 4095 3071 1409 4032 3069
256 4095 3071 1421 4033 3070
512 4095 3071 1465 4036 3071
768 4095 3071 1542 4040 3073
1024 4095 3071 1651 4045 3075
1280 4095 3071 1789 4048 3076
1536 4095 3071 1948 4049 3077
1792 4095 3071 2121 4050 3076
2048 4095 3071 2309 4052 3076
2303 4095 3071 2504 4054 3076
2559 4095 3071 2709 4056 3076
2815 4095 3071 2919 4059 3076
3071 4095 3071 3134 4062 3077
3327 4095 3071 3352 4065 3076
3583 4095 3071 3573 4069 3077
3839 4095 3071 3797 4073 3077
4095 4095 3071 4016 4071 3072
0 0 3327 754 574 3303
256 0 3327 772 570 3307
512 0 3327 862 572 3307
768 0 3327 1004 577 3307
1024 0 3327 1179 585 3307
1280 0 3327 1375 595 3307
1536 0 3327 1584 607 3307
1792 0 3327 1802 621 3307
2048 0 3327 2025 638 3307
2303 0 3327 2250 657 3306
2559 0 3327 2480 677 3307
2815 0 3327 2711 699 3307
3071 0 3327 2944 723 3306
3327 0 3327 3178 748 3307
3583 0 3327 3413 775 3306
3839 0 3327 3648 803 3306
4095 0 3327 3870 854 3296
0 256 3327 752 612 3306
256 256 3327 782 614 3298
512 256 3327 890 627 3269
768 256 3327 1023 632 3272
1024 256 3327 1191 639 3275
1280 256 3327 1382 648 3279
1536 256 3327 1587 660 3283
1792 256 3327 1801 673 3286
2048 256 3327 2022 689 3290
2303 256 3327 2247 706 3292
2559 256 3327 2475 725 3295
2815 256 3327 2706 746 3297
3071 256 3327 2939 769 3299
3327 256 3327 3173 792 3300
3583 256 3327 3408 817 3301
3839 256 3327 3644 844 3302
4095 256 3327 3874 875 3298
0 512 3327 756 736 3307
256 512 3327 794 740 3295
512 512 3327 910 754 3252
768 512 3327 1073 780 3183
1024 512 3327 1230 793 3175
1280 512 3327 1404 802 3190
1536 512 3327 1596 813 3205
1792 512 3327 1801 825 3220
2048 512 3327 2016 838 3234
2303 512 3327 2236 854 3246
2559 512 3327 2462 870 3256
2815 512 3327 2691 888 3265
3071 512 3327 2923 907 3272
3327 512 3327 3156 927 3278
3583 512 3327 3391 949 3284
3839 512 3327 3627 971 3288
4095 512 3327 3886 947 3306
0 768 3327 771 918 3308
256 768 3327 808 920 3296
512 768 3327 922 929 3257
768 768 3327 1087 948 3189
1024 768 3327 1268 976 3106
1280 768 3327 1439 1000 3072
1536 768 3327 1614 1012 3098
1792 768 3327 1805 1025 3126
2048 768 3327 2009 1039 3152
2303 768 3327 2222 1054 3175
2559 768 3327 2442 1069 3196
2815 768 3327 2668 1085 3215
3071 768 3327 2897 1103 3230
3327 768 3327 3130 1121 3244
3583 768 3327 3364 1139 3255
3839 768 3327 3600 1159 3265
4095 768 3327 3888 1089 3306
0 1024 3327 800 1129 3306
256 1024 3327 827 1129 3300
512 1024 3327 940 1135 3264
768 1024 3327 1104 1147 3202
1024 1024 3327 1286 1166 3124
1280 1024 3327 1465 1191 3061
1536 1024 3327 1636 1208 3062
1792 1024 3327 1819 1228 3066
2048 1024 3327 2011 1251 3076
2303 1024 3327 2213 1269 3103
2559 1024 3327 2426 1286 3132
2815 1024 3327 2645 1304 3159
3071 1024 3327 2870 1321 3183
3327 1024 3327 3099 1339 3203
3583 1024 3327 3331 1357 3221
3839 1024 3327 3566 1374 3237
4095 1024 3327 3891 1267 3307
0 1280 3327 826 1354 3307
256 1280 3327 856 1354 3301
512 1280 3327 966 1357 3269
768 1280 3327 1128 1365 3213
1024 1280 3327 1310 1377 3144
1280 1280 3327 1493 1396 3075
1536 1280 3327 1663 1411 3071
1792 1280 3327 1843 1428 3075
2048 1280 3327 2031 1448 3080
2303 1280 3327 2225 1472 3086
2559 1280 3327 2424 1499 3093
2815 1280 3327 2632 1523 3114
3071 1280 3327 2850 1543 3141
3327 1280 3327 3073 1562 3167
3583 1280 3327 3301 1582 3190
3839 1280 3327 3562 1568 3233
4095 1280 3327 3896 1468 3307
0 1536 3327 866 1588 3306
256 1536 3327 888 1588 3305
512 1536 3327 995 1589 3277
768 1536 3327 1154 1593 3230
1024 1536 3327 1337 1600 3167
1280 1536 3327 1522 1613 3104
1536 1536 3327 1695 1627 3082
1792 1536 3327 1872 1641 3087
2048 1536 3327 2057 1658 3092
2303 1536 3327 2249 1678 3098
2559 1536 3327 2445 1701 3105
2815 1536 3327 2645 1728 3114
3071 1536 3327 2848 1757 3124
3327 1536 3327 3062 1781 3147
3583 1536 3327 3286 1800 3174
3839 1536 3327 3570 1768 3238
4095 1536 3327 3901 1683 3308
0 1792 3327 910 1826 3305
256 1792 3327 926 1826 3308
512 1792 3327 1029 1827 3284
768 1792 3327 1185 1828 3244
1024 1792 3327 1368 1832 3190
1280 1792 3327 1556 1839 3133
1536 1792 3327 1735 1851 3097
1792 1792 3327 1907 1863 3101
2048 1792 3327 2089 1877 3107
2303 1792 3327 2278 1894 3114
2559 1792 3327 2472 1914 3121
2815 1792 3327 2670 1937 3131
3071 1792 3327 2871 1962 3142
3327 1792 3327 3076 1989 3155
3583 1792 3327 3302 2003 3186
3839 1792 3327 3579 1979 3244
4095 1792 3327 3908 1908 3309
0 2048 3327 948 2068 3311
256 2048 3327 974 2068 3307
512 2048 3327 1072 2068 3288
768 2048 3327 1224 2067 3255
1024 2048 3327 1404 2068 3210
1280 2048 3327 1593 2072 3162
1536 2048 3327 1777 2080 3123
1792 2048 3327 1949 2090 3120
2048 2048 3327 2127 2103 3126
2303 2048 3327 2312 2117 3134
2559 2048 3327 2504 2134 3142
2815 2048 3327 2700 2153 3153
3071 2048 3327 2901 2174 3165
3327 2048 3327 3106 2196 3180
3583 2048 3327 3321 2216 3201
3839 2048 3327 3591 2199 3252
4095 2048 3327 3916 2139 3311
0 2303 3327 1006 2310 3306
256 2303 3327 1018 2312 3312
512 2303 3327 1112 2311 3297
768 2303 3327 1260 2309 3271
1024 2303 3327 1440 2308 3234
1280 2303 3327 1631 2308 3193
1536 2303 3327 1819 2312 3158
1792 2303 3327 1996 2320 3144
2048 2303 3327 2170 2331 3151
2303 2303 3327 2352 2344 3160
2559 2303 3327 2541 2358 3170
2815 2303 3327 2736 2374 3182
3071 2303 3327 2937 2391 3197
3327 2303 3327 3146 2407 3215
3583 2303 3327 3345 2433 3220
3839 2303 3327 3604 2424 3262
4095 2303 3327 3925 2375 3312
0 2559 3327 1057 2555 3309
256 2559 3327 1072 2558 3313
512 2559 3327 1162 2556 3302
768 2559 3327 1305 2554 3281
1024 2559 3327 1480 2551 3254
1280 2559 3327 1671 2549 3222
1536 2559 3327 1863 2550 3193
1792 2559 3327 2044 2555 3177
2048 2559 3327 2215 2564 3184
2303 2559 3327 2394 2575 3195
2559 2559 3327 2581 2587 3207
2815 2559 3327 2777 2599 3223
3071 2559 3327 2982 2611 3242
3327 2559 3327 3202 2618 3266
3583 2559 3327 3376 2655 3243
3839 2559 3327 3621 2654 3274
4095 2559 3327 3936 2613 3314
0 2815 3327 1114 2801 3311
256 2815 3327 1128 2805 3316
512 2815 3327 1214 2803 3307
768 2815 3327 1352 2800 3292
1024 2815 3327 1525 2796 3272
1280 2815 3327 1715 2792 3248
1536 2815 3327 1909 2791 3226
1792 2815 3327 2094 2793 3212
2048 2815 3327 2262 2801 3219
2303 2815 3327 2426 2812 3245
2559 2815 3327 2613 2821 3262
2815 2815 3327 2812 2829 3284
3071 2815 3327 3032 2832 3313
3327 2815 3327 3259 2836 3316
3583 2815 3327 3416 2878 3273
3839 2815 3327 3640 2887 3290
4095 2815 3327 3948 2855 3315
0 3071 3327 1175 3047 3311
256 3071 3327 1185 3053 3318
512 3071 3327 1267 3051 3313
768 3071 3327 1399 3047 3303
1024 3071 3327 1568 3043 3289
1280 3071 3327 1757 3038 3274
1536 3071 3327 1953 3034 3259
1792 3071 3327 2144 3033 3248
2048 3071 3327 2319 3038 3249
2303 3071 3327 2466 3052 3273
2559 3071 3327 2611 3069 3318
2815 3071 3327 2829 3072 3318
3071 3071 3327 3051 3077 3318
3327 3071 3327 3276 3081 3318
3583 3071 3327 3473 3099 3307
3839 3071 3327 3664 3121 3312
4095 3071 3327 3961 3098 3318
0 3327 3327 1233 3298 3317
256 3327 3327 1249 3301 3320
512 3327 3327 1326 3299 3317
768 3327 3327 1453 3295 3311
1024 3327 3327 1617 3290 3304
1280 3327 3327 1804 3284 3295
1536 3327 3327 1999 3279 3288
1792 3327 3327 2193 3277 3282
2048 3327 3327 2376 3278 3283
2303 3327 3327 2534 3288 3292
2559 3327 3327 2644 3314 3318
2815 3327 3327 2851 3319 3320
3071 3327 3327 3072 3323 3320
3327 3327 3327 3295 3327 3320
3583 3327 3327 3521 3332 3320
3839 3327 3327 3695 3356 3340
4095 3327 3327 3976 3342 3320
0 3583 3327 1300 3542 3316
256 3583 3327 1309 3550 3323
512 3583 3327 1383 3548 3322
768 3583 3327 1506 3544 3320
1024 3583 3327 1666 3539 3317
1280 3583 3327 1851 3532 3315
1536 3583 3327 2047 3526 3313
1792 3583 3327 2244 3521 3314
2048 3583 3327 2432 3521 3317
2303 3583 3327 2600 3526 3322
2559 3583 3327 2734 3545 3326
2815 3583 3327 2875 3567 3323
3071 3583 3327 3094 3570 3323
3327 3583 3327 3315 3574 3323
3583 3583 3327 3539 3578 3322
3839 3583 3327 3746 3587 3355
4095 3583 3327 3992 3588 3324
0 3839 3327 1364 3792 3320
256 3839 3327 1375 3799 3326
512 3839 3327 1445 3797 3326
768 3839 3327 1563 3793 3327
1024 3839 3327 1718 3788 3329
1280 3839 3327 1898 3781 3331
1536 3839 3327 2093 3774 3336
1792 3839 3327 2292 3768 3342
2048 3839 3327 2485 3765 3349
2303 3839 3327 2664 3767 3356
2559 3839 3327 2819 3778 3358
2815 3839 3327 2981 3792 3356
3071 3839 3327 3150 3807 3345
3327 3839 3327 3337 3821 3325
3583 3839 3327 3559 3825 3325
3839 3839 3327 3784 3829 3325
4095 3839 3327 4009 3834 3330
0 4095 3327 1444 4019 3309
256 4095 3327 1455 4022 3310
512 4095 3327 1494 4031 3316
768 4095 3327 1565 4045 3325
1024 4095 3327 1673 4050 3329
1280 4095 3327 1809 4051 3329
1536 4095 3327 1964 4053 3329
1792 4095 3327 2138 4054 3329
2048 4095 3327 2323 4056 3329
2303 4095 3327 2518 4058 3329
2559 4095 3327 2720 4060 3329
2815 4095 3327 2929 4063 3328
3071 4095 3327 3143 4066 3329
3327 4095 3327 3361 4069 3329
3583 4095 3327 3581 4073 3328
3839 4095 3327 3805 4076 3330
4095 4095 3327 4029 4080 3327
0 0 3583 812 618 3557
256 0 3583 827 613 3562
512 0 3583 911 616 3561
768 0 3583 1044 620 3562
1024 0 3583 1213 627 3561
1280 0 3583 1403 636 3561
1536 0 3583 1608 647 3561
1792 0 3583 1822 661 3561
2048 0 3583 2042 676 3561
2303 0 3583 2266 694 3561
2559 0 3583 2494 713 3561
2815 0 3583 2724 734 3561
3071 0 3583 2955 757 3561
3327 0 3583 3188 780 3561
3583 0 3583 3422 806 3561
3839 0 3583 3657 833 3561
4095 0 3583 3883 876 3552
0 256 3583 810 653 3559
256 256 3583 836 654 3554
512 256 3583 937 667 3526
768 256 3583 1064 671 3528
1024 256 3583 1226 678 3531
1280 256 3583 1411 686 3534
1536 256 3583 1612 697 3538
1792 256 3583 1823 710 3541
2048 256 3583 2041 724 3544
2303 256 3583 2264 740 3546
2559 256 3583 2490 759 3549
2815 256 3583 2720 778 3551
3071 256 3583 2951 800 3552
3327 256 3583 3184 822 3554
3583 256 3583 3418 846 3555
3839 256 3583 3653 872 3556
4095 256 3583 3885 898 3554
0 512 3583 812 769 3562
256 512 3583 847 773 3550
512 512 3583 956 786 3511
768 512 3583 1114 811 3446
1024 512 3583 1268 824 3434
1280 512 3583 1437 832 3447
1536 512 3583 1625 842 3461
1792 512 3583 1827 854 3474
2048 512 3583 2038 867 3487
2303 512 3583 2256 881 3498
2559 512 3583 2479 897 3508
2815 512 3583 2707 914 3516
3071 512 3583 2937 932 3524
3327 512 3583 3169 952 3530
3583 512 3583 3403 973 3535
3839 512 3583 3637 995 3539
4095 512 3583 3894 972 3561
0 768 3583 827 943 3562
256 768 3583 860 945 3552
512 768 3583 969 955 3513
768 768 3583 1127 973 3450
1024 768 3583 1304 999 3374
1280 768 3583 1469 1016 3362
1536 768 3583 1646 1031 3367
1792 768 3583 1836 1049 3376
2048 768 3583 2037 1062 3400
2303 768 3583 2246 1076 3422
2559 768 3583 2464 1091 3443
2815 768 3583 2687 1106 3461
3071 768 3583 2914 1123 3477
3327 768 3583 3145 1140 3491
3583 768 3583 3377 1159 3502
3839 768 3583 3612 1178 3512
4095 768 3583 3896 1111 3561
0 1024 3583 853 1149 3560
256 1024 3583 878 1149 3555
512 1024 3583 985 1155 3520
768 1024 3583 1143 1168 3460
1024 1024 3583 1322 1187 3385
1280 1024 3583 1489 1201 3365
1536 1024 3583 1664 1215 3366
1792 1024 3583 1851 1232 3368
2048 1024 3583 2046 1252 3370
2303 1024 3583 2247 1276 3372
2559 1024 3583 2453 1301 3380
2815 1024 3583 2667 1322 3398
3071 1024 3583 2890 1338 3422
3327 1024 3583 3117 1356 3443
3583 1024 3583 3347 1373 3462
3839 1024 3583 3580 1390 3479
4095 1024 3583 3899 1285 3561
0 1280 3583 879 1370 3561
256 1280 3583 904 1370 3556
512 1280 3583 1009 1374 3525
768 1280 3583 1165 1382 3470
1024 1280 3583 1344 1395 3401
1280 1280 3583 1514 1408 3369
1536 1280 3583 1686 1419 3370
1792 1280 3583 1871 1433 3372
2048 1280 3583 2064 1450 3374
2303 1280 3583 2262 1470 3376
2559 1280 3583 2465 1493 3379
2815 1280 3583 2671 1520 3383
3071 1280 3583 2879 1550 3386
3327 1280 3583 3093 1577 3400
3583 1280 3583 3318 1597 3423
3839 1280 3583 3571 1589 3468
4095 1280 3583 3903 1483 3561
0 1536 3583 915 1601 3559
256 1536 3583 935 1601 3559
512 1536 3583 1037 1603 3531
768 1536 3583 1190 1607 3484
1024 1536 3583 1369 1616 3422
1280 1536 3583 1547 1627 3374
1536 1536 3583 1715 1636 3375
1792 1536 3583 1896 1648 3377
2048 1536 3583 2086 1663 3379
2303 1536 3583 2282 1680 3382
2559 1536 3583 2483 1700 3385
2815 1536 3583 2687 1722 3388
3071 1536 3583 2893 1749 3392
3327 1536 3583 3099 1779 3397
3583 1536 3583 3307 1812 3403
3839 1536 3583 3579 1785 3471
4095 1536 3583 3909 1696 3562
0 1792 3583 959 1838 3556
256 1792 3583 969 1838 3563
512 1792 3583 1069 1838 3538
768 1792 3583 1220 1841 3496
1024 1792 3583 1398 1845 3442
1280 1792 3583 1584 1853 3385
1536 1792 3583 1749 1862 3382
1792 1792 3583 1927 1872 3384
2048 1792 3583 2113 1884 3386
2303 1792 3583 2306 1899 3389
2559 1792 3583 2505 1916 3392
2815 1792 3583 2706 1936 3396
3071 1792 3583 2910 1959 3400
3327 1792 3583 3115 1985 3405
3583 1792 3583 3321 2015 3412
3839 1792 3583 3588 1995 3476
4095 1792 3583 3916 1919 3563
0 2048 3583 993 2078 3564
256 2048 3583 1016 2078 3562
512 2048 3583 1111 2078 3541
768 2048 3583 1257 2078 3506
1024 2048 3583 1433 2080 3460
1280 2048 3583 1621 2085 3407
1536 2048 3583 1791 2092 3390
1792 2048 3583 1964 2101 3392
2048 2048 3583 2147 2112 3395
2303 2048 3583 2336 2124 3398
2559 2048 3583 2531 2140 3401
2815 2048 3583 2730 2157 3405
3071 2048 3583 2932 2178 3410
3327 2048 3583 3135 2201 3416
3583 2048 3583 3338 2227 3423
3839 2048 3583 3600 2213 3483
4095 2048 3583 3924 2149 3564
0 2303 3583 1050 2318 3556
256 2303 3583 1057 2321 3566
512 2303 3583 1149 2320 3549
768 2303 3583 1294 2319 3519
1024 2303 3583 1467 2318 3481
1280 2303 3583 1656 2320 3436
1536 2303 3583 1840 2325 3400
1792 2303 3583 2007 2332 3403
2048 2303 3583 2186 2342 3405
2303 2303 3583 2371 2353 3409
2559 2303 3583 2563 2367 3413
2815 2303 3583 2759 2383 3418
3071 2303 3583 2958 2401 3423
3327 2303 3583 3158 2421 3430
3583 2303 3583 3361 2445 3438
3839 2303 3583 3613 2437 3490
4095 2303 3583 3933 2383 3565
0 2559 3583 1102 2561 3557
256 2559 3583 1107 2566 3569
512 2559 3583 1195 2564 3555
768 2559 3583 1336 2562 3530
1024 2559 3583 1508 2560 3499
1280 2559 3583 1695 2560 3463
1536 2559 3583 1886 2561 3426
1792 2559 3583 2059 2567 3416
2048 2559 3583 2232 2576 3419
2303 2559 3583 2413 2586 3423
2559 2559 3583 2601 2598 3428
2815 2559 3583 2794 2612 3434
3071 2559 3583 2990 2628 3441
3327 2559 3583 3188 2646 3449
3583 2559 3583 3389 2666 3459
3839 2559 3583 3630 2666 3500
4095 2559 3583 3944 2621 3567
0 2815 3583 1151 2808 3564
256 2815 3583 1164 2812 3569
512 2815 3583 1247 2810 3559
768 2815 3583 1382 2807 3540
1024 2815 3583 1551 2804 3515
1280 2815 3583 1737 2802 3487
1536 2815 3583 1930 2801 3458
1792 2815 3583 2116 2803 3436
2048 2815 3583 2286 2811 3438
2303 2815 3583 2462 2820 3443
2559 2815 3583 2645 2831 3449
2815 2815 3583 2834 2843 3456
3071 2815 3583 3027 2857 3465
3327 2815 3583 3225 2873 3476
3583 2815 3583 3427 2889 3489
3839 2815 3583 3649 2898 3513
4095 2815 3583 3956 2861 3569
0 3071 3583 1215 3050 3558
256 3071 3583 1217 3059 3572
512 3071 3583 1297 3057 3565
768 3071 3583 1427 3054 3551
1024 3071 3583 1594 3050 3532
1280 3071 3583 1779 3046 3511
1536 3071 3583 1972 3043 3490
1792 3071 3583 2164 3043 3471
2048 3071 3583 2343 3047 3464
2303 3071 3583 2514 3055 3470
2559 3071 3583 2693 3065 3478
2815 3071 3583 2878 3076 3488
3071 3071 3583 3069 3088 3501
3327 3071 3583 3269 3100 3517
3583 3071 3583 3483 3108 3538
3839 3071 3583 3673 3131 3531
4095 3071 3583 3969 3104 3571
0 3327 3583 1269 3300 3566
256 3327 3583 1278 3307 3574
512 3327 3583 1353 3305 3569
768 3327 3583 1478 3301 3560
1024 3327 3583 1640 3297 3547
1280 3327 3583 1825 3292 3532
1536 3327 3583 2018 3288 3518
1792 3327 3583 2212 3285 3505
2048 3327 3583 2396 3287 3499
2303 3327 3583 2562 3294 3506
2559 3327 3583 2721 3307 3525
2815 3327 3583 2900 3317 3542
3071 3327 3583 3089 3327 3564
3327 3327 3583 3305 3333 3574
3583 3327 3583 3530 3337 3573
3839 3327 3583 3705 3364 3555
4095 3327 3583 3984 3348 3573
0 3583 3583 1332 3546 3567
256 3583 3583 1339 3555 3576
512 3583 3583 1411 3553 3573
768 3583 3583 1531 3550 3568
1024 3583 3583 1689 3545 3560
1280 3583 3583 1870 3539 3552
1536 3583 3583 2064 3534 3544
1792 3583 3583 2260 3529 3537
2048 3583 3583 2449 3528 3534
2303 3583 3583 2623 3533 3537
2559 3583 3583 2769 3547 3551
2815 3583 3583 2887 3572 3576
3071 3583 3583 3104 3575 3576
3327 3583 3583 3325 3579 3576
3583 3583 3583 3548 3583 3576
3839 3583 3583 3755 3594 3582
4095 3583 3583 4000 3593 3576
0 3839 3583 1397 3791 3567
256 3839 3583 1401 3803 3578
512 3839 3583 1469 3802 3578
768 3839 3583 1584 3799 3575
1024 3839 3583 1737 3794 3572
1280 3839 3583 1916 3788 3569
1536 3839 3583 2109 3781 3567
1792 3839 3583 2307 3776 3566
2048 3839 3583 2501 3772 3567
2303 3839 3583 2682 3774 3571
2559 3839 3583 2841 3783 3577
2815 3839 3583 2982 3801 3582
3071 3839 3583 3139 3819 3580
3327 3839 3583 3347 3826 3578
3583 3839 3583 3569 3830 3578
3839 3839 3583 3793 3834 3578
4095 3839 3583 4017 3839 3581
0 4095 3583 1458 4046 3575
256 4095 3583 1470 4046 3576
512 4095 3583 1513 4048 3577
768 4095 3583 1588 4050 3578
1024 4095 3583 1695 4053 3580
1280 4095 3583 1828 4056 3581
1536 4095 3583 1983 4057 3581
1792 4095 3583 2154 4058 3581
2048 4095 3583 2338 4060 3581
2303 4095 3583 2531 4062 3581
2559 4095 3583 2733 4065 3581
2815 4095 3583 2941 4067 3581
3071 4095 3583 3154 4070 3581
3327 4095 3583 3371 4073 3581
3583 4095 3583 3591 4077 3581
3839 4095 3583 3813 4081 3582
4095 4095 3583 4037 4084 3580
0 0 3839 870 662 3810
256 0 3839 882 657 3816
512 0 3839 961 659 3816
768 0 3839 1087 664 3816
1024 0 3839 1249 670 3816
1280 0 3839 1434 678 3816
1536 0 3839 1634 689 3816
1792 0 3839 1844 701 3816
2048 0 3839 2062 715 3816
2303 0 3839 2283 732 3815
2559 0 3839 2509 750 3816
2815 0 3839 2737 770 3816
3071 0 3839 2968 791 3815
3327 0 3839 3200 814 3816
3583 0 3839 3433 838 3815
3839 0 3839 3667 864 3815
4095 0 3839 3892 904 3806
0 256 3839 868 695 3813
256 256 3839 890 694 3810
512 256 3839 986 706 3783
768 256 3839 1107 711 3785
1024 256 3839 1262 717 3787
1280 256 3839 1442 725 3790
1536 256 3839 1639 735 3792
1792 256 3839 1846 746 3795
2048 256 3839 2062 760 3798
2303 256 3839 2282 776 3800
2559 256 3839 2506 793 3803
2815 256 3839 2734 811 3805
3071 256 3839 2964 832 3806
3327 256 3839 3196 853 3808
3583 256 3839 3429 877 3809
3839 256 3839 3663 901 3810
4095 256 3839 3895 925 3808
0 512 3839 868 803 3817
256 512 3839 900 806 3806
512 512 3839 1003 819 3769
768 512 3839 1150 840 3718
1024 512 3839 1299 850 3711
1280 512 3839 1468 859 3717
1536 512 3839 1655 871 3722
1792 512 3839 1854 884 3729
2048 512 3839 2062 896 3740
2303 512 3839 2277 910 3750
2559 512 3839 2498 925 3760
2815 512 3839 2723 941 3768
3071 512 3839 2951 959 3775
3327 512 3839 3182 978 3781
3583 512 3839 3415 998 3787
3839 512 3839 3648 1020 3791
4095 512 3839 3903 998 3815
0 768 3839 882 970 3817
256 768 3839 914 972 3806
512 768 3839 1015 982 3771
768 768 3839 1162 997 3720
1024 768 3839 1316 1009 3701
1280 768 3839 1483 1018 3701
1536 768 3839 1667 1030 3702
1792 768 3839 1863 1045 3702
2048 768 3839 2067 1062 3702
2303 768 3839 2275 1083 3703
2559 768 3839 2490 1103 3708
2815 768 3839 2709 1124 3716
3071 768 3839 2933 1143 3727
3327 768 3839 3161 1162 3738
3583 768 3839 3392 1180 3750
3839 768 3839 3625 1198 3760
4095 768 3839 3905 1134 3815
0 1024 3839 906 1170 3814
256 1024 3839 930 1170 3810
512 1024 3839 1031 1177 3776
768 1024 3839 1180 1188 3724
1024 1024 3839 1333 1198 3702
1280 1024 3839 1498 1206 3702
1536 1024 3839 1680 1215 3703
1792 1024 3839 1874 1228 3703
2048 1024 3839 2077 1242 3704
2303 1024 3839 2284 1259 3704
2559 1024 3839 2497 1279 3705
2815 1024 3839 2712 1301 3705
3071 1024 3839 2929 1327 3706
3327 1024 3839 3148 1355 3708
3583 1024 3839 3370 1382 3713
3839 1024 3839 3598 1404 3725
4095 1024 3839 3908 1304 3815
0 1280 3839 929 1387 3816
256 1280 3839 955 1388 3811
512 1280 3839 1054 1392 3780
768 1280 3839 1203 1400 3729
1024 1280 3839 1357 1407 3704
1280 1280 3839 1519 1414 3704
1536 1280 3839 1698 1422 3704
1792 1280 3839 1890 1432 3704
2048 1280 3839 2091 1444 3705
2303 1280 3839 2297 1459 3705
2559 1280 3839 2508 1475 3706
2815 1280 3839 2722 1494 3707
3071 1280 3839 2938 1516 3708
3327 1280 3839 3155 1541 3709
3583 1280 3839 3373 1569 3710
3839 1280 3839 3594 1596 3715
4095 1280 3839 3912 1499 3816
0 1536 3839 965 1616 3813
256 1536 3839 983 1615 3814
512 1536 3839 1079 1618 3787
768 1536 3839 1228 1623 3740
1024 1536 3839 1386 1629 3706
1280 1536 3839 1545 1635 3705
1536 1536 3839 1721 1642 3706
1792 1536 3839 1910 1650 3706
2048 1536 3839 2108 1660 3707
2303 1536 3839 2312 1673 3707
2559 1536 3839 2521 1687 3708
2815 1536 3839 2734 1703 3709
3071 1536 3839 2949 1722 3710
3327 1536 3839 3164 1744 3711
3583 1536 3839 3381 1768 3712
3839 1536 3839 3599 1794 3715
4095 1536 3839 3918 1710 3816
0 1792 3839 1004 1850 3811
256 1792 3839 1016 1850 3817
512 1792 3839 1110 1851 3793
768 1792 3839 1255 1854 3752
1024 1792 3839 1420 1858 3710
1280 1792 3839 1576 1863 3708
1536 1792 3839 1748 1869 3708
1792 1792 3839 1934 1876 3708
2048 1792 3839 2130 1885 3709
2303 1792 3839 2331 1896 3709
2559 1792 3839 2538 1908 3710
2815 1792 3839 2749 1923 3711
3071 1792 3839 2962 1939 3712
3327 1792 3839 3176 1958 3713
3583 1792 3839 3391 1980 3715
3839 1792 3839 3606 2004 3716
4095 1792 3839 3924 1931 3817
0 2048 3839 1038 2088 3818
256 2048 3839 1060 2089 3816
512 2048 3839 1150 2089 3795
768 2048 3839 1292 2090 3759
1024 2048 3839 1458 2093 3717
1280 2048 3839 1613 2097 3710
1536 2048 3839 1782 2102 3711
1792 2048 3839 1964 2108 3711
2048 2048 3839 2156 2116 3712
2303 2048 3839 2354 2125 3712
2559 2048 3839 2559 2136 3713
2815 2048 3839 2767 2149 3714
3071 2048 3839 2978 2164 3715
3327 2048 3839 3191 2181 3716
3583 2048 3839 3404 2200 3718
3839 2048 3839 3617 2222 3720
4095 2048 3839 3933 2159 3818
0 2303 3839 1093 2327 3809
256 2303 3839 1098 2330 3821
512 2303 3839 1185 2329 3804
768 2303 3839 1325 2329 3773
1024 2303 3839 1497 2330 3730
1280 2303 3839 1657 2332 3714
1536 2303 3839 1821 2337 3714
1792 2303 3839 1998 2343 3714
2048 2303 3839 2187 2350 3715
2303 2303 3839 2382 2358 3716
2559 2303 3839 2584 2368 3717
2815 2303 3839 2789 2379 3718
3071 2303 3839 2998 2392 3719
3327 2303 3839 3208 2408 3721
3583 2303 3839 3419 2426 3722
3839 2303 3839 3631 2445 3726
4095 2303 3839 3942 2392 3819
0 2559 3839 1139 2570 3813
256 2559 3839 1148 2574 3822
512 2559 3839 1231 2573 3808
768 2559 3839 1365 2571 3783
1024 2559 3839 1534 2570 3748
1280 2559 3839 1708 2571 3718
1536 2559 3839 1867 2575 3718
1792 2559 3839 2039 2580 3719
2048 2559 3839 2223 2586 3719
2303 2559 3839 2415 2594 3720
2559 2559 3839 2613 2603 3721
2815 2559 3839 2816 2613 3723
3071 2559 3839 3021 2625 3724
3327 2559 3839 3228 2639 3726
3583 2559 3839 3437 2656 3728
3839 2559 3839 3646 2674 3732
4095 2559 3839 3952 2629 3820
0 2815 3839 1190 2815 3816
256 2815 3839 1201 2819 3823
512 2815 3839 1281 2818 3811
768 2815 3839 1411 2816 3791
1024 2815 3839 1577 2813 3762
1280 2815 3839 1760 2812 3729
1536 2815 3839 1921 2814 3723
1792 2815 3839 2088 2819 3724
2048 2815 3839 2267 2825 3725
2303 2815 3839 2454 2831 3726
2559 2815 3839 2649 2840 3727
2815 2815 3839 2847 2849 3729
3071 2815 3839 3049 2860 3730
3327 2815 3839 3253 2874 3733
3583 2815 3839 3458 2889 3736
3839 2815 3839 3663 2907 3739
4095 2815 3839 3965 2869 3822
0 3071 3839 1250 3057 3811
256 3071 3839 1255 3064 3823
512 3071 3839 1327 3064 3818
768 3071 3839 1454 3062 3802
1024 3071 3839 1617 3058 3779
1280 3071 3839 1801 3055 3752
1536 3071 3839 1983 3054 3731
1792 3071 3839 2146 3058 3731
2048 3071 3839 2320 3063 3732
2303 3071 3839 2502 3070 3733
2559 3071 3839 2692 3077 3735
2815 3071 3839 2886 3086 3737
3071 3071 3839 3084 3096 3739
3327 3071 3839 3284 3109 3742
3583 3071 3839 3485 3124 3746
3839 3071 3839 3686 3141 3751
4095 3071 3839 3977 3111 3823
0 3327 3839 1301 3308 3821
256 3327 3839 1313 3313 3827
512 3327 3839 1385 3311 3821
768 3327 3839 1506 3308 3809
1024 3327 3839 1663 3304 3793
1280 3327 3839 1844 3300 3773
1536 3327 3839 2037 3297 3751
1792 3327 3839 2217 3297 3740
2048 3327 3839 2384 3301 3741
2303 3327 3839 2560 3307 3743
2559 3327 3839 2745 3314 3746
2815 3327 3839 2934 3322 3749
3071 3327 3839 3127 3332 3752
3327 3327 3839 3322 3344 3757
3583 3327 3839 3519 3358 3763
3839 3327 3839 3717 3374 3771
4095 3327 3839 3993 3354 3826
0 3583 3839 1366 3549 3816
256 3583 3839 1370 3560 3829
512 3583 3839 1439 3559 3825
768 3583 3839 1556 3556 3817
1024 3583 3839 1711 3552 3806
1280 3583 3839 1890 3547 3792
1536 3583 3839 2082 3542 3777
1792 3583 3839 2278 3538 3763
2048 3583 3839 2462 3538 3756
2303 3583 3839 2632 3544 3759
2559 3583 3839 2809 3550 3762
2815 3583 3839 2992 3558 3767
3071 3583 3839 3178 3568 3774
3327 3583 3839 3368 3579 3782
3583 3583 3839 3561 3591 3794
3839 3583 3839 3768 3600 3812
4095 3583 3839 4008 3599 3828
0 3839 3839 1427 3797 3819
256 3839 3839 1432 3808 3831
512 3839 3839 1497 3808 3829
768 3839 3839 1609 3804 3824
1024 3839 3839 1758 3800 3818
1280 3839 3839 1934 3794 3809
1536 3839 3839 2125 3789 3801
1792 3839 3839 2322 3784 3793
2048 3839 3839 2517 3781 3788
2303 3839 3839 2701 3782 3787
2559 3839 3839 2867 3789 3793
2815 3839 3839 3022 3802 3805
3071 3839 3839 3173 3819 3822
3327 3839 3839 3358 3831 3831
3583 3839 3839 3578 3835 3831
3839 3839 3839 3802 3839 3831
4095 3839 3839 4025 3844 3832
0 4095 3839 1500 4028 3807
256 4095 3839 1511 4030 3809
512 4095 3839 1548 4038 3816
768 4095 3839 1616 4052 3828
1024 4095 3839 1720 4060 3834
1280 4095 3839 1852 4060 3834
1536 4095 3839 2004 4062 3834
1792 4095 3839 2173 4063 3834
2048 4095 3839 2355 4065 3834
2303 4095 3839 2547 4067 3834
2559 4095 3839 2747 4069 3834
2815 4095 3839 2953 4072 3834
3071 4095 3839 3165 4075 3834
3327 4095 3839 3381 4078 3834
3583 4095 3839 3601 4082 3834
3839 4095 3839 3822 4086 3834
4095 4095 3839 4046 4089 3833
0 0 4095 955 719 4046
256 0 4095 967 715 4051
512 0 4095 1043 721 4047
768 0 4095 1155 724 4048
1024 0 4095 1308 733 4045
1280 0 4095 1482 741 4046
1536 0 4095 1670 747 4050
1792 0 4095 1875 764 4046
2048 0 4095 2085 775 4050
2303 0 4095 2301 793 4047
2559 0 4095 2522 813 4046
2815 0 4095 2745 832 4046
3071 0 4095 2972 853 4046
3327 0 4095 3201 872 4049
3583 0 4095 3438 883 4060
3839 0 4095 3658 926 4045
4095 0 4095 3890 951 4046
0 256 4095 957 750 4045
256 256 4095 964 745 4054
512 256 4095 1019 738 4066
768 256 4095 1139 743 4065
1024 256 4095 1295 751 4062
1280 256 4095 1469 755 4067
1536 256 4095 1665 765 4065
1792 256 4095 1872 782 4059
2048 256 4095 2085 794 4060
2303 256 4095 2302 810 4059
2559 256 4095 2524 829 4057
2815 256 4095 2749 848 4057
3071 256 4095 2975 870 4054
3327 256 4095 3207 886 4059
3583 256 4095 3439 906 4062
3839 256 4095 3664 942 4052
4095 256 4095 3891 974 4046
0 512 4095 940 843 4061
256 512 4095 953 840 4067
512 512 4095 1019 840 4071
768 512 4095 1137 843 4071
1024 512 4095 1292 848 4071
1280 512 4095 1470 854 4071
1536 512 4095 1665 862 4071
1792 512 4095 1872 871 4071
2048 512 4095 2086 882 4071
2303 512 4095 2305 895 4071
2559 512 4095 2528 909 4071
2815 512 4095 2755 926 4070
3071 512 4095 2984 942 4071
3327 512 4095 3214 961 4070
3583 512 4095 3445 983 4069
3839 512 4095 3676 1006 4067
4095 512 4095 3892 1050 4046
0 768 4095 976 1010 4044
256 768 4095 986 1007 4052
512 768 4095 1029 999 4071
768 768 4095 1147 1002 4071
1024 768 4095 1300 1006 4071
1280 768 4095 1477 1011 4071
1536 768 4095 1671 1017 4071
1792 768 4095 1877 1025 4071
2048 768 4095 2090 1034 4071
2303 768 4095 2309 1045 4071
2559 768 4095 2532 1057 4071
2815 768 4095 2758 1070 4071
3071 768 4095 2987 1084 4071
3327 768 4095 3217 1100 4071
3583 768 4095 3449 1117 4071
3839 768 4095 3682 1135 4071
4095 768 4095 3894 1176 4046
0 1024 4095 987 1199 4049
256 1024 4095 997 1197 4056
512 1024 4095 1045 1193 4072
768 1024 4095 1161 1195 4072
1024 1024 4095 1312 1198 4072
1280 1024 4095 1488 1202 4072
1536 1024 4095 1680 1207 4072
1792 1024 4095 1885 1214 4072
2048 1024 4095 2097 1221 4072
2303 1024 4095 2315 1230 4071
2559 1024 4095 2537 1240 4071
2815 1024 4095 2763 1251 4071
3071 1024 4095 2991 1263 4071
3327 1024 4095 3221 1276 4071
3583 1024 4095 3452 1290 4071
3839 1024 4095 3685 1305 4071
4095 1024 4095 3898 1337 4047
0 1280 4095 1000 1408 4056
256 1280 4095 1009 1407 4064
512 1280 4095 1070 1407 4069
768 1280 4095 1180 1408 4072
1024 1280 4095 1328 1410 4072
1280 1280 4095 1502 1414 4072
1536 1280 4095 1693 1418 4072
1792 1280 4095 1895 1423 4072
2048 1280 4095 2107 1430 4072
2303 1280 4095 2323 1437 4072
2559 1280 4095 2545 1445 4072
2815 1280 4095 2770 1454 4072
3071 1280 4095 2997 1464 4072
3327 1280 4095 3227 1475 4072
3583 1280 4095 3458 1487 4072
3839 1280 4095 3690 1500 4071
4095 1280 4095 3905 1523 4051
0 1536 4095 1030 1632 4055
256 1536 4095 1041 1632 4061
512 1536 4095 1093 1631 4073
768 1536 4095 1203 1633 4073
1024 1536 4095 1349 1635 4073
1280 1536 4095 1519 1638 4073
1536 1536 4095 1708 1641 4073
1792 1536 4095 1909 1646 4073
2048 1536 4095 2118 1651 4073
2303 1536 4095 2334 1657 4073
2559 1536 4095 2554 1664 4073
2815 1536 4095 2778 1671 4072
3071 1536 4095 3005 1680 4072
3327 1536 4095 3234 1689 4072
3583 1536 4095 3464 1700 4072
3839 1536 4095 3696 1711 4072
4095 1536 4095 3918 1726 4060
0 1792 4095 1069 1863 4050
256 1792 4095 1080 1863 4056
512 1792 4095 1128 1864 4070
768 1792 4095 1231 1865 4074
1024 1792 4095 1373 1867 4074
1280 1792 4095 1541 1869 4074
1536 1792 4095 1726 1872 4074
1792 1792 4095 1925 1876 4073
2048 1792 4095 2133 1880 4073
2303 1792 4095 2346 1886 4073
2559 1792 4095 2566 1891 4073
2815 1792 4095 2788 1898 4073
3071 1792 4095 3014 1905 4073
3327 1792 4095 3242 1913 4073
3583 1792 4095 3472 1922 4073
3839 1792 4095 3703 1932 4073
4095 1792 4095 3935 1942 4072
0 2048 4095 1104 2098 4053
256 2048 4095 1115 2099 4059
512 2048 4095 1163 2100 4071
768 2048 4095 1263 2102 4075
1024 2048 4095 1401 2103 4075
1280 2048 4095 1565 2106 4075
1536 2048 4095 1748 2108 4075
1792 2048 4095 1944 2111 4074
2048 2048 4095 2149 2115 4074
2303 2048 4095 2361 2120 4074
2559 2048 4095 2579 2125 4074
2815 2048 4095 2801 2131 4074
3071 2048 4095 3025 2137 4074
3327 2048 4095 3252 2144 4074
3583 2048 4095 3481 2152 4074
3839 2048 4095 3712 2160 4074
4095 2048 4095 3934 2169 4063
0 2303 4095 1146 2335 4054
256 2303 4095 1154 2337 4062
512 2303 4095 1200 2340 4075
768 2303 4095 1299 2341 4076
1024 2303 4095 1433 2343 4076
1280 2303 4095 1593 2344 4076
1536 2303 4095 1772 2347 4076
1792 2303 4095 1966 2350 4075
2048 2303 4095 2169 2353 4075
2303 2303 4095 2378 2357 4075
2559 2303 4095 2594 2361 4075
2815 2303 4095 2815 2367 4075
3071 2303 4095 3038 2372 4075
3327 2303 4095 3264 2378 4075
3583 2303 4095 3492 2385 4075
3839 2303 4095 3722 2393 4075
4095 2303 4095 3939 2398 4060
0 2559 4095 1180 2579 4067
256 2559 4095 1193 2581 4070
512 2559 4095 1243 2583 4077
768 2559 4095 1339 2584 4077
1024 2559 4095 1469 2585 4077
1280 2559 4095 1625 2587 4077
1536 2559 4095 1800 2589 4077
1792 2559 4095 1990 2591 4077
2048 2559 4095 2191 2594 4077
2303 2559 4095 2398 2598 4077
2559 2559 4095 2612 2602 4077
2815 2559 4095 2831 2606 4076
3071 2559 4095 3053 2611 4076
3327 2559 4095 3278 2617 4076
3583 2559 4095 3505 2623 4076
3839 2559 4095 3733 2630 4076
4095 2559 4095 3952 2633 4064
0 2815 4095 1240 2818 4057
256 2815 4095 1250 2820 4062
512 2815 4095 1293 2826 4074
768 2815 4095 1382 2828 4078
1024 2815 4095 1508 2829 4078
1280 2815 4095 1659 2831 4078
1536 2815 4095 1831 2833 4078
1792 2815 4095 2017 2835 4078
2048 2815 4095 2215 2838 4078
2303 2815 4095 2420 2841 4078
2559 2815 4095 2632 2844 4078
2815 2815 4095 2849 2848 4078
3071 2815 4095 3069 2853 4078
3327 2815 4095 3293 2858 4078
3583 2815 4095 3518 2863 4078
3839 2815 4095 3746 2869 4077
4095 2815 4095 3971 2874 4073
0 3071 4095 1294 3060 4055
256 3071 4095 1304 3063 4061
512 3071 4095 1344 3071 4075
768 3071 4095 1429 3074 4080
1024 3071 4095 1550 3075 4080
1280 3071 4095 1697 3076 4080
1536 3071 4095 1864 3078 4080
1792 3071 4095 2047 3080 4080
2048 3071 4095 2242 3082 4080
2303 3071 4095 2444 3085 4079
2559 3071 4095 2654 3088 4079
2815 3071 4095 2868 3092 4079
3071 3071 4095 3087 3096 4079
3327 3071 4095 3309 3101 4079
3583 3071 4095 3534 3106 4079
3839 3071 4095 3760 3111 4079
4095 3071 4095 3986 3115 4076
0 3327 4095 1338 3313 4072
256 3327 4095 1351 3315 4074
512 3327 4095 1395 3319 4080
768 3327 4095 1478 3320 4081
1024 3327 4095 1594 3321 4081
1280 3327 4095 1737 3322 4081
1536 3327 4095 1900 3324 4081
1792 3327 4095 2079 3326 4081
2048 3327 4095 2271 3328 4081
2303 3327 4095 2470 3331 4081
2559 3327 4095 2677 3334 4081
2815 3327 4095 2890 3337 4081
3071 3327 4095 3107 3341 4081
3327 3327 4095 3328 3345 4081
3583 3327 4095 3551 3349 4081
3839 3327 4095 3776 3354 4081
4095 3327 4095 3997 3355 4074
0 3583 4095 1407 3548 4058
256 3583 4095 1417 3551 4062
512 3583 4095 1456 3558 4072
768 3583 4095 1531 3566 4081
1024 3583 4095 1642 3568 4083
1280 3583 4095 1780 3570 4083
1536 3583 4095 1939 3571 4083
1792 3583 4095 2114 3573 4083
2048 3583 4095 2302 3575 4083
2303 3583 4095 2499 3577 4083
2559 3583 4095 2703 3580 4083
2815 3583 4095 2914 3583 4083
3071 3583 4095 3129 3586 4083
3327 3583 4095 3348 3590 4083
3583 3583 4095 3569 3594 4083
3839 3583 4095 3793 3599 4083
4095 3583 4095 4016 3601 4079
0 3839 4095 1466 3794 4061
256 3839 4095 1474 3799 4067
512 3839 4095 1508 3814 4084
768 3839 4095 1585 3816 4085
1024 3839 4095 1692 3816 4085
1280 3839 4095 1826 3817 4085
1536 3839 4095 1981 3819 4085
1792 3839 4095 2152 3820 4085
2048 3839 4095 2336 3822 4085
2303 3839 4095 2529 3824 4085
2559 3839 4095 2731 3827 4085
2815 3839 4095 2939 3830 4085
3071 3839 4095 3152 3833 4085
3327 3839 4095 3369 3836 4085
3583 3839 4095 3589 3840 4085
3839 3839 4095 3812 3844 4085
4095 3839 4095 4037 3849 4084
0 4095 4095 1519 4053 4077
256 4095 4095 1530 4053 4077
512 4095 4095 1571 4055 4078
768 4095 4095 1644 4057 4080
1024 4095 4095 1746 4060 4083
1280 4095 4095 1874 4062 4084
1536 4095 4095 2024 4062 4083
1792 4095 4095 2191 4063 4082
2048 4095 4095 2371 4066 4083
2303 4095 4095 2561 4072 4087
2559 4095 4095 2760 4072 4085
2815 4095 4095 2965 4074 4084
3071 4095 4095 3176 4078 4085
3327 4095 4095 3392 4083 4086
3583 4095 4095 3610 4086 4086
3839 4095 4095 3832 4091 4087
4095 4095 4095 4056 4095 4087
