0 0 0 0 0 0
256 0 0 217 66 44
512 0 0 434 133 88
768 0 0 650 200 132
1024 0 0 865 268 176
1280 0 0 1079 338 221
1536 0 0 1292 410 264
1792 0 0 1504 483 308
2048 0 0 1717 556 348
2303 0 0 1928 628 386
2559 0 0 2142 698 422
2815 0 0 2357 768 458
3071 0 0 2571 838 496
3327 0 0 2786 908 538
3583 0 0 3000 978 579
3839 0 0 3214 1048 620
4095 0 0 3429 1118 662
0 256 0 138 247 90
256 256 0 249 254 98
512 256 0 448 275 122
768 256 0 658 309 156
1024 256 0 871 355 194
1280 256 0 1084 407 234
1536 256 0 1296 467 275
1792 256 0 1507 531 317
2048 256 0 1717 600 358
2303 256 0 1925 671 399
2559 256 0 2137 739 435
2815 256 0 2352 805 469
3071 256 0 2567 871 507
3327 256 0 2782 938 547
3583 256 0 2996 1006 588
3839 256 0 3211 1073 629
4095 256 0 3425 1142 669
0 512 0 275 495 178
256 512 0 339 498 182
512 512 0 499 507 195
768 512 0 692 525 216
1024 512 0 895 550 243
1280 512 0 1102 583 275
1536 512 0 1310 624 310
1792 512 0 1519 671 346
2048 512 0 1726 725 384
2303 512 0 1932 784 422
2559 512 0 2138 847 461
2815 512 0 2343 914 503
3071 512 0 2553 977 544
3327 512 0 2769 1037 582
3583 512 0 2984 1098 619
3839 512 0 3199 1159 658
4095 512 0 3415 1222 696
0 768 0 411 742 268
256 768 0 454 744 270
512 768 0 580 750 279
768 768 0 749 761 292
1024 768 0 938 777 312
1280 768 0 1136 800 335
1536 768 0 1337 829 363
1792 768 0 1541 863 393
2048 768 0 1745 904 425
2303 768 0 1948 950 460
2559 768 0 2152 1002 499
2815 768 0 2354 1058 544
3071 768 0 2555 1119 589
3327 768 0 2757 1182 636
3583 768 0 2968 1239 674
3839 768 0 3184 1294 709
4095 768 0 3401 1349 742
0 1024 0 556 988 355
256 1024 0 587 990 356
512 1024 0 685 994 362
768 1024 0 830 1002 372
1024 1024 0 1001 1014 387
1280 1024 0 1186 1030 405
1536 1024 0 1379 1052 427
1792 1024 0 1576 1078 453
2048 1024 0 1775 1110 483
2303 1024 0 1974 1147 519
2559 1024 0 2174 1188 556
2815 1024 0 2375 1234 596
3071 1024 0 2576 1284 637
3327 1024 0 2777 1337 680
3583 1024 0 2978 1394 724
3839 1024 0 3179 1453 769
4095 1024 0 3415 1485 778
0 1280 0 708 1233 443
256 1280 0 732 1234 444
512 1280 0 809 1237 449
768 1280 0 931 1243 457
1024 1280 0 1084 1253 470
1280 1280 0 1254 1266 487
1536 1280 0 1435 1283 508
1792 1280 0 1624 1304 532
2048 1280 0 1816 1329 560
2303 1280 0 2011 1359 590
2559 1280 0 2208 1393 623
2815 1280 0 2406 1430 658
3071 1280 0 2605 1472 695
3327 1280 0 2805 1516 733
3583 1280 0 3005 1565 774
3839 1280 0 3205 1616 815
4095 1280 0 3435 1647 822
0 1536 0 860 1478 543
256 1536 0 878 1479 544
512 1536 0 941 1481 548
768 1536 0 1045 1486 555
1024 1536 0 1180 1494 565
1280 1536 0 1336 1505 579
1536 1536 0 1506 1518 596
1792 1536 0 1685 1536 617
2048 1536 0 1870 1556 640
2303 1536 0 2059 1581 666
2559 1536 0 2252 1608 695
2815 1536 0 2447 1640 725
3071 1536 0 2643 1674 759
3327 1536 0 2841 1712 793
3583 1536 0 3039 1753 830
3839 1536 0 3238 1798 869
4095 1536 0 3461 1828 876
0 1792 0 1008 1723 639
256 1792 0 1023 1724 640
512 1792 0 1076 1726 643
768 1792 0 1166 1730 649
1024 1792 0 1286 1737 658
1280 1792 0 1428 1745 669
1536 1792 0 1587 1757 684
1792 1792 0 1757 1771 701
2048 1792 0 1935 1788 721
2303 1792 0 2118 1809 744
2559 1792 0 2306 1832 769
2815 1792 0 2497 1858 797
3071 1792 0 2690 1888 827
3327 1792 0 2885 1920 858
3583 1792 0 3081 1955 892
3839 1792 0 3277 1994 927
4095 1792 0 3492 2024 938
0 2048 0 1154 1969 733
256 2048 0 1167 1969 734
512 2048 0 1213 1971 737
768 2048 0 1291 1975 742
1024 2048 0 1399 1980 749
1280 2048 0 1529 1988 759
1536 2048 0 1677 1997 772
1792 2048 0 1838 2010 787
2048 2048 0 2008 2024 804
2303 2048 0 2185 2041 824
2559 2048 0 2367 2061 846
2815 2048 0 2554 2083 871
3071 2048 0 2743 2108 897
3327 2048 0 2935 2136 926
3583 2048 0 3129 2167 956
3839 2048 0 3323 2200 989
4095 2048 0 3528 2231 1006
0 2303 0 1298 2214 825
256 2303 0 1309 2214 825
512 2303 0 1349 2216 828
768 2303 0 1419 2219 832
1024 2303 0 1516 2224 839
1280 2303 0 1635 2230 847
1536 2303 0 1773 2239 858
1792 2303 0 1925 2249 872
2048 2303 0 2088 2261 887
2303 2303 0 2258 2276 905
2559 2303 0 2435 2293 924
2815 2303 0 2617 2312 947
3071 2303 0 2803 2334 971
3327 2303 0 2991 2358 996
3583 2303 0 3182 2385 1024
3839 2303 0 3374 2414 1054
4095 2303 0 3572 2443 1075
0 2559 0 1442 2460 916
256 2559 0 1452 2460 917
512 2559 0 1488 2462 919
768 2559 0 1550 2465 923
1024 2559 0 1638 2469 929
1280 2559 0 1748 2474 936
1536 2559 0 1876 2482 946
1792 2559 0 2020 2491 958
2048 2559 0 2175 2502 972
2303 2559 0 2338 2514 987
2559 2559 0 2509 2529 1005
2815 2559 0 2686 2546 1025
3071 2559 0 2867 2565 1047
3327 2559 0 3052 2586 1070
3583 2559 0 3239 2609 1095
3839 2559 0 3429 2635 1122
4095 2559 0 3621 2662 1148
0 2815 0 1586 2706 1008
256 2815 0 1595 2706 1009
512 2815 0 1627 2708 1011
768 2815 0 1683 2710 1014
1024 2815 0 1763 2714 1019
1280 2815 0 1865 2719 1026
1536 2815 0 1985 2725 1035
1792 2815 0 2120 2733 1045
2048 2815 0 2267 2743 1057
2303 2815 0 2424 2754 1072
2559 2815 0 2589 2767 1088
2815 2815 0 2760 2782 1106
3071 2815 0 2937 2799 1125
3327 2815 0 3117 2818 1146
3583 2815 0 3301 2838 1170
3839 2815 0 3488 2861 1194
4095 2815 0 3677 2885 1220
0 3071 0 1731 2952 1100
256 3071 0 1739 2952 1100
512 3071 0 1767 2954 1102
768 3071 0 1819 2956 1105
1024 3071 0 1892 2959 1110
1280 3071 0 1986 2964 1116
1536 3071 0 2098 2969 1124
1792 3071 0 2225 2977 1133
2048 3071 0 2365 2985 1144
2303 3071 0 2514 2995 1157
2559 3071 0 2673 3007 1172
2815 3071 0 2839 3020 1188
3071 3071 0 3011 3035 1206
3327 3071 0 3188 3052 1226
3583 3071 0 3368 3070 1247
3839 3071 0 3551 3091 1270
4095 3071 0 3737 3113 1294
0 3327 0 1875 3198 1191
256 3327 0 1882 3199 1192
512 3327 0 1908 3200 1193
768 3327 0 1955 3202 1196
1024 3327 0 2023 3205 1200
1280 3327 0 2110 3209 1206
1536 3327 0 2214 3214 1213
1792 3327 0 2334 3220 1222
2048 3327 0 2467 3228 1232
2303 3327 0 2610 3237 1244
2559 3327 0 2763 3248 1257
2815 3327 0 2923 3260 1272
3071 3327 0 3090 3273 1289
3327 3327 0 3262 3288 1307
3583 3327 0 3438 3305 1326
3839 3327 0 3618 3323 1347
4095 3327 0 3801 3343 1369
0 3583 0 2019 3444 1283
256 3583 0 2026 3445 1284
512 3583 0 2050 3446 1285
768 3583 0 2093 3447 1288
1024 3583 0 2155 3450 1291
1280 3583 0 2236 3454 1297
1536 3583 0 2334 3459 1303
1792 3583 0 2447 3464 1311
2048 3583 0 2573 3471 1320
2303 3583 0 2710 3480 1331
2559 3583 0 2857 3489 1344
2815 3583 0 3012 3500 1357
3071 3583 0 3174 3512 1373
3327 3583 0 3341 3526 1389
3583 3583 0 3513 3541 1407
3839 3583 0 3689 3558 1427
4095 3583 0 3869 3576 1447
0 3839 0 2164 3690 1375
256 3839 0 2170 3691 1375
512 3839 0 2192 3692 1376
768 3839 0 2232 3693 1379
1024 3839 0 2290 3696 1382
1280 3839 0 2365 3699 1387
1536 3839 0 2457 3703 1393
1792 3839 0 2564 3709 1401
2048 3839 0 2683 3715 1409
2303 3839 0 2814 3723 1419
2559 3839 0 2955 3732 1431
2815 3839 0 3105 3742 1443
3071 3839 0 3261 3753 1457
3327 3839 0 3424 3765 1473
3583 3839 0 3592 3779 1490
3839 3839 0 3764 3794 1508
4095 3839 0 3940 3811 1527
0 4095 0 2239 3951 1382
256 4095 0 2245 3952 1382
512 4095 0 2266 3952 1382
768 4095 0 2304 3954 1383
1024 4095 0 2358 3957 1383
1280 4095 0 2431 3960 1385
1536 4095 0 2520 3964 1387
1792 4095 0 2622 3970 1388
2048 4095 0 2739 3976 1391
2303 4095 0 2867 3983 1393
2559 4095 0 3005 3991 1395
2815 4095 0 3153 4000 1397
3071 4095 0 3309 4010 1398
3327 4095 0 3472 4022 1397
3583 4095 0 3640 4034 1390
3839 4095 0 3815 4047 1378
4095 4095 0 3981 4048 1342
0 0 256 56 45 237
256 0 256 220 79 234
512 0 256 433 141 245
768 0 256 650 204 261
1024 0 256 860 278 288
1280 0 256 1071 351 319
1536 0 256 1285 421 348
1792 0 256 1500 490 378
2048 0 256 1714 560 408
2303 0 256 1928 629 438
2559 0 256 2143 699 470
2815 0 256 2357 769 505
3071 0 256 2571 839 542
3327 0 256 2786 908 579
3583 0 256 3000 978 618
3839 0 256 3214 1048 656
4095 0 256 3429 1118 695
0 256 256 153 249 243
256 256 256 253 256 247
512 256 256 445 280 260
768 256 256 635 329 293
1024 256 256 847 378 318
1280 256 256 1062 432 344
1536 256 256 1277 490 369
1792 256 256 1492 550 396
2048 256 256 1707 612 423
2303 256 256 1922 675 451
2559 256 256 2137 740 481
2815 256 256 2352 806 516
3071 256 256 2567 872 552
3327 256 256 2781 939 589
3583 256 256 2996 1006 626
3839 256 256 3211 1074 664
4095 256 256 3425 1142 702
0 512 256 288 494 292
256 512 256 356 494 308
512 512 256 500 507 317
768 512 256 683 529 332
1024 512 256 882 559 351
1280 512 256 1086 595 372
1536 512 256 1293 639 397
1792 512 256 1500 688 424
2048 512 256 1708 743 454
2303 512 256 1913 803 487
2559 512 256 2123 863 521
2815 512 256 2338 920 554
3071 512 256 2553 978 587
3327 512 256 2769 1037 621
3583 512 256 2984 1098 656
3839 512 256 3199 1160 692
4095 512 256 3415 1222 728
0 768 256 430 739 366
256 768 256 470 741 367
512 768 256 588 748 373
768 768 256 751 760 383
1024 768 256 934 779 398
1280 768 256 1128 804 416
1536 768 256 1327 835 437
1792 768 256 1528 872 462
2048 768 256 1731 915 491
2303 768 256 1933 962 525
2559 768 256 2135 1015 562
2815 768 256 2338 1072 602
3071 768 256 2543 1130 641
3327 768 256 2753 1186 676
3583 768 256 2968 1240 708
3839 768 256 3184 1295 740
4095 768 256 3401 1350 773
0 1024 256 575 985 430
256 1024 256 604 987 431
512 1024 256 697 991 436
768 1024 256 837 1000 444
1024 1024 256 1003 1013 456
1280 1024 256 1184 1031 472
1536 1024 256 1374 1054 494
1792 1024 256 1568 1083 519
2048 1024 256 1765 1116 547
2303 1024 256 1963 1154 578
2559 1024 256 2163 1196 612
2815 1024 256 2364 1242 648
3071 1024 256 2565 1292 686
3327 1024 256 2766 1346 725
3583 1024 256 2968 1402 766
3839 1024 256 3172 1460 806
4095 1024 256 3415 1485 806
0 1280 256 723 1230 509
256 1280 256 746 1231 511
512 1280 256 821 1235 515
768 1280 256 939 1241 523
1024 1280 256 1088 1252 534
1280 1280 256 1255 1265 549
1536 1280 256 1434 1284 567
1792 1280 256 1620 1306 589
2048 1280 256 1811 1332 614
2303 1280 256 2004 1362 641
2559 1280 256 2200 1397 671
2815 1280 256 2398 1435 703
3071 1280 256 2597 1477 738
3327 1280 256 2797 1522 774
3583 1280 256 2997 1570 812
3839 1280 256 3197 1622 852
4095 1280 256 3435 1647 849
0 1536 256 871 1476 596
256 1536 256 889 1476 597
512 1536 256 951 1479 601
768 1536 256 1052 1485 607
1024 1536 256 1185 1493 617
1280 1536 256 1338 1504 630
1536 1536 256 1506 1518 645
1792 1536 256 1684 1536 664
2048 1536 256 1868 1557 686
2303 1536 256 2056 1582 710
2559 1536 256 2248 1611 737
2815 1536 256 2442 1642 766
3071 1536 256 2638 1678 797
3327 1536 256 2835 1716 830
3583 1536 256 3033 1757 865
3839 1536 256 3231 1802 902
4095 1536 256 3461 1829 900
0 1792 256 1016 1721 683
256 1792 256 1032 1722 685
512 1792 256 1084 1724 688
768 1792 256 1172 1729 693
1024 1792 256 1291 1735 701
1280 1792 256 1431 1744 712
1536 1792 256 1589 1756 726
1792 1792 256 1757 1771 742
2048 1792 256 1934 1789 761
2303 1792 256 2116 1809 783
2559 1792 256 2303 1833 807
2815 1792 256 2493 1860 833
3071 1792 256 2686 1890 861
3327 1792 256 2880 1922 892
3583 1792 256 3076 1958 924
3839 1792 256 3272 1997 958
4095 1792 256 3492 2025 960
0 2048 256 1161 1967 771
256 2048 256 1175 1968 773
512 2048 256 1220 1970 775
768 2048 256 1297 1973 780
1024 2048 256 1404 1979 787
1280 2048 256 1533 1987 796
1536 2048 256 1679 1997 808
1792 2048 256 1839 2009 823
2048 2048 256 2008 2024 839
2303 2048 256 2184 2041 858
2559 2048 256 2366 2061 880
2815 2048 256 2552 2084 903
3071 2048 256 2741 2110 929
3327 2048 256 2932 2138 956
3583 2048 256 3125 2169 986
3839 2048 256 3319 2202 1017
4095 2048 256 3528 2231 1027
0 2303 256 1305 2213 858
256 2303 256 1316 2213 859
512 2303 256 1355 2215 861
768 2303 256 1424 2218 865
1024 2303 256 1520 2223 872
1280 2303 256 1639 2229 880
1536 2303 256 1776 2238 891
1792 2303 256 1927 2248 903
2048 2303 256 2089 2261 918
2303 2303 256 2258 2276 936
2559 2303 256 2435 2293 955
2815 2303 256 2616 2313 976
3071 2303 256 2801 2335 999
3327 2303 256 2989 2359 1024
3583 2303 256 3179 2386 1051
3839 2303 256 3371 2415 1080
4095 2303 256 3571 2444 1097
0 2559 256 1448 2459 946
256 2559 256 1458 2459 947
512 2559 256 1493 2461 949
768 2559 256 1555 2463 953
1024 2559 256 1642 2468 958
1280 2559 256 1752 2473 966
1536 2559 256 1879 2481 975
1792 2559 256 2022 2490 986
2048 2559 256 2176 2501 1000
2303 2559 256 2339 2514 1015
2559 2559 256 2509 2529 1032
2815 2559 256 2686 2546 1052
3071 2559 256 2866 2565 1073
3327 2559 256 3051 2587 1095
3583 2559 256 3238 2610 1120
3839 2559 256 3427 2636 1146
4095 2559 256 3619 2663 1171
0 2815 256 1592 2705 1035
256 2815 256 1601 2705 1035
512 2815 256 1632 2707 1037
768 2815 256 1688 2709 1041
1024 2815 256 1768 2713 1045
1280 2815 256 1869 2718 1052
1536 2815 256 1988 2724 1061
1792 2815 256 2122 2733 1071
2048 2815 256 2269 2742 1083
2303 2815 256 2425 2754 1097
2559 2815 256 2589 2767 1112
2815 2815 256 2760 2782 1130
3071 2815 256 2936 2799 1149
3327 2815 256 3117 2818 1170
3583 2815 256 3300 2839 1193
3839 2815 256 3487 2861 1217
4095 2815 256 3675 2886 1242
0 3071 256 1736 2951 1124
256 3071 256 1744 2952 1124
512 3071 256 1772 2953 1126
768 3071 256 1823 2955 1129
1024 3071 256 1896 2958 1134
1280 3071 256 1989 2963 1140
1536 3071 256 2101 2969 1147
1792 3071 256 2227 2976 1157
2048 3071 256 2367 2985 1168
2303 3071 256 2516 2995 1180
2559 3071 256 2674 3006 1195
2815 3071 256 2840 3020 1211
3071 3071 256 3011 3035 1228
3327 3071 256 3187 3052 1247
3583 3071 256 3367 3070 1268
3839 3071 256 3550 3091 1290
4095 3071 256 3736 3113 1314
0 3327 256 1879 3197 1214
256 3327 256 1887 3198 1214
512 3327 256 1913 3199 1215
768 3327 256 1959 3201 1218
1024 3327 256 2027 3204 1222
1280 3327 256 2113 3208 1228
1536 3327 256 2217 3213 1235
1792 3327 256 2337 3220 1243
2048 3327 256 2469 3227 1253
2303 3327 256 2612 3237 1265
2559 3327 256 2764 3247 1278
2815 3327 256 2924 3259 1293
3071 3327 256 3091 3273 1309
3327 3327 256 3262 3288 1327
3583 3327 256 3438 3305 1346
3839 3327 256 3618 3323 1367
4095 3327 256 3800 3343 1389
0 3583 256 2023 3444 1303
256 3583 256 2030 3444 1304
512 3583 256 2054 3445 1305
768 3583 256 2097 3447 1308
1024 3583 256 2159 3449 1311
1280 3583 256 2240 3453 1316
1536 3583 256 2337 3458 1323
1792 3583 256 2450 3464 1331
2048 3583 256 2576 3471 1340
2303 3583 256 2712 3479 1351
2559 3583 256 2859 3489 1363
2815 3583 256 3013 3500 1376
3071 3583 256 3174 3512 1391
3327 3583 256 3342 3526 1408
3583 3583 256 3513 3541 1426
3839 3583 256 3689 3558 1445
4095 3583 256 3868 3576 1465
0 3839 256 2167 3690 1393
256 3839 256 2174 3690 1394
512 3839 256 2195 3691 1395
768 3839 256 2235 3693 1397
1024 3839 256 2293 3695 1401
1280 3839 256 2368 3698 1406
1536 3839 256 2460 3703 1412
1792 3839 256 2566 3708 1419
2048 3839 256 2686 3715 1427
2303 3839 256 2816 3722 1437
2559 3839 256 2957 3731 1448
2815 3839 256 3106 3741 1461
3071 3839 256 3262 3752 1475
3327 3839 256 3425 3765 1490
3583 3839 256 3592 3779 1507
3839 3839 256 3764 3794 1525
4095 3839 256 3940 3811 1544
0 4095 256 2239 3951 1395
256 4095 256 2245 3952 1396
512 4095 256 2266 3953 1396
768 4095 256 2304 3954 1397
1024 4095 256 2359 3957 1397
1280 4095 256 2431 3960 1399
1536 4095 256 2520 3964 1401
1792 4095 256 2622 3970 1402
2048 4095 256 2739 3976 1405
2303 4095 256 2867 3983 1406
2559 4095 256 3006 3991 1408
2815 4095 256 3154 4000 1411
3071 4095 256 3309 4010 1412
3327 4095 256 3472 4022 1410
3583 4095 256 3640 4034 1403
3839 4095 256 3815 4047 1391
4095 4095 256 3981 4048 1355
0 0 512 181 171 487
256 0 512 237 107 464
512 0 512 442 156 469
768 0 512 653 217 477
1024 0 512 862 287 489
1280 0 512 1074 356 506
1536 0 512 1287 425 524
1792 0 512 1501 494 544
2048 0 512 1715 563 567
2303 0 512 1929 632 591
2559 0 512 2143 702 617
2815 0 512 2357 771 644
3071 0 512 2571 841 673
3327 0 512 2786 910 703
3583 0 512 3000 980 734
3839 0 512 3214 1050 766
4095 0 512 3429 1119 799
0 256 512 187 272 482
256 256 512 269 267 451
512 256 512 447 293 462
768 256 512 640 337 477
1024 256 512 850 385 497
1280 256 512 1063 438 516
1536 256 512 1278 494 535
1792 256 512 1493 553 556
2048 256 512 1708 615 578
2303 256 512 1922 678 601
2559 256 512 2137 743 626
2815 256 512 2352 808 653
3071 256 512 2567 874 681
3327 256 512 2782 941 711
3583 256 512 2996 1008 741
3839 256 512 3211 1076 773
4095 256 512 3425 1143 806
0 512 512 288 500 489
256 512 512 365 500 486
512 512 512 507 512 494
768 512 512 702 527 499
1024 512 512 883 564 520
1280 512 512 1066 613 549
1536 512 512 1269 661 571
1792 512 512 1479 709 592
2048 512 512 1693 759 613
2303 512 512 1907 811 635
2559 512 512 2122 866 659
2815 512 512 2338 922 684
3071 512 512 2553 980 711
3327 512 512 2769 1039 738
3583 512 512 2984 1100 767
3839 512 512 3199 1161 798
4095 512 512 3415 1224 829
0 768 512 441 741 530
256 768 512 489 741 537
512 768 512 586 753 526
768 768 512 754 763 544
1024 768 512 931 783 565
1280 768 512 1115 813 587
1536 768 512 1306 849 611
1792 768 512 1501 891 636
2048 768 512 1699 938 663
2303 768 512 1902 986 688
2559 768 512 2112 1035 712
2815 768 512 2324 1085 736
3071 768 512 2538 1136 760
3327 768 512 2753 1188 786
3583 768 512 2968 1242 813
3839 768 512 3183 1296 841
4095 768 512 3400 1351 869
0 1024 512 587 985 588
256 1024 512 622 985 595
512 1024 512 714 989 604
768 1024 512 846 999 613
1024 1024 512 1004 1014 626
1280 1024 512 1178 1035 642
1536 1024 512 1361 1061 661
1792 1024 512 1550 1092 682
2048 1024 512 1743 1129 705
2303 1024 512 1939 1169 731
2559 1024 512 2137 1213 759
2815 1024 512 2337 1261 789
3071 1024 512 2539 1312 820
3327 1024 512 2746 1362 847
3583 1024 512 2958 1411 873
3839 1024 512 3171 1462 900
4095 1024 512 3415 1486 898
0 1280 512 733 1230 652
256 1280 512 759 1230 657
512 1280 512 840 1231 672
768 1280 512 952 1239 679
1024 1280 512 1094 1250 689
1280 1280 512 1255 1266 702
1536 1280 512 1429 1286 718
1792 1280 512 1610 1310 736
2048 1280 512 1797 1339 757
2303 1280 512 1988 1371 780
2559 1280 512 2182 1408 806
2815 1280 512 2379 1447 833
3071 1280 512 2577 1491 863
3327 1280 512 2776 1537 894
3583 1280 512 2976 1586 927
3839 1280 512 3182 1634 955
4095 1280 512 3435 1648 935
0 1536 512 877 1476 720
256 1536 512 899 1475 725
512 1536 512 969 1476 741
768 1536 512 1068 1481 748
1024 1536 512 1195 1490 757
1280 1536 512 1343 1502 768
1536 1536 512 1507 1518 781
1792 1536 512 1680 1538 798
2048 1536 512 1861 1561 816
2303 1536 512 2046 1587 837
2559 1536 512 2235 1617 860
2815 1536 512 2428 1650 885
3071 1536 512 2622 1687 913
3327 1536 512 2818 1726 942
3583 1536 512 3016 1769 973
3839 1536 512 3215 1813 1004
4095 1536 512 3461 1829 981
0 1792 512 1022 1721 793
256 1792 512 1041 1721 798
512 1792 512 1101 1721 813
768 1792 512 1188 1725 820
1024 1792 512 1303 1732 827
1280 1792 512 1440 1742 837
1536 1792 512 1593 1755 849
1792 1792 512 1758 1771 863
2048 1792 512 1931 1790 880
2303 1792 512 2111 1811 899
2559 1792 512 2295 1836 920
2815 1792 512 2484 1864 943
3071 1792 512 2674 1895 969
3327 1792 512 2867 1929 996
3583 1792 512 3062 1966 1025
3839 1792 512 3258 2005 1055
4095 1792 512 3492 2025 1035
0 2048 512 1168 1967 870
256 2048 512 1184 1967 875
512 2048 512 1236 1967 888
768 2048 512 1313 1970 894
1024 2048 512 1417 1976 901
1280 2048 512 1542 1984 909
1536 2048 512 1686 1995 920
1792 2048 512 1842 2008 933
2048 2048 512 2009 2024 948
2303 2048 512 2182 2042 965
2559 2048 512 2362 2063 984
2815 2048 512 2546 2087 1005
3071 2048 512 2733 2113 1028
3327 2048 512 2922 2142 1053
3583 2048 512 3114 2174 1080
3839 2048 512 3308 2208 1109
4095 2048 512 3528 2232 1096
0 2303 512 1313 2211 950
256 2303 512 1326 2211 954
512 2303 512 1371 2212 964
768 2303 512 1440 2215 970
1024 2303 512 1534 2220 975
1280 2303 512 1650 2227 983
1536 2303 512 1784 2235 993
1792 2303 512 1933 2247 1004
2048 2303 512 2092 2260 1018
2303 2303 512 2259 2276 1033
2559 2303 512 2433 2294 1051
2815 2303 512 2612 2314 1070
3071 2303 512 2796 2337 1092
3327 2303 512 2982 2362 1114
3583 2303 512 3171 2390 1139
3839 2303 512 3362 2420 1166
4095 2303 512 3569 2445 1165
0 2559 512 1458 2457 1032
256 2559 512 1470 2457 1036
512 2559 512 1509 2458 1043
768 2559 512 1571 2460 1048
1024 2559 512 1656 2465 1053
1280 2559 512 1763 2471 1060
1536 2559 512 1889 2478 1068
1792 2559 512 2029 2488 1079
2048 2559 512 2181 2499 1091
2303 2559 512 2341 2513 1105
2559 2559 512 2510 2529 1121
2815 2559 512 2684 2546 1139
3071 2559 512 2864 2566 1158
3327 2559 512 3046 2588 1179
3583 2559 512 3232 2612 1202
3839 2559 512 3420 2639 1227
4095 2559 512 3615 2665 1241
0 2815 512 1604 2703 1117
256 2815 512 1614 2703 1118
512 2815 512 1647 2704 1123
768 2815 512 1703 2706 1128
1024 2815 512 1781 2710 1132
1280 2815 512 1880 2715 1138
1536 2815 512 1997 2722 1146
1792 2815 512 2130 2730 1156
2048 2815 512 2275 2741 1167
2303 2815 512 2429 2752 1180
2559 2815 512 2592 2766 1194
2815 2815 512 2761 2782 1211
3071 2815 512 2936 2799 1229
3327 2815 512 3114 2819 1248
3583 2815 512 3297 2840 1270
3839 2815 512 3482 2863 1292
4095 2815 512 3670 2888 1316
0 3071 512 1747 2949 1200
256 3071 512 1756 2949 1201
512 3071 512 1787 2950 1206
768 3071 512 1837 2952 1209
1024 3071 512 1909 2955 1213
1280 3071 512 2001 2960 1219
1536 3071 512 2110 2966 1226
1792 3071 512 2235 2974 1235
2048 3071 512 2373 2983 1245
2303 3071 512 2521 2993 1257
2559 3071 512 2678 3005 1271
2815 3071 512 2842 3019 1286
3071 3071 512 3012 3035 1302
3327 3071 512 3187 3052 1320
3583 3071 512 3365 3071 1340
3839 3071 512 3547 3092 1361
4095 3071 512 3732 3114 1384
0 3327 512 1891 3195 1284
256 3327 512 1899 3195 1285
512 3327 512 1927 3196 1289
768 3327 512 1973 3198 1292
1024 3327 512 2039 3201 1296
1280 3327 512 2124 3205 1301
1536 3327 512 2227 3211 1308
1792 3327 512 2345 3217 1316
2048 3327 512 2476 3226 1325
2303 3327 512 2617 3235 1336
2559 3327 512 2769 3246 1349
2815 3327 512 2927 3258 1363
3071 3327 512 3092 3272 1378
3327 3327 512 3263 3288 1395
3583 3327 512 3438 3305 1413
3839 3327 512 3616 3324 1433
4095 3327 512 3798 3344 1454
0 3583 512 2034 3441 1369
256 3583 512 2042 3442 1370
512 3583 512 2067 3442 1374
768 3583 512 2109 3444 1376
1024 3583 512 2171 3447 1380
1280 3583 512 2250 3451 1384
1536 3583 512 2347 3456 1391
1792 3583 512 2458 3462 1398
2048 3583 512 2583 3469 1407
2303 3583 512 2718 3477 1417
2559 3583 512 2863 3487 1429
2815 3583 512 3017 3499 1442
3071 3583 512 3177 3511 1456
3327 3583 512 3343 3525 1471
3583 3583 512 3514 3541 1489
3839 3583 512 3689 3558 1507
4095 3583 512 3867 3576 1527
0 3839 512 2178 3688 1455
256 3839 512 2185 3688 1456
512 3839 512 2208 3688 1459
768 3839 512 2247 3690 1461
1024 3839 512 2304 3693 1464
1280 3839 512 2379 3696 1469
1536 3839 512 2469 3701 1475
1792 3839 512 2575 3706 1481
2048 3839 512 2693 3713 1490
2303 3839 512 2822 3721 1499
2559 3839 512 2962 3730 1510
2815 3839 512 3110 3740 1522
3071 3839 512 3266 3751 1535
3327 3839 512 3427 3764 1550
3583 3839 512 3594 3778 1566
3839 3839 512 3765 3794 1583
4095 3839 512 3940 3811 1602
0 4095 512 2240 3952 1443
256 4095 512 2245 3952 1443
512 4095 512 2266 3953 1443
768 4095 512 2304 3954 1444
1024 4095 512 2359 3957 1445
1280 4095 512 2431 3960 1446
1536 4095 512 2520 3965 1448
1792 4095 512 2623 3970 1449
2048 4095 512 2740 3976 1452
2303 4095 512 2867 3983 1453
2559 4095 512 3006 3991 1455
2815 4095 512 3154 4000 1457
3071 4095 512 3310 4011 1458
3327 4095 512 3472 4022 1456
3583 4095 512 3641 4034 1450
3839 4095 512 3815 4048 1438
4095 4095 512 3980 4047 1402
0 0 768 210 205 725
256 0 768 267 137 701
512 0 768 459 177 700
768 0 768 666 228 707
1024 0 768 869 300 708
1280 0 768 1080 365 720
1536 0 768 1292 433 734
1792 0 768 1505 500 750
2048 0 768 1718 569 767
2303 0 768 1931 637 786
2559 0 768 2145 706 806
2815 0 768 2359 775 827
3071 0 768 2573 844 850
3327 0 768 2787 913 874
3583 0 768 3001 983 899
3839 0 768 3215 1052 925
4095 0 768 3429 1122 952
0 256 768 220 289 718
256 256 768 306 281 671
512 256 768 467 310 659
768 256 768 654 349 682
1024 256 768 859 395 703
1280 256 768 1070 446 721
1536 256 768 1283 501 738
1792 256 768 1497 559 756
2048 256 768 1711 620 774
2303 256 768 1924 683 793
2559 256 768 2139 747 813
2815 256 768 2353 812 834
3071 256 768 2568 877 857
3327 256 768 2783 944 880
3583 256 768 2997 1011 905
3839 256 768 3212 1078 931
4095 256 768 3426 1146 958
0 512 768 315 506 708
256 512 768 387 508 689
512 512 768 517 518 722
768 512 768 709 533 725
1024 512 768 880 576 719
1280 512 768 1069 622 737
1536 512 768 1272 667 758
1792 512 768 1482 715 778
2048 512 768 1695 764 798
2303 512 768 1908 816 817
2559 512 768 2123 870 837
2815 512 768 2339 926 858
3071 512 768 2554 983 880
3327 512 768 2769 1042 903
3583 512 768 2985 1102 927
3839 512 768 3200 1164 952
4095 512 768 3415 1226 978
0 768 768 455 746 728
256 768 768 501 746 727
512 768 768 600 756 734
768 768 768 760 768 741
1024 768 768 953 782 745
1280 768 768 1156 800 751
1536 768 768 1325 845 780
1792 768 768 1503 896 811
2048 768 768 1698 944 835
2303 768 768 1902 991 857
2559 768 768 2112 1039 878
2815 768 768 2324 1088 899
3071 768 768 2538 1139 920
3327 768 768 2753 1191 942
3583 768 768 2968 1244 965
3839 768 768 3183 1299 989
4095 768 768 3402 1352 1011
0 1024 768 593 989 771
256 1024 768 627 989 775
512 1024 768 721 993 782
768 1024 768 829 1010 763
1024 1024 768 1007 1020 768
1280 1024 768 1199 1033 774
1536 1024 768 1400 1050 781
1792 1024 768 1586 1080 811
2048 1024 768 1770 1118 844
2303 1024 768 1943 1170 888
2559 1024 768 2132 1220 921
2815 1024 768 2331 1269 947
3071 1024 768 2537 1317 971
3327 1024 768 2746 1365 994
3583 1024 768 2957 1414 1016
3839 1024 768 3170 1464 1039
4095 1024 768 3416 1488 1036
0 1280 768 737 1233 824
256 1280 768 763 1233 828
512 1280 768 844 1234 839
768 1280 768 941 1246 828
1024 1280 768 1084 1259 821
1280 1280 768 1255 1271 840
1536 1280 768 1433 1288 861
1792 1280 768 1615 1312 883
2048 1280 768 1801 1340 907
2303 1280 768 1989 1374 931
2559 1280 768 2180 1411 957
2815 1280 768 2374 1453 984
3071 1280 768 2569 1498 1013
3327 1280 768 2765 1546 1043
3583 1280 768 2966 1595 1071
3839 1280 768 3181 1636 1087
4095 1280 768 3436 1649 1068
0 1536 768 881 1478 881
256 1536 768 902 1478 886
512 1536 768 972 1478 898
768 1536 768 1070 1483 905
1024 1536 768 1192 1494 905
1280 1536 768 1343 1505 918
1536 1536 768 1506 1521 933
1792 1536 768 1679 1540 950
2048 1536 768 1858 1564 969
2303 1536 768 2041 1591 990
2559 1536 768 2228 1622 1012
2815 1536 768 2419 1657 1036
3071 1536 768 2611 1694 1062
3327 1536 768 2806 1735 1088
3583 1536 768 3002 1778 1116
3839 1536 768 3212 1817 1132
4095 1536 768 3462 1830 1107
0 1792 768 1025 1723 943
256 1792 768 1043 1723 947
512 1792 768 1104 1723 960
768 1792 768 1196 1725 974
1024 1792 768 1308 1733 980
1280 1792 768 1443 1743 990
1536 1792 768 1594 1756 1002
1792 1792 768 1757 1772 1016
2048 1792 768 1929 1792 1032
2303 1792 768 2106 1815 1050
2559 1792 768 2288 1841 1070
2815 1792 768 2474 1870 1091
3071 1792 768 2663 1902 1115
3327 1792 768 2855 1937 1139
3583 1792 768 3048 1975 1165
3839 1792 768 3248 2012 1186
4095 1792 768 3492 2026 1154
0 2048 768 1171 1968 1010
256 2048 768 1186 1968 1014
512 2048 768 1239 1968 1026
768 2048 768 1324 1969 1042
1024 2048 768 1427 1974 1051
1280 2048 768 1551 1983 1060
1536 2048 768 1691 1994 1070
1792 2048 768 1845 2008 1082
2048 2048 768 2009 2024 1096
2303 2048 768 2179 2044 1112
2559 2048 768 2356 2066 1130
2815 2048 768 2538 2091 1149
3071 2048 768 2723 2118 1170
3327 2048 768 2911 2148 1193
3583 2048 768 3102 2181 1218
3839 2048 768 3294 2216 1243
4095 2048 768 3528 2233 1208
0 2303 768 1315 2213 1079
256 2303 768 1328 2212 1082
512 2303 768 1376 2212 1094
768 2303 768 1453 2213 1111
1024 2303 768 1549 2217 1122
1280 2303 768 1662 2224 1129
1536 2303 768 1793 2234 1138
1792 2303 768 1938 2245 1148
2048 2303 768 2095 2260 1161
2303 2303 768 2259 2276 1175
2559 2303 768 2431 2295 1191
2815 2303 768 2608 2316 1209
3071 2303 768 2789 2340 1229
3327 2303 768 2973 2366 1250
3583 2303 768 3160 2395 1272
3839 2303 768 3350 2426 1297
4095 2303 768 3569 2446 1269
0 2559 768 1460 2458 1152
256 2559 768 1472 2458 1155
512 2559 768 1514 2458 1166
768 2559 768 1585 2458 1182
1024 2559 768 1673 2461 1193
1280 2559 768 1777 2468 1199
1536 2559 768 1900 2476 1207
1792 2559 768 2037 2486 1217
2048 2559 768 2186 2498 1228
2303 2559 768 2344 2512 1241
2559 2559 768 2510 2529 1256
2815 2559 768 2682 2547 1272
3071 2559 768 2859 2568 1290
3327 2559 768 3040 2591 1309
3583 2559 768 3224 2616 1330
3839 2559 768 3411 2643 1353
4095 2559 768 3616 2666 1337
0 2815 768 1606 2704 1228
256 2815 768 1617 2703 1230
512 2815 768 1654 2703 1240
768 2815 768 1719 2703 1256
1024 2815 768 1799 2706 1265
1280 2815 768 1896 2712 1271
1536 2815 768 2010 2719 1278
1792 2815 768 2140 2728 1287
2048 2815 768 2282 2738 1297
2303 2815 768 2434 2751 1309
2559 2815 768 2594 2765 1322
2815 2815 768 2761 2782 1337
3071 2815 768 2934 2800 1354
3327 2815 768 3111 2820 1372
3583 2815 768 3291 2842 1392
3839 2815 768 3475 2866 1413
4095 2815 768 3667 2890 1414
0 3071 768 1751 2949 1305
256 3071 768 1761 2949 1308
512 3071 768 1795 2949 1317
768 3071 768 1854 2949 1331
1024 3071 768 1927 2952 1339
1280 3071 768 2017 2957 1344
1536 3071 768 2124 2963 1351
1792 3071 768 2247 2971 1359
2048 3071 768 2382 2980 1368
2303 3071 768 2528 2991 1379
2559 3071 768 2683 3004 1392
2815 3071 768 2845 3018 1406
3071 3071 768 3012 3034 1421
3327 3071 768 3185 3052 1438
3583 3071 768 3362 3072 1456
3839 3071 768 3543 3094 1476
4095 3071 768 3727 3117 1490
0 3327 768 1897 3195 1385
256 3327 768 1906 3195 1387
512 3327 768 1937 3195 1396
768 3327 768 1989 3195 1407
1024 3327 768 2057 3197 1414
1280 3327 768 2141 3202 1419
1536 3327 768 2242 3207 1425
1792 3327 768 2358 3214 1433
2048 3327 768 2486 3223 1442
2303 3327 768 2626 3233 1452
2559 3327 768 2775 3244 1463
2815 3327 768 2932 3257 1476
3071 3327 768 3095 3271 1491
3327 3327 768 3263 3287 1506
3583 3327 768 3437 3305 1524
3839 3327 768 3614 3324 1542
4095 3327 768 3794 3346 1561
0 3583 768 2042 3441 1466
256 3583 768 2050 3440 1468
512 3583 768 2079 3440 1476
768 3583 768 2126 3441 1485
1024 3583 768 2189 3443 1491
1280 3583 768 2267 3447 1496
1536 3583 768 2362 3452 1502
1792 3583 768 2471 3459 1509
2048 3583 768 2594 3466 1517
2303 3583 768 2727 3475 1526
2559 3583 768 2871 3485 1537
2815 3583 768 3022 3497 1549
3071 3583 768 3181 3510 1563
3327 3583 768 3345 3524 1577
3583 3583 768 3514 3540 1593
3839 3583 768 3688 3558 1611
4095 3583 768 3865 3577 1629
0 3839 768 2188 3686 1549
256 3839 768 2195 3686 1551
512 3839 768 2221 3686 1558
768 3839 768 2263 3687 1564
1024 3839 768 2322 3689 1570
1280 3839 768 2395 3693 1574
1536 3839 768 2484 3697 1579
1792 3839 768 2588 3703 1586
2048 3839 768 2705 3710 1594
2303 3839 768 2832 3718 1602
2559 3839 768 2970 3727 1613
2815 3839 768 3117 3738 1624
3071 3839 768 3271 3750 1637
3327 3839 768 3431 3763 1650
3583 3839 768 3596 3777 1665
3839 3839 768 3765 3793 1682
4095 3839 768 3939 3811 1699
0 4095 768 2241 3952 1525
256 4095 768 2247 3952 1525
512 4095 768 2267 3953 1525
768 4095 768 2305 3955 1526
1024 4095 768 2360 3958 1526
1280 4095 768 2432 3961 1528
1536 4095 768 2521 3965 1530
1792 4095 768 2623 3971 1530
2048 4095 768 2740 3977 1533
2303 4095 768 2868 3984 1534
2559 4095 768 3007 3992 1536
2815 4095 768 3155 4001 1538
3071 4095 768 3310 4011 1539
3327 4095 768 3473 4022 1537
3583 4095 768 3642 4035 1531
3839 4095 768 3816 4048 1518
4095 4095 768 3980 4047 1483
0 0 1024 239 215 955
256 0 1024 302 187 948
512 0 1024 478 201 947
768 0 1024 676 258 929
1024 0 1024 880 317 932
1280 0 1024 1089 379 941
1536 0 1024 1299 444 952
1792 0 1024 1510 510 964
2048 0 1024 1723 577 979
2303 0 1024 1934 644 994
2559 0 1024 2148 712 1011
2815 0 1024 2361 781 1029
3071 0 1024 2575 849 1048
3327 0 1024 2789 918 1068
3583 0 1024 3002 987 1089
3839 0 1024 3216 1056 1111
4095 0 1024 3430 1126 1134
0 256 1024 247 289 944
256 256 1024 338 300 910
512 256 1024 495 332 873
768 256 1024 674 365 896
1024 256 1024 873 408 915
1280 256 1024 1080 457 934
1536 256 1024 1290 511 950
1792 256 1024 1503 568 966
2048 256 1024 1716 628 982
2303 256 1024 1928 689 998
2559 256 1024 2142 753 1015
2815 256 1024 2356 817 1034
3071 256 1024 2570 883 1053
3327 256 1024 2784 949 1073
3583 256 1024 2998 1015 1094
3839 256 1024 3213 1082 1115
4095 256 1024 3427 1150 1138
0 512 1024 341 516 940
256 512 1024 408 519 919
512 512 1024 549 534 884
768 512 1024 714 549 927
1024 512 1024 888 591 913
1280 512 1024 1078 632 932
1536 512 1024 1279 676 954
1792 512 1024 1488 722 975
2048 512 1024 1699 771 994
2303 512 1024 1912 822 1013
2559 512 1024 2126 875 1032
2815 512 1024 2341 931 1051
3071 512 1024 2556 988 1070
3327 512 1024 2771 1046 1090
3583 512 1024 2986 1106 1111
3839 512 1024 3201 1168 1132
4095 512 1024 3416 1230 1155
0 768 1024 470 755 943
256 768 1024 516 755 935
512 768 1024 631 761 924
768 768 1024 770 773 968
1024 768 1024 960 787 971
1280 768 1024 1162 805 976
1536 768 1024 1320 857 980
1792 768 1024 1504 905 999
2048 768 1024 1701 951 1021
2303 768 1024 1905 997 1042
2559 768 1024 2114 1044 1062
2815 768 1024 2326 1093 1081
3071 768 1024 2540 1143 1101
3327 768 1024 2754 1195 1121
3583 768 1024 2969 1248 1142
3839 768 1024 3184 1302 1163
4095 768 1024 3405 1353 1181
0 1024 1024 601 996 972
256 1024 1024 637 996 971
512 1024 1024 735 998 970
768 1024 1024 838 1014 984
1024 1024 1024 1014 1024 988
1280 1024 1024 1205 1037 992
1536 1024 1024 1405 1054 997
1792 1024 1024 1610 1074 1004
2048 1024 1024 1766 1127 1040
2303 1024 1024 1940 1178 1072
2559 1024 1024 2131 1226 1098
2815 1024 1024 2331 1274 1121
3071 1024 1024 2537 1321 1143
3327 1024 1024 2746 1369 1164
3583 1024 1024 2958 1418 1184
3839 1024 1024 3171 1468 1205
4095 1024 1024 3417 1490 1203
0 1280 1024 746 1237 1013
256 1280 1024 773 1237 1015
512 1280 1024 853 1239 1021
768 1280 1024 947 1251 1019
1024 1280 1024 1081 1266 1009
1280 1280 1024 1260 1276 1013
1536 1280 1024 1451 1289 1019
1792 1280 1024 1650 1305 1025
2048 1280 1024 1853 1323 1033
2303 1280 1024 2060 1344 1042
2559 1280 1024 2214 1398 1100
2815 1280 1024 2383 1452 1146
3071 1280 1024 2568 1502 1179
3327 1280 1024 2763 1551 1207
3583 1280 1024 2965 1599 1232
3839 1280 1024 3182 1639 1246
4095 1280 1024 3437 1651 1230
0 1536 1024 888 1481 1063
256 1536 1024 910 1481 1066
512 1536 1024 979 1481 1075
768 1536 1024 1074 1487 1079
1024 1536 1024 1159 1510 1036
1280 1536 1024 1326 1518 1040
1536 1536 1024 1507 1529 1045
1792 1536 1024 1698 1542 1052
2048 1536 1024 1890 1558 1072
2303 1536 1024 2077 1582 1100
2559 1536 1024 2265 1610 1128
2815 1536 1024 2454 1643 1156
3071 1536 1024 2645 1680 1184
3327 1536 1024 2828 1726 1222
3583 1536 1024 3001 1782 1271
3839 1536 1024 3212 1820 1285
4095 1536 1024 3463 1832 1264
0 1792 1024 1032 1725 1118
256 1792 1024 1050 1725 1121
512 1792 1024 1111 1725 1131
768 1792 1024 1200 1728 1141
1024 1792 1024 1299 1740 1132
1280 1792 1024 1422 1755 1110
1536 1792 1024 1586 1765 1126
1792 1792 1024 1757 1778 1144
2048 1792 1024 1934 1795 1164
2303 1792 1024 2114 1816 1184
2559 1792 1024 2298 1841 1206
2815 1792 1024 2484 1869 1228
3071 1792 1024 2673 1901 1252
3327 1792 1024 2864 1936 1277
3583 1792 1024 3050 1976 1311
3839 1792 1024 3248 2015 1332
4095 1792 1024 3494 2028 1304
0 2048 1024 1177 1970 1177
256 2048 1024 1193 1970 1180
512 2048 1024 1244 1970 1190
768 2048 1024 1327 1971 1202
1024 2048 1024 1427 1978 1207
1280 2048 1024 1542 1989 1200
1536 2048 1024 1686 1999 1212
1792 2048 1024 1843 2012 1226
2048 2048 1024 2008 2028 1241
2303 2048 1024 2179 2047 1258
2559 2048 1024 2356 2069 1276
2815 2048 1024 2538 2093 1296
3071 2048 1024 2722 2121 1317
3327 2048 1024 2910 2152 1339
3583 2048 1024 3099 2185 1363
3839 2048 1024 3292 2220 1386
4095 2048 1024 3530 2234 1351
0 2303 1024 1320 2214 1238
256 2303 1024 1334 2214 1241
512 2303 1024 1380 2214 1251
768 2303 1024 1456 2215 1264
1024 2303 1024 1552 2218 1276
1280 2303 1024 1662 2227 1278
1536 2303 1024 1794 2236 1288
1792 2303 1024 1939 2248 1299
2048 2303 1024 2095 2262 1312
2303 2303 1024 2258 2278 1327
2559 2303 1024 2429 2297 1343
2815 2303 1024 2605 2319 1360
3071 2303 1024 2784 2343 1379
3327 2303 1024 2968 2370 1400
3583 2303 1024 3154 2400 1421
3839 2303 1024 3342 2431 1444
4095 2303 1024 3571 2448 1404
0 2559 1024 1465 2459 1303
256 2559 1024 1477 2459 1306
512 2559 1024 1518 2459 1314
768 2559 1024 1587 2459 1328
1024 2559 1024 1679 2462 1343
1280 2559 1024 1784 2468 1352
1536 2559 1024 1905 2476 1360
1792 2559 1024 2041 2486 1370
2048 2559 1024 2189 2499 1381
2303 2559 1024 2345 2513 1394
2559 2559 1024 2510 2530 1408
2815 2559 1024 2680 2549 1424
3071 2559 1024 2855 2571 1441
3327 2559 1024 3034 2594 1460
3583 2559 1024 3217 2620 1479
3839 2559 1024 3402 2648 1501
4095 2559 1024 3617 2667 1464
0 2815 1024 1610 2705 1370
256 2815 1024 1620 2704 1373
512 2815 1024 1657 2704 1381
768 2815 1024 1721 2704 1395
1024 2815 1024 1807 2706 1411
1280 2815 1024 1907 2710 1423
1536 2815 1024 2020 2718 1430
1792 2815 1024 2148 2727 1439
2048 2815 1024 2288 2738 1449
2303 2815 1024 2438 2751 1460
2559 2815 1024 2596 2766 1473
2815 2815 1024 2761 2782 1488
3071 2815 1024 2932 2801 1503
3327 2815 1024 3107 2822 1520
3583 2815 1024 3285 2845 1539
3839 2815 1024 3467 2870 1559
4095 2815 1024 3668 2892 1534
0 3071 1024 1754 2950 1440
256 3071 1024 1764 2950 1442
512 3071 1024 1798 2950 1450
768 3071 1024 1857 2950 1464
1024 3071 1024 1937 2951 1481
1280 3071 1024 2032 2954 1494
1536 3071 1024 2137 2961 1500
1792 3071 1024 2258 2969 1508
2048 3071 1024 2391 2979 1517
2303 3071 1024 2534 2990 1527
2559 3071 1024 2687 3003 1539
2815 3071 1024 2846 3018 1553
3071 3071 1024 3012 3035 1567
3327 3071 1024 3183 3054 1583
3583 3071 1024 3358 3074 1600
3839 3071 1024 3537 3096 1618
4095 3071 1024 3724 3119 1615
0 3327 1024 1899 3196 1512
256 3327 1024 1908 3196 1515
512 3327 1024 1939 3195 1522
768 3327 1024 1994 3195 1535
1024 3327 1024 2069 3196 1552
1280 3327 1024 2157 3199 1565
1536 3327 1024 2256 3205 1570
1792 3327 1024 2370 3212 1578
2048 3327 1024 2497 3221 1586
2303 3327 1024 2634 3231 1596
2559 3327 1024 2781 3242 1607
2815 3327 1024 2936 3256 1619
3071 3327 1024 3097 3271 1632
3327 3327 1024 3264 3288 1647
3583 3327 1024 3435 3306 1663
3839 3327 1024 3610 3326 1680
4095 3327 1024 3789 3348 1699
0 3583 1024 2045 3441 1587
256 3583 1024 2053 3441 1589
512 3583 1024 2081 3441 1596
768 3583 1024 2132 3441 1608
1024 3583 1024 2202 3441 1625
1280 3583 1024 2285 3444 1637
1536 3583 1024 2378 3449 1642
1792 3583 1024 2486 3456 1649
2048 3583 1024 2606 3463 1656
2303 3583 1024 2737 3473 1665
2559 3583 1024 2879 3483 1676
2815 3583 1024 3028 3495 1687
3071 3583 1024 3185 3509 1700
3327 3583 1024 3347 3524 1713
3583 3583 1024 3515 3540 1728
3839 3583 1024 3686 3559 1745
4095 3583 1024 3862 3578 1762
0 3839 1024 2190 3687 1663
256 3839 1024 2197 3687 1665
512 3839 1024 2224 3687 1672
768 3839 1024 2271 3686 1683
1024 3839 1024 2337 3686 1700
1280 3839 1024 2414 3689 1710
1536 3839 1024 2501 3694 1715
1792 3839 1024 2603 3700 1721
2048 3839 1024 2718 3707 1728
2303 3839 1024 2844 3715 1736
2559 3839 1024 2980 3725 1746
2815 3839 1024 3124 3736 1757
3071 3839 1024 3276 3748 1769
3327 3839 1024 3434 3762 1782
3583 3839 1024 3598 3777 1796
3839 3839 1024 3766 3793 1811
4095 3839 1024 3938 3811 1827
0 4095 1024 2242 3953 1638
256 4095 1024 2248 3953 1638
512 4095 1024 2269 3954 1638
768 4095 1024 2307 3956 1638
1024 4095 1024 2361 3958 1639
1280 4095 1024 2434 3962 1640
1536 4095 1024 2522 3966 1642
1792 4095 1024 2625 3971 1643
2048 4095 1024 2741 3977 1645
2303 4095 1024 2869 3985 1647
2559 4095 1024 3007 3993 1648
2815 4095 1024 3156 4002 1650
3071 4095 1024 3311 4012 1650
3327 4095 1024 3474 4023 1649
3583 4095 1024 3643 4036 1643
3839 4095 1024 3817 4049 1630
4095 4095 1024 3980 4046 1595
0 0 1280 285 222 1185
256 0 1280 338 215 1183
512 0 1280 502 237 1172
768 0 1280 695 283 1162
1024 0 1280 896 337 1161
1280 0 1280 1101 395 1166
1536 0 1280 1309 457 1174
1792 0 1280 1519 521 1184
2048 0 1280 1730 587 1196
2303 0 1280 1941 653 1209
2559 0 1280 2153 720 1223
2815 0 1280 2366 788 1239
3071 0 1280 2579 856 1255
3327 0 1280 2792 924 1272
3583 0 1280 3005 993 1291
3839 0 1280 3219 1061 1310
4095 0 1280 3433 1130 1329
0 256 1280 297 313 1175
256 256 1280 376 324 1144
512 256 1280 528 354 1103
768 256 1280 699 385 1119
1024 256 1280 892 424 1136
1280 256 1280 1095 470 1152
1536 256 1280 1302 523 1166
1792 256 1280 1512 578 1181
2048 256 1280 1723 637 1195
2303 256 1280 1934 698 1210
2559 256 1280 2147 760 1225
2815 256 1280 2360 824 1242
3071 256 1280 2574 889 1258
3327 256 1280 2788 954 1276
3583 256 1280 3001 1020 1294
3839 256 1280 3215 1087 1313
4095 256 1280 3429 1154 1333
0 512 1280 379 529 1170
256 512 1280 439 533 1149
512 512 1280 580 549 1098
768 512 1280 733 572 1104
1024 512 1280 904 607 1110
1280 512 1280 1092 645 1131
1536 512 1280 1291 687 1155
1792 512 1280 1497 732 1177
2048 512 1280 1707 779 1197
2303 512 1280 1918 829 1216
2559 512 1280 2132 882 1234
2815 512 1280 2346 937 1252
3071 512 1280 2560 993 1270
3327 512 1280 2774 1052 1289
3583 512 1280 2989 1111 1307
3839 512 1280 3204 1172 1327
4095 512 1280 3418 1234 1347
0 768 1280 494 764 1167
256 768 1280 539 765 1156
512 768 1280 656 772 1129
768 768 1280 792 785 1150
1024 768 1280 970 794 1201
1280 768 1280 1152 825 1181
1536 768 1280 1322 871 1175
1792 768 1280 1509 915 1192
2048 768 1280 1706 959 1213
2303 768 1280 1910 1004 1234
2559 768 1280 2119 1051 1254
2815 768 1280 2330 1099 1274
3071 768 1280 2543 1149 1293
3327 768 1280 2757 1200 1312
3583 768 1280 2972 1253 1332
3839 768 1280 3187 1307 1351
4095 768 1280 3408 1356 1368
0 1024 1280 621 1003 1183
256 1024 1280 655 1003 1179
512 1024 1280 753 1006 1168
768 1024 1280 871 1017 1180
1024 1024 1280 1023 1029 1214
1280 1024 1280 1212 1042 1218
1536 1024 1280 1411 1059 1222
1792 1024 1280 1602 1086 1226
2048 1024 1280 1761 1139 1240
2303 1024 1280 1940 1187 1261
2559 1024 1280 2133 1234 1284
2815 1024 1280 2333 1280 1305
3071 1024 1280 2539 1327 1326
3327 1024 1280 2748 1374 1346
3583 1024 1280 2960 1423 1366
3839 1024 1280 3172 1472 1386
4095 1024 1280 3419 1494 1387
0 1280 1280 761 1243 1213
256 1280 1280 787 1243 1212
512 1280 1280 868 1245 1211
768 1280 1280 971 1253 1217
1024 1280 1280 1089 1270 1231
1280 1280 1280 1267 1280 1234
1536 1280 1280 1457 1293 1239
1792 1280 1280 1655 1308 1244
2048 1280 1280 1858 1327 1250
2303 1280 1280 2058 1350 1260
2559 1280 1280 2207 1408 1300
2815 1280 1280 2380 1460 1332
3071 1280 1280 2567 1509 1360
3327 1280 1280 2763 1557 1384
3583 1280 1280 2965 1604 1407
3839 1280 1280 3183 1643 1421
4095 1280 1280 3439 1654 1410
0 1536 1280 901 1486 1255
256 1536 1280 922 1485 1257
512 1536 1280 991 1486 1261
768 1536 1280 1086 1492 1266
1024 1536 1280 1167 1513 1252
1280 1536 1280 1333 1521 1256
1536 1536 1280 1513 1532 1260
1792 1536 1280 1703 1545 1265
2048 1536 1280 1900 1560 1271
2303 1536 1280 2101 1577 1278
2559 1536 1280 2307 1596 1285
2815 1536 1280 2514 1617 1294
3071 1536 1280 2656 1679 1360
3327 1536 1280 2824 1733 1404
3583 1536 1280 3000 1787 1443
3839 1536 1280 3213 1824 1455
4095 1536 1280 3465 1835 1439
0 1792 1280 1042 1729 1305
256 1792 1280 1060 1729 1306
512 1792 1280 1119 1729 1312
768 1792 1280 1208 1732 1320
1024 1792 1280 1303 1744 1314
1280 1792 1280 1408 1765 1281
1536 1792 1280 1578 1774 1285
1792 1792 1280 1760 1785 1290
2048 1792 1280 1950 1797 1296
2303 1792 1280 2146 1812 1302
2559 1792 1280 2347 1828 1310
2815 1792 1280 2551 1846 1319
3071 1792 1280 2757 1866 1328
3327 1792 1280 2900 1922 1409
3583 1792 1280 3048 1982 1480
3839 1792 1280 3249 2018 1497
4095 1792 1280 3496 2030 1474
0 2048 1280 1184 1973 1357
256 2048 1280 1200 1973 1359
512 2048 1280 1251 1973 1366
768 2048 1280 1333 1975 1376
1024 2048 1280 1430 1982 1379
1280 2048 1280 1523 2000 1349
1536 2048 1280 1652 2018 1314
1792 2048 1280 1825 2027 1319
2048 2048 1280 2008 2037 1336
2303 2048 1280 2193 2050 1359
2559 2048 1280 2379 2067 1382
2815 2048 1280 2566 2089 1405
3071 2048 1280 2754 2113 1428
3327 2048 1280 2944 2141 1452
3583 2048 1280 3107 2185 1514
3839 2048 1280 3292 2223 1545
4095 2048 1280 3532 2237 1515
0 2303 1280 1326 2216 1413
256 2303 1280 1340 2216 1415
512 2303 1280 1386 2216 1422
768 2303 1280 1461 2217 1433
1024 2303 1280 1556 2221 1442
1280 2303 1280 1656 2233 1434
1536 2303 1280 1768 2249 1407
1792 2303 1280 1924 2258 1421
2048 2303 1280 2088 2270 1437
2303 2303 1280 2258 2284 1454
2559 2303 1280 2433 2301 1473
2815 2303 1280 2612 2321 1492
3071 2303 1280 2794 2344 1512
3327 2303 1280 2978 2370 1533
3583 2303 1280 3165 2398 1555
3839 2303 1280 3342 2434 1598
4095 2303 1280 3572 2450 1561
0 2559 1280 1470 2461 1471
256 2559 1280 1482 2461 1473
512 2559 1280 1523 2461 1481
768 2559 1280 1592 2462 1493
1024 2559 1280 1682 2464 1505
1280 2559 1280 1783 2471 1508
1536 2559 1280 1893 2483 1497
1792 2559 1280 2033 2493 1508
2048 2559 1280 2184 2504 1521
2303 2559 1280 2343 2518 1535
2559 2559 1280 2509 2534 1551
2815 2559 1280 2680 2553 1568
3071 2559 1280 2856 2573 1586
3327 2559 1280 3036 2597 1605
3583 2559 1280 3218 2623 1625
3839 2559 1280 3400 2651 1651
4095 2559 1280 3619 2669 1614
0 2815 1280 1614 2706 1532
256 2815 1280 1625 2706 1535
512 2815 1280 1662 2706 1542
768 2815 1280 1726 2706 1554
1024 2815 1280 1811 2708 1568
1280 2815 1280 1909 2713 1578
1536 2815 1280 2017 2722 1577
1792 2815 1280 2146 2730 1586
2048 2815 1280 2287 2741 1597
2303 2815 1280 2437 2754 1609
2559 2815 1280 2595 2768 1623
2815 2815 1280 2760 2785 1638
3071 2815 1280 2930 2804 1654
3327 2815 1280 3105 2825 1671
3583 2815 1280 3283 2848 1689
3839 2815 1280 3464 2873 1709
4095 2815 1280 3670 2893 1675
0 3071 1280 1758 2952 1596
256 3071 1280 1768 2952 1598
512 3071 1280 1802 2951 1605
768 3071 1280 1861 2951 1617
1024 3071 1280 1940 2952 1632
1280 3071 1280 2035 2955 1645
1536 3071 1280 2140 2962 1652
1792 3071 1280 2261 2970 1660
2048 3071 1280 2393 2980 1669
2303 3071 1280 2536 2991 1680
2559 3071 1280 2688 3005 1692
2815 3071 1280 2847 3020 1705
3071 3071 1280 3012 3037 1720
3327 3071 1280 3181 3056 1736
3583 3071 1280 3355 3077 1753
3839 3071 1280 3533 3099 1771
4095 3071 1280 3726 3121 1747
0 3327 1280 1903 3197 1662
256 3327 1280 1912 3197 1664
512 3327 1280 1943 3197 1671
768 3327 1280 1997 3197 1683
1024 3327 1280 2072 3197 1698
1280 3327 1280 2163 3199 1713
1536 3327 1280 2265 3204 1724
1792 3327 1280 2377 3212 1731
2048 3327 1280 2503 3220 1740
2303 3327 1280 2639 3231 1749
2559 3327 1280 2785 3243 1760
2815 3327 1280 2938 3256 1772
3071 3327 1280 3098 3272 1786
3327 3327 1280 3263 3289 1800
3583 3327 1280 3433 3308 1816
3839 3327 1280 3607 3328 1832
4095 3327 1280 3787 3350 1836
0 3583 1280 2048 3442 1730
256 3583 1280 2056 3442 1732
512 3583 1280 2085 3442 1739
768 3583 1280 2135 3442 1750
1024 3583 1280 2205 3442 1765
1280 3583 1280 2292 3444 1782
1536 3583 1280 2389 3448 1794
1792 3583 1280 2496 3454 1801
2048 3583 1280 2615 3462 1809
2303 3583 1280 2745 3472 1818
2559 3583 1280 2885 3482 1828
2815 3583 1280 3033 3495 1839
3071 3583 1280 3188 3509 1851
3327 3583 1280 3348 3524 1865
3583 3583 1280 3514 3541 1879
3839 3583 1280 3684 3560 1895
4095 3583 1280 3858 3580 1912
0 3839 1280 2193 3688 1800
256 3839 1280 2200 3688 1802
512 3839 1280 2227 3688 1808
768 3839 1280 2274 3687 1820
1024 3839 1280 2339 3688 1834
1280 3839 1280 2422 3689 1851
1536 3839 1280 2515 3692 1865
1792 3839 1280 2616 3698 1872
2048 3839 1280 2730 3705 1879
2303 3839 1280 2854 3713 1887
2559 3839 1280 2988 3723 1896
2815 3839 1280 3131 3735 1907
3071 3839 1280 3281 3747 1918
3327 3839 1280 3437 3761 1931
3583 3839 1280 3599 3777 1944
3839 3839 1280 3766 3794 1959
4095 3839 1280 3936 3812 1975
0 4095 1280 2245 3954 1775
256 4095 1280 2251 3954 1775
512 4095 1280 2271 3955 1775
768 4095 1280 2309 3957 1775
1024 4095 1280 2363 3960 1776
1280 4095 1280 2436 3963 1778
1536 4095 1280 2524 3967 1779
1792 4095 1280 2627 3972 1780
2048 4095 1280 2743 3979 1782
2303 4095 1280 2871 3986 1784
2559 4095 1280 3009 3994 1785
2815 4095 1280 3157 4003 1787
3071 4095 1280 3313 4013 1787
3327 4095 1280 3475 4024 1785
3583 4095 1280 3644 4037 1779
3839 4095 1280 3819 4050 1767
4095 4095 1280 3979 4044 1732
0 0 1536 342 256 1420
256 0 1536 381 252 1418
512 0 1536 531 273 1407
768 0 1536 717 312 1396
1024 0 1536 914 361 1392
1280 0 1536 1116 415 1394
1536 0 1536 1321 474 1399
1792 0 1536 1529 536 1407
2048 0 1536 1739 600 1416
2303 0 1536 1948 665 1428
2559 0 1536 2160 730 1440
2815 0 1536 2371 797 1454
3071 0 1536 2584 864 1468
3327 0 1536 2796 932 1483
3583 0 1536 3009 1000 1499
3839 0 1536 3222 1068 1516
4095 0 1536 3436 1137 1534
0 256 1536 343 338 1414
256 256 1536 413 349 1388
512 256 1536 563 379 1340
768 256 1536 727 406 1350
1024 256 1536 914 443 1362
1280 256 1536 1112 487 1375
1536 256 1536 1316 537 1387
1792 256 1536 1523 591 1400
2048 256 1536 1733 649 1413
2303 256 1536 1942 708 1426
2559 256 1536 2154 770 1440
2815 256 1536 2366 833 1455
3071 256 1536 2579 897 1470
3327 256 1536 2792 962 1485
3583 256 1536 3005 1028 1502
3839 256 1536 3219 1094 1519
4095 256 1536 3432 1160 1537
0 512 1536 413 543 1409
256 512 1536 471 548 1387
512 512 1536 612 566 1329
768 512 1536 764 595 1294
1024 512 1536 928 625 1313
1280 512 1536 1112 660 1337
1536 512 1536 1307 700 1362
1792 512 1536 1510 743 1385
2048 512 1536 1718 789 1405
2303 512 1536 1927 839 1424
2559 512 1536 2139 891 1442
2815 512 1536 2352 945 1459
3071 512 1536 2565 1001 1477
3327 512 1536 2779 1059 1494
3583 512 1536 2993 1118 1511
3839 512 1536 3207 1178 1529
4095 512 1536 3421 1240 1547
0 768 1536 523 774 1397
256 768 1536 566 776 1384
512 768 1536 682 784 1349
768 768 1536 823 801 1326
1024 768 1536 983 803 1433
1280 768 1536 1156 845 1371
1536 768 1536 1331 886 1370
1792 768 1536 1519 927 1387
2048 768 1536 1716 970 1409
2303 768 1536 1918 1014 1430
2559 768 1536 2126 1059 1452
2815 768 1536 2336 1107 1472
3071 768 1536 2548 1156 1491
3327 768 1536 2762 1206 1510
3583 768 1536 2976 1259 1529
3839 768 1536 3190 1313 1548
4095 768 1536 3408 1364 1565
0 1024 1536 643 1012 1404
256 1024 1536 677 1012 1396
512 1024 1536 775 1016 1376
768 1024 1536 902 1026 1365
1024 1024 1536 1035 1036 1444
1280 1024 1536 1222 1049 1447
1536 1024 1536 1419 1065 1450
1792 1024 1536 1592 1104 1435
2048 1024 1536 1761 1152 1437
2303 1024 1536 1943 1198 1453
2559 1024 1536 2137 1243 1474
2815 1024 1536 2338 1288 1495
3071 1024 1536 2543 1334 1516
3327 1024 1536 2752 1381 1536
3583 1024 1536 2963 1429 1556
3839 1024 1536 3175 1478 1576
4095 1024 1536 3421 1499 1581
0 1280 1536 777 1251 1422
256 1280 1536 803 1251 1419
512 1280 1536 885 1253 1411
768 1280 1536 996 1259 1409
1024 1280 1536 1102 1275 1455
1280 1280 1536 1276 1285 1461
1536 1280 1536 1465 1298 1464
1792 1280 1536 1661 1313 1468
2048 1280 1536 1864 1331 1473
2303 1280 1536 2042 1367 1481
2559 1280 1536 2201 1420 1500
2815 1280 1536 2379 1470 1523
3071 1280 1536 2568 1517 1546
3327 1280 1536 2765 1564 1569
3583 1280 1536 2967 1610 1590
3839 1280 1536 3185 1649 1605
4095 1280 1536 3442 1659 1601
0 1536 1536 913 1492 1455
256 1536 1536 935 1492 1455
512 1536 1536 1004 1493 1454
768 1536 1536 1104 1497 1456
1024 1536 1536 1198 1512 1469
1280 1536 1536 1341 1526 1478
1536 1536 1536 1520 1536 1481
1792 1536 1536 1710 1549 1486
2048 1536 1536 1906 1564 1490
2303 1536 1536 2106 1581 1496
2559 1536 1536 2311 1600 1503
2815 1536 1536 2496 1633 1521
3071 1536 1536 2648 1690 1560
3327 1536 1536 2820 1742 1593
3583 1536 1536 3000 1794 1623
3839 1536 1536 3215 1828 1636
4095 1536 1536 3467 1839 1627
0 1792 1536 1051 1734 1497
256 1792 1536 1069 1734 1498
512 1792 1536 1129 1735 1501
768 1792 1536 1220 1737 1506
1024 1792 1536 1318 1748 1509
1280 1792 1536 1416 1768 1499
1536 1792 1536 1585 1777 1502
1792 1792 1536 1766 1788 1506
2048 1792 1536 1956 1800 1511
2303 1792 1536 2151 1815 1517
2559 1792 1536 2351 1831 1523
2815 1792 1536 2555 1849 1530
3071 1792 1536 2761 1869 1538
3327 1792 1536 2891 1932 1609
3583 1792 1536 3046 1988 1659
3839 1792 1536 3251 2022 1673
4095 1792 1536 3498 2034 1657
0 2048 1536 1194 1977 1545
256 2048 1536 1209 1977 1547
512 2048 1536 1261 1977 1551
768 2048 1536 1343 1979 1558
1024 2048 1536 1438 1986 1562
1280 2048 1536 1525 2005 1542
1536 2048 1536 1658 2020 1526
1792 2048 1536 1831 2030 1530
2048 2048 1536 2013 2040 1535
2303 2048 1536 2202 2053 1541
2559 2048 1536 2397 2067 1547
2815 2048 1536 2597 2083 1554
3071 2048 1536 2799 2100 1562
3327 2048 1536 2979 2130 1599
3583 2048 1536 3103 2191 1694
3839 2048 1536 3293 2227 1716
4095 2048 1536 3534 2240 1693
0 2303 1536 1334 2220 1596
256 2303 1536 1348 2220 1598
512 2303 1536 1394 2220 1603
768 2303 1536 1469 2221 1612
1024 2303 1536 1562 2225 1619
1280 2303 1536 1658 2237 1612
1536 2303 1536 1739 2264 1554
1792 2303 1536 1902 2272 1558
2048 2303 1536 2077 2281 1562
2303 2303 1536 2260 2292 1568
2559 2303 1536 2449 2305 1574
2815 2303 1536 2644 2318 1581
3071 2303 1536 2843 2334 1588
3327 2303 1536 3037 2353 1610
3583 2303 1536 3174 2399 1716
3839 2303 1536 3342 2438 1765
4095 2303 1536 3575 2452 1734
0 2559 1536 1477 2464 1650
256 2559 1536 1489 2464 1652
512 2559 1536 1530 2464 1658
768 2559 1536 1599 2464 1668
1024 2559 1536 1688 2467 1678
1280 2559 1536 1786 2475 1679
1536 2559 1536 1882 2492 1655
1792 2559 1536 1986 2514 1598
2048 2559 1536 2157 2521 1617
2303 2559 1536 2331 2530 1636
2559 2559 1536 2509 2542 1656
2815 2559 1536 2689 2557 1676
3071 2559 1536 2872 2575 1697
3327 2559 1536 3056 2595 1718
3583 2559 1536 3242 2619 1740
3839 2559 1536 3399 2655 1816
4095 2559 1536 3621 2672 1781
0 2815 1536 1621 2709 1707
256 2815 1536 1632 2709 1709
512 2815 1536 1669 2708 1715
768 2815 1536 1732 2709 1726
1024 2815 1536 1815 2711 1737
1280 2815 1536 1912 2716 1744
1536 2815 1536 2013 2727 1736
1792 2815 1536 2117 2744 1705
2048 2815 1536 2268 2753 1718
2303 2815 1536 2425 2763 1733
2559 2815 1536 2590 2776 1749
2815 2815 1536 2760 2791 1766
3071 2815 1536 2934 2808 1784
3327 2815 1536 3111 2828 1803
3583 2815 1536 3291 2850 1822
3839 2815 1536 3469 2875 1855
4095 2815 1536 3673 2896 1833
0 3071 1536 1765 2954 1766
256 3071 1536 1774 2954 1768
512 3071 1536 1808 2953 1774
768 3071 1536 1866 2953 1784
1024 3071 1536 1945 2955 1797
1280 3071 1536 2038 2958 1808
1536 3071 1536 2140 2966 1810
1792 3071 1536 2246 2978 1796
2048 3071 1536 2382 2987 1805
2303 3071 1536 2528 2998 1817
2559 3071 1536 2683 3010 1831
2815 3071 1536 2844 3025 1845
3071 3071 1536 3011 3041 1861
3327 3071 1536 3182 3059 1878
3583 3071 1536 3357 3080 1895
3839 3071 1536 3535 3102 1914
4095 3071 1536 3729 3123 1895
0 3327 1536 1909 3199 1827
256 3327 1536 1918 3198 1829
512 3327 1536 1949 3198 1835
768 3327 1536 2002 3198 1845
1024 3327 1536 2076 3199 1858
1280 3327 1536 2166 3201 1871
1536 3327 1536 2266 3207 1880
1792 3327 1536 2372 3216 1877
2048 3327 1536 2498 3225 1884
2303 3327 1536 2635 3235 1895
2559 3327 1536 2782 3247 1907
2815 3327 1536 2936 3260 1919
3071 3327 1536 3097 3275 1933
3327 3327 1536 3262 3292 1948
3583 3327 1536 3432 3311 1965
3839 3327 1536 3606 3331 1982
4095 3327 1536 3789 3353 1973
0 3583 1536 2054 3444 1890
256 3583 1536 2062 3444 1892
512 3583 1536 2090 3444 1898
768 3583 1536 2139 3443 1908
1024 3583 1536 2209 3444 1921
1280 3583 1536 2295 3446 1936
1536 3583 1536 2392 3449 1948
1792 3583 1536 2497 3457 1952
2048 3583 1536 2616 3465 1959
2303 3583 1536 2746 3474 1969
2559 3583 1536 2885 3485 1979
2815 3583 1536 3033 3497 1991
3071 3583 1536 3188 3511 2003
3327 3583 1536 3348 3526 2017
3583 3583 1536 3514 3544 2032
3839 3583 1536 3683 3562 2047
4095 3583 1536 3856 3583 2064
0 3839 1536 2198 3689 1955
256 3839 1536 2205 3689 1957
512 3839 1536 2231 3689 1962
768 3839 1536 2277 3689 1972
1024 3839 1536 2343 3689 1985
1280 3839 1536 2425 3690 2001
1536 3839 1536 2519 3693 2015
1792 3839 1536 2622 3698 2024
2048 3839 1536 2734 3706 2032
2303 3839 1536 2858 3714 2040
2559 3839 1536 2992 3724 2049
2815 3839 1536 3134 3736 2060
3071 3839 1536 3283 3748 2071
3327 3839 1536 3439 3763 2084
3583 3839 1536 3599 3778 2098
3839 3839 1536 3765 3796 2112
4095 3839 1536 3934 3814 2128
0 4095 1536 2248 3955 1931
256 4095 1536 2254 3956 1931
512 4095 1536 2275 3957 1932
768 4095 1536 2312 3958 1932
1024 4095 1536 2367 3961 1933
1280 4095 1536 2439 3964 1934
1536 4095 1536 2527 3969 1935
1792 4095 1536 2630 3974 1937
2048 4095 1536 2746 3980 1938
2303 4095 1536 2874 3987 1940
2559 4095 1536 3012 3995 1942
2815 4095 1536 3160 4004 1943
3071 4095 1536 3315 4014 1943
3327 4095 1536 3477 4026 1942
3583 4095 1536 3646 4038 1936
3839 4095 1536 3821 4051 1925
4095 4095 1536 3981 4045 1889
0 0 1792 394 295 1655
256 0 1792 426 292 1654
512 0 1792 563 310 1642
768 0 1792 741 343 1633
1024 0 1792 934 387 1627
1280 0 1792 1133 438 1625
1536 0 1792 1336 494 1627
1792 0 1792 1542 553 1633
2048 0 1792 1749 615 1640
2303 0 1792 1958 678 1649
2559 0 1792 2168 742 1660
2815 0 1792 2378 808 1672
3071 0 1792 2590 874 1684
3327 0 1792 2802 941 1698
3583 0 1792 3014 1008 1713
3839 0 1792 3227 1076 1728
4095 0 1792 3440 1144 1744
0 256 1792 393 367 1650
256 256 1792 455 377 1627
512 256 1792 597 404 1583
768 256 1792 756 431 1585
1024 256 1792 938 465 1592
1280 256 1792 1131 507 1602
1536 256 1792 1332 555 1611
1792 256 1792 1537 607 1622
2048 256 1792 1744 663 1633
2303 256 1792 1952 721 1645
2559 256 1792 2163 781 1658
2815 256 1792 2374 844 1671
3071 256 1792 2586 906 1685
3327 256 1792 2798 971 1699
3583 256 1792 3010 1036 1714
3839 256 1792 3224 1101 1730
4095 256 1792 3437 1167 1746
0 512 1792 457 561 1642
256 512 1792 509 565 1623
512 512 1792 644 583 1567
768 512 1792 799 616 1509
1024 512 1792 957 644 1524
1280 512 1792 1135 677 1550
1536 512 1792 1327 714 1574
1792 512 1792 1526 756 1596
2048 512 1792 1731 801 1617
2303 512 1792 1938 850 1635
2559 512 1792 2148 901 1653
2815 512 1792 2360 954 1670
3071 512 1792 2572 1010 1687
3327 512 1792 2785 1067 1703
3583 512 1792 2998 1126 1720
3839 512 1792 3212 1185 1736
4095 512 1792 3426 1247 1753
0 768 1792 555 786 1632
256 768 1792 596 789 1619
512 768 1792 711 798 1578
768 768 1792 854 816 1536
1024 768 1792 1003 835 1556
1280 768 1792 1171 865 1558
1536 768 1792 1347 902 1565
1792 768 1792 1533 941 1585
2048 768 1792 1729 982 1608
2303 768 1792 1930 1024 1631
2559 768 1792 2136 1069 1653
2815 768 1792 2345 1115 1674
3071 768 1792 2556 1164 1694
3327 768 1792 2768 1214 1713
3583 768 1792 2981 1266 1731
3839 768 1792 3195 1319 1749
4095 768 1792 3413 1370 1767
0 1024 1792 667 1022 1634
256 1024 1792 699 1023 1625
512 1024 1792 798 1027 1598
768 1024 1792 929 1038 1569
1024 1024 1792 1066 1052 1587
1280 1024 1792 1234 1056 1678
1536 1024 1792 1427 1074 1678
1792 1024 1792 1591 1122 1631
2048 1024 1792 1765 1166 1632
2303 1024 1792 1950 1210 1647
2559 1024 1792 2144 1253 1667
2815 1024 1792 2345 1297 1689
3071 1024 1792 2550 1342 1710
3327 1024 1792 2758 1388 1731
3583 1024 1792 2968 1436 1751
3839 1024 1792 3180 1484 1770
4095 1024 1792 3425 1505 1781
0 1280 1792 797 1260 1640
256 1280 1792 823 1260 1635
512 1280 1792 904 1262 1621
768 1280 1792 1020 1269 1606
1024 1280 1792 1143 1281 1622
1280 1280 1792 1287 1291 1690
1536 1280 1792 1474 1304 1693
1792 1280 1792 1670 1319 1696
2048 1280 1792 1871 1337 1700
2303 1280 1792 2032 1384 1690
2559 1280 1792 2199 1433 1698
2815 1280 1792 2380 1480 1716
3071 1280 1792 2571 1526 1736
3327 1280 1792 2768 1572 1757
3583 1280 1792 2971 1618 1778
3839 1280 1792 3189 1655 1796
4095 1280 1792 3445 1665 1799
0 1536 1792 928 1500 1664
256 1536 1792 950 1500 1662
512 1536 1792 1019 1501 1655
768 1536 1792 1123 1505 1649
1024 1536 1792 1235 1515 1660
1280 1536 1792 1352 1530 1704
1536 1536 1792 1529 1541 1707
1792 1536 1792 1717 1554 1711
2048 1536 1792 1913 1568 1715
2303 1536 1792 2112 1585 1720
2559 1536 1792 2316 1604 1725
2815 1536 1792 2482 1649 1738
3071 1536 1792 2642 1702 1761
3327 1536 1792 2818 1752 1785
3583 1536 1792 3002 1801 1809
3839 1536 1792 3218 1834 1823
4095 1536 1792 3470 1844 1822
0 1792 1792 1064 1741 1698
256 1792 1792 1082 1741 1698
512 1792 1792 1142 1741 1696
768 1792 1792 1235 1744 1696
1024 1792 1792 1340 1752 1702
1280 1792 1792 1426 1773 1722
1536 1792 1792 1594 1781 1725
1792 1792 1792 1774 1792 1728
2048 1792 1792 1962 1805 1732
2303 1792 1792 2157 1819 1737
2559 1792 1792 2356 1835 1743
2815 1792 1792 2559 1853 1749
3071 1792 1792 2765 1873 1755
3327 1792 1792 2886 1942 1807
3583 1792 1792 3047 1995 1843
3839 1792 1792 3254 2028 1857
4095 1792 1792 3501 2038 1849
0 2048 1792 1206 1982 1739
256 2048 1792 1221 1982 1740
512 2048 1792 1273 1983 1742
768 2048 1792 1355 1984 1746
1024 2048 1792 1453 1990 1751
1280 2048 1792 1540 2008 1750
1536 2048 1792 1667 2024 1745
1792 2048 1792 1838 2033 1749
2048 2048 1792 2020 2044 1753
2303 2048 1792 2208 2056 1758
2559 2048 1792 2402 2070 1763
2815 2048 1792 2601 2086 1769
3071 2048 1792 2803 2103 1776
3327 2048 1792 2965 2142 1818
3583 2048 1792 3101 2198 1879
3839 2048 1792 3295 2232 1896
4095 2048 1792 3537 2243 1881
0 2303 1792 1345 2225 1786
256 2303 1792 1358 2225 1787
512 2303 1792 1404 2224 1791
768 2303 1792 1480 2225 1797
1024 2303 1792 1573 2230 1803
1280 2303 1792 1667 2242 1801
1536 2303 1792 1746 2267 1769
1792 2303 1792 1909 2275 1772
2048 2303 1792 2083 2284 1776
2303 2303 1792 2265 2295 1781
2559 2303 1792 2455 2308 1786
2815 2303 1792 2649 2321 1792
3071 2303 1792 2847 2337 1799
3327 2303 1792 3048 2354 1806
3583 2303 1792 3168 2407 1909
3839 2303 1792 3344 2443 1941
4095 2303 1792 3578 2456 1917
0 2559 1792 1488 2468 1837
256 2559 1792 1500 2468 1838
512 2559 1792 1540 2468 1843
768 2559 1792 1608 2468 1850
1024 2559 1792 1696 2471 1858
1280 2559 1792 1793 2479 1860
1536 2559 1792 1881 2497 1839
1792 2559 1792 1987 2519 1799
2048 2559 1792 2154 2527 1803
2303 2559 1792 2329 2537 1807
2559 2559 1792 2513 2548 1812
2815 2559 1792 2702 2560 1818
3071 2559 1792 2896 2574 1825
3327 2559 1792 3093 2589 1832
3583 2559 1792 3256 2618 1904
3839 2559 1792 3400 2660 1989
4095 2559 1792 3625 2675 1958
0 2815 1792 1631 2712 1890
256 2815 1792 1641 2712 1891
512 2815 1792 1678 2712 1896
768 2815 1792 1740 2712 1904
1024 2815 1792 1823 2714 1914
1280 2815 1792 1918 2719 1919
1536 2815 1792 2014 2731 1912
1792 2815 1792 2102 2754 1867
2048 2815 1792 2230 2771 1832
2303 2815 1792 2399 2780 1836
2559 2815 1792 2577 2790 1841
2815 2815 1792 2761 2801 1847
3071 2815 1792 2948 2813 1865
3327 2815 1792 3136 2828 1888
3583 2815 1792 3324 2845 1911
3839 2815 1792 3465 2881 2034
4095 2815 1792 3676 2898 2005
0 3071 1792 1773 2956 1945
256 3071 1792 1782 2956 1946
512 3071 1792 1815 2956 1951
768 3071 1792 1873 2956 1960
1024 3071 1792 1951 2958 1970
1280 3071 1792 2043 2961 1980
1536 3071 1792 2142 2969 1980
1792 3071 1792 2240 2985 1959
2048 3071 1792 2336 3008 1902
2303 3071 1792 2497 3015 1917
2559 3071 1792 2664 3024 1934
2815 3071 1792 2836 3035 1952
3071 3071 1792 3011 3048 1971
3327 3071 1792 3189 3064 1990
3583 3071 1792 3369 3082 2010
3839 3071 1792 3549 3103 2035
4095 3071 1792 3732 3126 2059
0 3327 1792 1916 3201 2001
256 3327 1792 1924 3201 2003
512 3327 1792 1955 3201 2008
768 3327 1792 2008 3201 2017
1024 3327 1792 2082 3202 2028
1280 3327 1792 2171 3204 2040
1536 3327 1792 2269 3210 2046
1792 3327 1792 2370 3221 2038
2048 3327 1792 2471 3238 2007
2303 3327 1792 2613 3247 2015
2559 3327 1792 2767 3257 2029
2815 3327 1792 2927 3269 2044
3071 3327 1792 3092 3282 2060
3327 3327 1792 3262 3298 2077
3583 3327 1792 3435 3315 2095
3839 3327 1792 3611 3334 2113
4095 3327 1792 3792 3355 2123
0 3583 1792 2059 3446 2060
256 3583 1792 2067 3446 2062
512 3583 1792 2095 3446 2067
768 3583 1792 2145 3446 2076
1024 3583 1792 2214 3446 2088
1280 3583 1792 2299 3448 2101
1536 3583 1792 2395 3452 2110
1792 3583 1792 2497 3460 2112
2048 3583 1792 2600 3473 2096
2303 3583 1792 2731 3482 2102
2559 3583 1792 2875 3492 2114
2815 3583 1792 3026 3504 2127
3071 3583 1792 3183 3517 2141
3327 3583 1792 3346 3531 2156
3583 3583 1792 3513 3548 2171
3839 3583 1792 3684 3566 2188
4095 3583 1792 3856 3586 2220
0 3839 1792 2203 3691 2121
256 3839 1792 2210 3691 2122
512 3839 1792 2236 3691 2127
768 3839 1792 2282 3691 2136
1024 3839 1792 2348 3691 2149
1280 3839 1792 2429 3692 2162
1536 3839 1792 2522 3695 2175
1792 3839 1792 2623 3701 2181
2048 3839 1792 2727 3711 2176
2303 3839 1792 2851 3720 2183
2559 3839 1792 2986 3729 2193
2815 3839 1792 3129 3740 2204
3071 3839 1792 3280 3753 2216
3327 3839 1792 3437 3767 2230
3583 3839 1792 3598 3782 2244
3839 3839 1792 3764 3799 2259
4095 3839 1792 3934 3818 2275
0 4095 1792 2253 3957 2101
256 4095 1792 2259 3958 2101
512 4095 1792 2279 3958 2102
768 4095 1792 2317 3960 2103
1024 4095 1792 2372 3962 2104
1280 4095 1792 2444 3966 2105
1536 4095 1792 2531 3970 2105
1792 4095 1792 2634 3975 2108
2048 4095 1792 2750 3982 2109
2303 4095 1792 2877 3989 2111
2559 4095 1792 3015 3997 2113
2815 4095 1792 3162 4006 2114
3071 4095 1792 3318 4016 2114
3327 4095 1792 3480 4027 2114
3583 4095 1792 3649 4040 2108
3839 4095 1792 3823 4053 2098
4095 4095 1792 3991 4055 2063
0 0 2048 449 337 1890
256 0 2048 478 335 1890
512 0 2048 598 347 1880
768 0 2048 768 376 1870
1024 0 2048 956 416 1862
1280 0 2048 1152 463 1858
1536 0 2048 1353 516 1858
1792 0 2048 1557 572 1861
2048 0 2048 1762 632 1866
2303 0 2048 1969 693 1873
2559 0 2048 2178 756 1882
2815 0 2048 2388 820 1892
3071 0 2048 2598 885 1904
3327 0 2048 2809 951 1916
3583 0 2048 3021 1018 1929
3839 0 2048 3233 1085 1943
4095 0 2048 3445 1152 1957
0 256 2048 443 398 1887
256 256 2048 499 407 1866
512 256 2048 632 432 1827
768 256 2048 786 457 1823
1024 256 2048 963 489 1827
1280 256 2048 1153 528 1832
1536 256 2048 1350 574 1839
1792 256 2048 1553 624 1848
2048 256 2048 1758 679 1857
2303 256 2048 1964 735 1867
2559 256 2048 2173 794 1878
2815 256 2048 2383 855 1890
3071 256 2048 2594 917 1903
3327 256 2048 2805 981 1916
3583 256 2048 3017 1045 1929
3839 256 2048 3230 1110 1944
4095 256 2048 3442 1175 1958
0 512 2048 500 580 1879
256 512 2048 548 585 1862
512 512 2048 678 603 1808
768 512 2048 834 636 1740
1024 512 2048 989 665 1744
1280 512 2048 1162 695 1768
1536 512 2048 1349 731 1791
1792 512 2048 1545 771 1813
2048 512 2048 1747 815 1832
2303 512 2048 1952 862 1850
2559 512 2048 2160 912 1867
2815 512 2048 2370 965 1884
3071 512 2048 2581 1020 1900
3327 512 2048 2793 1076 1915
3583 512 2048 3005 1134 1931
3839 512 2048 3218 1194 1947
4095 512 2048 3431 1254 1963
0 768 2048 591 800 1866
256 768 2048 630 803 1854
512 768 2048 741 812 1814
768 768 2048 886 832 1760
1024 768 2048 1035 858 1735
1280 768 2048 1195 885 1750
1536 768 2048 1368 919 1765
1792 768 2048 1552 956 1787
2048 768 2048 1745 995 1812
2303 768 2048 1944 1036 1835
2559 768 2048 2148 1080 1858
2815 768 2048 2355 1125 1879
3071 768 2048 2565 1173 1899
3327 768 2048 2776 1223 1918
3583 768 2048 2988 1274 1937
3839 768 2048 3201 1327 1955
4095 768 2048 3419 1377 1972
0 1024 2048 699 1032 1862
256 1024 2048 729 1034 1853
512 1024 2048 824 1039 1825
768 1024 2048 956 1050 1786
1024 1024 2048 1097 1068 1769
1280 1024 2048 1249 1075 1856
1536 1024 2048 1429 1098 1854
1792 1024 2048 1598 1140 1823
2048 1024 2048 1775 1181 1826
2303 1024 2048 1961 1222 1842
2559 1024 2048 2154 1264 1863
2815 1024 2048 2354 1307 1885
3071 1024 2048 2558 1351 1907
3327 1024 2048 2765 1397 1929
3583 1024 2048 2975 1443 1949
3839 1024 2048 3186 1491 1969
4095 1024 2048 3429 1513 1985
0 1280 2048 822 1269 1863
256 1280 2048 847 1270 1857
512 1280 2048 926 1273 1839
768 1280 2048 1043 1279 1815
1024 1280 2048 1174 1291 1807
1280 1280 2048 1308 1303 1874
1536 1280 2048 1485 1311 1923
1792 1280 2048 1679 1326 1926
2048 1280 2048 1869 1351 1916
2303 1280 2048 2029 1401 1890
2559 1280 2048 2202 1447 1894
2815 1280 2048 2385 1492 1909
3071 1280 2048 2576 1536 1928
3327 1280 2048 2774 1581 1949
3583 1280 2048 2976 1626 1970
3839 1280 2048 3193 1664 1990
4095 1280 2048 3449 1672 2001
0 1536 2048 948 1508 1880
256 1536 2048 969 1508 1876
512 1536 2048 1037 1510 1866
768 1536 2048 1143 1514 1852
1024 1536 2048 1263 1523 1849
1280 1536 2048 1381 1536 1895
1536 1536 2048 1540 1547 1936
1792 1536 2048 1727 1559 1939
2048 1536 2048 1921 1574 1942
2303 1536 2048 2119 1591 1946
2559 1536 2048 2323 1610 1951
2815 1536 2048 2473 1665 1947
3071 1536 2048 2640 1715 1959
3327 1536 2048 2819 1763 1977
3583 1536 2048 3006 1810 1998
3839 1536 2048 3222 1842 2016
4095 1536 2048 3474 1850 2022
0 1792 2048 1082 1748 1905
256 1792 2048 1100 1748 1904
512 1792 2048 1159 1749 1899
768 1792 2048 1252 1751 1893
1024 1792 2048 1363 1758 1893
1280 1792 2048 1468 1772 1919
1536 1792 2048 1604 1786 1951
1792 1792 2048 1783 1797 1954
2048 1792 2048 1970 1809 1957
2303 1792 2048 2164 1824 1962
2559 1792 2048 2363 1840 1966
2815 1792 2048 2565 1858 1971
3071 1792 2048 2770 1878 1977
3327 1792 2048 2885 1951 2005
3583 1792 2048 3050 2003 2031
3839 1792 2048 3257 2034 2046
4095 1792 2048 3505 2044 2047
0 2048 2048 1221 1989 1940
256 2048 2048 1236 1989 1939
512 2048 2048 1287 1989 1938
768 2048 2048 1370 1991 1938
1024 2048 2048 1471 1996 1941
1280 2048 2048 1571 2009 1952
1536 2048 2048 1676 2028 1969
1792 2048 2048 1847 2037 1972
2048 2048 2048 2027 2048 1975
2303 2048 2048 2215 2060 1979
2559 2048 2048 2409 2074 1984
2815 2048 2048 2607 2090 1989
3071 2048 2048 2809 2107 1995
3327 2048 2048 2958 2153 2027
3583 2048 2048 3102 2206 2066
3839 2048 2048 3299 2238 2082
4095 2048 2048 3541 2248 2075
0 2303 2048 1359 2230 1981
256 2303 2048 1372 2230 1982
512 2303 2048 1417 2230 1983
768 2303 2048 1493 2231 1986
1024 2303 2048 1587 2235 1990
1280 2303 2048 1684 2245 1995
1536 2303 2048 1757 2270 1989
1792 2303 2048 1917 2279 1992
2048 2303 2048 2091 2288 1995
2303 2303 2048 2272 2299 1999
2559 2303 2048 2461 2311 2004
2815 2303 2048 2654 2325 2009
3071 2303 2048 2852 2340 2015
3327 2303 2048 3053 2357 2021
3583 2303 2048 3165 2414 2100
3839 2303 2048 3347 2448 2123
4095 2303 2048 3582 2460 2108
0 2559 2048 1498 2473 2028
256 2559 2048 1510 2473 2028
512 2559 2048 1551 2473 2031
768 2559 2048 1619 2473 2036
1024 2559 2048 1707 2476 2042
1280 2559 2048 1804 2483 2046
1536 2559 2048 1891 2501 2037
1792 2559 2048 1995 2522 2015
2048 2559 2048 2161 2531 2018
2303 2559 2048 2336 2540 2022
2559 2559 2048 2519 2551 2027
2815 2559 2048 2707 2563 2032
3071 2559 2048 2901 2577 2038
3327 2559 2048 3098 2592 2044
3583 2559 2048 3245 2628 2118
3839 2559 2048 3402 2665 2168
4095 2559 2048 3628 2679 2146
0 2815 2048 1640 2716 2077
256 2815 2048 1651 2716 2078
512 2815 2048 1687 2716 2082
768 2815 2048 1749 2716 2088
1024 2815 2048 1832 2718 2096
1280 2815 2048 1926 2724 2101
1536 2815 2048 2021 2736 2096
1792 2815 2048 2100 2760 2059
2048 2815 2048 2237 2774 2044
2303 2815 2048 2405 2783 2048
2559 2815 2048 2582 2793 2052
2815 2815 2048 2766 2804 2057
3071 2815 2048 2955 2816 2063
3327 2815 2048 3148 2829 2069
3583 2815 2048 3344 2844 2076
3839 2815 2048 3465 2886 2214
4095 2815 2048 3679 2902 2187
0 3071 2048 1781 2960 2129
256 3071 2048 1790 2960 2130
512 3071 2048 1824 2960 2134
768 3071 2048 1881 2960 2141
1024 3071 2048 1959 2961 2150
1280 3071 2048 2051 2965 2158
1536 3071 2048 2147 2974 2158
1792 3071 2048 2239 2990 2138
2048 3071 2048 2318 3019 2072
2303 3071 2048 2480 3027 2076
2559 3071 2048 2651 3036 2080
2815 3071 2048 2829 3046 2085
3071 3071 2048 3013 3057 2090
3327 3071 2048 3202 3069 2097
3583 3071 2048 3395 3082 2103
3839 3071 2048 3543 3108 2237
4095 3071 2048 3735 3129 2234
0 3327 2048 1923 3204 2183
256 3327 2048 1932 3204 2184
512 3327 2048 1963 3204 2188
768 3327 2048 2016 3204 2196
1024 3327 2048 2089 3205 2206
1280 3327 2048 2177 3208 2215
1536 3327 2048 2273 3214 2220
1792 3327 2048 2371 3226 2212
2048 3327 2048 2463 3245 2175
2303 3327 2048 2560 3271 2106
2559 3327 2048 2725 3279 2110
2815 3327 2048 2900 3287 2122
3071 3327 2048 3080 3296 2144
3327 3327 2048 3262 3307 2165
3583 3327 2048 3445 3321 2187
3839 3327 2048 3629 3336 2208
4095 3327 2048 3796 3358 2288
0 3583 2048 2067 3449 2238
256 3583 2048 2075 3449 2240
512 3583 2048 2103 3448 2244
768 3583 2048 2152 3448 2252
1024 3583 2048 2221 3449 2263
1280 3583 2048 2305 3451 2273
1536 3583 2048 2399 3455 2281
1792 3583 2048 2499 3464 2281
2048 3583 2048 2597 3478 2262
2303 3583 2048 2691 3501 2210
2559 3583 2048 2841 3510 2216
2815 3583 2048 3003 3518 2232
3071 3583 2048 3169 3529 2249
3327 3583 2048 3340 3541 2266
3583 3583 2048 3513 3555 2285
3839 3583 2048 3689 3571 2303
4095 3583 2048 3860 3590 2363
0 3839 2048 2210 3693 2296
256 3839 2048 2217 3693 2297
512 3839 2048 2243 3693 2302
768 3839 2048 2289 3693 2310
1024 3839 2048 2354 3693 2320
1280 3839 2048 2434 3695 2332
1536 3839 2048 2526 3698 2343
1792 3839 2048 2625 3704 2348
2048 3839 2048 2726 3715 2340
2303 3839 2048 2836 3729 2325
2559 3839 2048 2967 3740 2322
2815 3839 2048 3112 3751 2327
3071 3839 2048 3268 3762 2340
3327 3839 2048 3429 3775 2355
3583 3839 2048 3594 3789 2371
3839 3839 2048 3764 3805 2388
4095 3839 2048 3936 3822 2405
0 4095 2048 2260 3959 2283
256 4095 2048 2266 3959 2283
512 4095 2048 2287 3960 2283
768 4095 2048 2324 3962 2284
1024 4095 2048 2379 3964 2285
1280 4095 2048 2450 3968 2286
1536 4095 2048 2537 3972 2287
1792 4095 2048 2640 3977 2289
2048 4095 2048 2755 3983 2291
2303 4095 2048 2882 3990 2293
2559 4095 2048 3020 3999 2295
2815 4095 2048 3167 4008 2297
3071 4095 2048 3322 4018 2297
3327 4095 2048 3484 4029 2297
3583 4095 2048 3652 4042 2291
3839 4095 2048 3826 4055 2282
4095 4095 2048 4004 4067 2250
0 0 2303 505 379 2123
256 0 2303 530 377 2124
512 0 2303 634 385 2116
768 0 2303 797 411 2106
1024 0 2303 980 447 2098
1280 0 2303 1173 490 2092
1536 0 2303 1371 540 2089
1792 0 2303 1573 594 2090
2048 0 2303 1777 651 2093
2303 0 2303 1982 711 2098
2559 0 2303 2189 772 2105
2815 0 2303 2398 835 2114
3071 0 2303 2607 899 2124
3327 0 2303 2818 964 2135
3583 0 2303 3028 1029 2147
3839 0 2303 3240 1095 2159
4095 0 2303 3451 1162 2173
0 256 2303 495 431 2122
256 256 2303 544 439 2104
512 256 2303 668 461 2070
768 256 2303 818 485 2061
1024 256 2303 990 515 2062
1280 256 2303 1176 552 2064
1536 256 2303 1370 596 2068
1792 256 2303 1570 644 2075
2048 256 2303 1773 696 2082
2303 256 2303 1978 752 2090
2559 256 2303 2185 809 2100
2815 256 2303 2394 869 2110
3071 256 2303 2603 930 2122
3327 256 2303 2814 993 2133
3583 256 2303 3025 1056 2146
3839 256 2303 3236 1120 2159
4095 256 2303 3448 1185 2173
0 512 2303 545 602 2114
256 512 2303 589 606 2099
512 512 2303 713 624 2048
768 512 2303 869 657 1978
1024 512 2303 1022 686 1970
1280 512 2303 1190 715 1991
1536 512 2303 1373 749 2012
1792 512 2303 1566 788 2032
2048 512 2303 1765 830 2050
2303 512 2303 1967 876 2067
2559 512 2303 2173 925 2084
2815 512 2303 2382 977 2099
3071 512 2303 2591 1031 2114
3327 512 2303 2802 1087 2130
3583 512 2303 3013 1145 2144
3839 512 2303 3225 1203 2160
4095 512 2303 3438 1263 2175
0 768 2303 628 815 2103
256 768 2303 665 818 2090
512 768 2303 773 828 2049
768 768 2303 918 848 1992
1024 768 2303 1069 877 1945
1280 768 2303 1224 906 1948
1536 768 2303 1392 937 1968
1792 768 2303 1573 972 1993
2048 768 2303 1764 1009 2018
2303 768 2303 1960 1049 2042
2559 768 2303 2162 1092 2065
2815 768 2303 2368 1136 2087
3071 768 2303 2576 1184 2107
3327 768 2303 2786 1233 2126
3583 768 2303 2997 1283 2144
3839 768 2303 3209 1336 2162
4095 768 2303 3424 1387 2180
0 1024 2303 728 1044 2097
256 1024 2303 758 1046 2088
512 1024 2303 853 1052 2055
768 1024 2303 984 1064 2011
1024 1024 2303 1128 1083 1974
1280 1024 2303 1276 1102 1992
1536 1024 2303 1442 1121 2029
1792 1024 2303 1613 1159 2012
2048 1024 2303 1790 1197 2021
2303 1024 2303 1975 1236 2039
2559 1024 2303 2167 1277 2061
2815 1024 2303 2366 1319 2084
3071 1024 2303 2569 1362 2107
3327 1024 2303 2775 1406 2129
3583 1024 2303 2984 1452 2150
3839 1024 2303 3194 1500 2170
4095 1024 2303 3433 1523 2191
0 1280 2303 847 1279 2091
256 1280 2303 872 1280 2085
512 1280 2303 951 1283 2063
768 1280 2303 1068 1291 2032
1024 1280 2303 1202 1304 2007
1280 1280 2303 1340 1319 2025
1536 1280 2303 1498 1319 2154
1792 1280 2303 1690 1334 2157
2048 1280 2303 1865 1373 2107
2303 1280 2303 2032 1418 2084
2559 1280 2303 2208 1461 2088
2815 1280 2303 2393 1504 2102
3071 1280 2303 2584 1547 2122
3327 1280 2303 2782 1591 2143
3583 1280 2303 2984 1635 2164
3839 1280 2303 3198 1673 2186
4095 1280 2303 3453 1680 2206
0 1536 2303 970 1517 2100
256 1536 2303 991 1518 2096
512 1536 2303 1059 1519 2081
768 1536 2303 1164 1524 2062
1024 1536 2303 1288 1533 2046
1280 1536 2303 1416 1546 2061
1536 1536 2303 1552 1553 2165
1792 1536 2303 1737 1566 2168
2048 1536 2303 1930 1581 2171
2303 1536 2303 2128 1597 2175
2559 1536 2303 2309 1630 2161
2815 1536 2303 2468 1681 2148
3071 1536 2303 2640 1728 2155
3327 1536 2303 2821 1774 2170
3583 1536 2303 3011 1819 2189
3839 1536 2303 3227 1850 2210
4095 1536 2303 3479 1858 2225
0 1792 2303 1100 1756 2119
256 1792 2303 1118 1757 2116
512 1792 2303 1177 1757 2107
768 1792 2303 1271 1760 2096
1024 1792 2303 1385 1766 2088
1280 1792 2303 1503 1778 2101
1536 1792 2303 1615 1792 2178
1792 1792 2303 1793 1802 2181
2048 1792 2303 1979 1815 2184
2303 1792 2303 2172 1829 2188
2559 1792 2303 2370 1845 2192
2815 1792 2303 2572 1863 2196
3071 1792 2303 2762 1891 2199
3327 1792 2303 2888 1960 2203
3583 1792 2303 3054 2011 2220
3839 1792 2303 3262 2042 2238
4095 1792 2303 3509 2050 2247
0 2048 2303 1236 1996 2145
256 2048 2303 1251 1997 2144
512 2048 2303 1303 1997 2140
768 2048 2303 1387 1999 2135
1024 2048 2303 1491 2003 2133
1280 2048 2303 1601 2013 2142
1536 2048 2303 1695 2032 2186
1792 2048 2303 1856 2042 2197
2048 2048 2303 2036 2053 2200
2303 2048 2303 2223 2065 2203
2559 2048 2303 2416 2079 2207
2815 2048 2303 2613 2095 2212
3071 2048 2303 2814 2112 2217
3327 2048 2303 2957 2162 2232
3583 2048 2303 3106 2213 2255
3839 2048 2303 3303 2245 2271
4095 2048 2303 3545 2254 2274
0 2303 2303 1371 2237 2181
256 2303 2303 1385 2237 2181
512 2303 2303 1430 2237 2180
768 2303 2303 1506 2238 2179
1024 2303 2303 1603 2241 2180
1280 2303 2303 1706 2250 2186
1536 2303 2303 1797 2268 2203
1792 2303 2303 1927 2283 2214
2048 2303 2303 2099 2292 2218
2303 2303 2303 2280 2303 2221
2559 2303 2303 2467 2315 2225
2815 2303 2303 2661 2329 2230
3071 2303 2303 2858 2344 2235
3327 2303 2303 3046 2366 2246
3583 2303 2303 3167 2422 2290
3839 2303 2303 3351 2454 2309
4095 2303 2303 3586 2465 2304
0 2559 2303 1509 2479 2223
256 2559 2303 1521 2479 2223
512 2559 2303 1562 2479 2224
768 2559 2303 1631 2479 2226
1024 2559 2303 1721 2482 2230
1280 2559 2303 1820 2488 2235
1536 2559 2303 1914 2503 2239
1792 2559 2303 2004 2526 2235
2048 2559 2303 2169 2534 2238
2303 2559 2303 2343 2544 2241
2559 2559 2303 2525 2555 2245
2815 2559 2303 2714 2567 2250
3071 2559 2303 2906 2581 2255
3327 2559 2303 3103 2596 2260
3583 2559 2303 3241 2636 2318
3839 2559 2303 3405 2671 2351
4095 2559 2303 3632 2683 2338
0 2815 2303 1651 2721 2269
256 2815 2303 1662 2721 2269
512 2815 2303 1698 2721 2271
768 2815 2303 1760 2721 2275
1024 2815 2303 1844 2723 2281
1280 2815 2303 1939 2728 2286
1536 2815 2303 2033 2740 2287
1792 2815 2303 2112 2763 2270
2048 2815 2303 2245 2778 2260
2303 2815 2303 2412 2786 2264
2559 2815 2303 2589 2796 2268
2815 2815 2303 2772 2807 2272
3071 2815 2303 2960 2819 2277
3327 2815 2303 3153 2833 2283
3583 2815 2303 3340 2850 2302
3839 2815 2303 3467 2892 2396
4095 2815 2303 3683 2906 2376
0 3071 2303 1791 2965 2317
256 3071 2303 1800 2965 2318
512 3071 2303 1834 2964 2321
768 3071 2303 1891 2964 2326
1024 3071 2303 1969 2966 2333
1280 3071 2303 2061 2969 2340
1536 3071 2303 2157 2978 2342
1792 3071 2303 2246 2995 2329
2048 3071 2303 2326 3022 2285
2303 3071 2303 2487 3030 2289
2559 3071 2303 2657 3039 2293
2815 3071 2303 2835 3049 2297
3071 3071 2303 3019 3060 2302
3327 3071 2303 3207 3072 2307
3583 3071 2303 3400 3085 2313
3839 3071 2303 3539 3115 2434
4095 3071 2303 3739 3133 2418
0 3327 2303 1933 3208 2368
256 3327 2303 1942 3208 2369
512 3327 2303 1972 3208 2373
768 3327 2303 2026 3208 2379
1024 3327 2303 2098 3209 2387
1280 3327 2303 2186 3212 2395
1536 3327 2303 2281 3218 2399
1792 3327 2303 2376 3230 2393
2048 3327 2303 2462 3251 2361
2303 3327 2303 2566 3274 2316
2559 3327 2303 2731 3282 2320
2815 3327 2303 2903 3291 2324
3071 3327 2303 3082 3301 2329
3327 3327 2303 3266 3312 2334
3583 3327 2303 3455 3324 2340
3839 3327 2303 3647 3338 2346
4095 3327 2303 3800 3362 2464
0 3583 2303 2076 3452 2421
256 3583 2303 2084 3452 2422
512 3583 2303 2112 3452 2426
768 3583 2303 2161 3452 2433
1024 3583 2303 2229 3452 2441
1280 3583 2303 2312 3454 2450
1536 3583 2303 2406 3459 2458
1792 3583 2303 2503 3468 2457
2048 3583 2303 2597 3484 2439
2303 3583 2303 2682 3509 2385
2559 3583 2303 2809 3526 2349
2815 3583 2303 2976 3535 2353
3071 3583 2303 3150 3544 2358
3327 3583 2303 3330 3554 2363
3583 3583 2303 3514 3565 2369
3839 3583 2303 3703 3577 2375
4095 3583 2303 3865 3593 2523
0 3839 2303 2219 3696 2476
256 3839 2303 2226 3696 2477
512 3839 2303 2252 3696 2481
768 3839 2303 2297 3696 2488
1024 3839 2303 2361 3696 2497
1280 3839 2303 2441 3698 2507
1536 3839 2303 2532 3701 2516
1792 3839 2303 2629 3708 2520
2048 3839 2303 2728 3720 2512
2303 3839 2303 2837 3733 2500
2559 3839 2303 2964 3746 2491
2815 3839 2303 3103 3760 2482
3071 3839 2303 3249 3775 2461
3327 3839 2303 3410 3790 2445
3583 3839 2303 3586 3801 2463
3839 3839 2303 3764 3813 2483
4095 3839 2303 3944 3828 2504
0 4095 2303 2269 3961 2471
256 4095 2303 2275 3962 2471
512 4095 2303 2295 3962 2472
768 4095 2303 2332 3964 2472
1024 4095 2303 2386 3967 2473
1280 4095 2303 2457 3970 2474
1536 4095 2303 2545 3974 2476
1792 4095 2303 2646 3980 2477
2048 4095 2303 2762 3986 2480
2303 4095 2303 2888 3993 2482
2559 4095 2303 3025 4001 2484
2815 4095 2303 3172 4010 2486
3071 4095 2303 3326 4020 2488
3327 4095 2303 3488 4031 2487
3583 4095 2303 3656 4044 2484
3839 4095 2303 3830 4057 2476
4095 4095 2303 4004 4065 2444
0 0 2559 560 420 2357
256 0 2559 583 419 2359
512 0 2559 673 422 2355
768 0 2559 828 447 2344
1024 0 2559 1006 479 2335
1280 0 2559 1195 520 2327
1536 0 2559 1390 566 2323
1792 0 2559 1590 617 2322
2048 0 2559 1792 672 2322
2303 0 2559 1996 730 2326
2559 0 2559 2202 789 2332
2815 0 2559 2410 851 2338
3071 0 2559 2618 913 2347
3327 0 2559 2827 977 2357
3583 0 2559 3037 1042 2367
3839 0 2559 3248 1107 2379
4095 0 2559 3459 1173 2391
0 256 2559 546 465 2358
256 256 2559 590 473 2343
512 256 2559 706 492 2313
768 256 2559 851 515 2300
1024 256 2559 1018 543 2299
1280 256 2559 1200 578 2299
1536 256 2559 1392 620 2301
1792 256 2559 1589 666 2305
2048 256 2559 1790 716 2310
2303 256 2559 1993 770 2316
2559 256 2559 2199 826 2325
2815 256 2559 2406 884 2333
3071 256 2559 2614 944 2344
3327 256 2559 2824 1006 2354
3583 256 2559 3034 1068 2366
3839 256 2559 3245 1131 2378
4095 256 2559 3456 1196 2390
0 512 2559 592 625 2351
256 512 2559 633 630 2336
512 512 2559 750 647 2290
768 512 2559 905 679 2220
1024 512 2559 1056 709 2202
1280 512 2559 1220 736 2220
1536 512 2559 1399 769 2238
1792 512 2559 1588 806 2255
2048 512 2559 1784 847 2272
2303 512 2559 1984 892 2288
2559 512 2559 2188 940 2303
2815 512 2559 2395 991 2318
3071 512 2559 2603 1044 2332
3327 512 2559 2813 1099 2347
3583 512 2559 3023 1156 2361
3839 512 2559 3234 1214 2375
4095 512 2559 3445 1273 2390
0 768 2559 669 832 2339
256 768 2559 703 835 2328
512 768 2559 807 846 2289
768 768 2559 950 866 2230
1024 768 2559 1104 896 2170
1280 768 2559 1257 927 2155
1536 768 2559 1421 957 2178
1792 768 2559 1598 989 2204
2048 768 2559 1785 1025 2229
2303 768 2559 1979 1064 2254
2559 768 2559 2179 1105 2277
2815 768 2559 2383 1149 2298
3071 768 2559 2589 1195 2318
3327 768 2559 2797 1244 2337
3583 768 2559 3007 1294 2355
3839 768 2559 3218 1346 2373
4095 768 2559 3430 1399 2390
0 1024 2559 763 1057 2331
256 1024 2559 792 1059 2322
512 1024 2559 882 1065 2291
768 1024 2559 1014 1078 2242
1024 1024 2559 1160 1098 2194
1280 1024 2559 1308 1123 2176
1536 1024 2559 1465 1144 2208
1792 1024 2559 1633 1178 2205
2048 1024 2559 1809 1214 2218
2303 1024 2559 1992 1251 2239
2559 1024 2559 2183 1290 2262
2815 1024 2559 2380 1331 2286
3071 1024 2559 2582 1373 2310
3327 1024 2559 2787 1417 2332
3583 1024 2559 2994 1462 2354
3839 1024 2559 3203 1509 2374
4095 1024 2559 3439 1534 2399
0 1280 2559 877 1290 2322
256 1280 2559 900 1291 2316
512 1280 2559 978 1295 2292
768 1280 2559 1095 1303 2257
1024 1280 2559 1231 1317 2221
1280 1280 2559 1371 1335 2210
1536 1280 2559 1520 1347 2273
1792 1280 2559 1693 1363 2305
2048 1280 2559 1870 1394 2293
2303 1280 2559 2040 1436 2276
2559 1280 2559 2218 1477 2282
2815 1280 2559 2403 1518 2297
3071 1280 2559 2595 1559 2317
3327 1280 2559 2792 1602 2339
3583 1280 2559 2993 1645 2361
3839 1280 2559 3204 1685 2385
4095 1280 2559 3459 1690 2413
0 1536 2559 994 1527 2328
256 1536 2559 1014 1527 2323
512 1536 2559 1082 1530 2306
768 1536 2559 1188 1535 2279
1024 1536 2559 1313 1544 2254
1280 1536 2559 1447 1557 2248
1536 1536 2559 1583 1570 2303
1792 1536 2559 1749 1576 2385
2048 1536 2559 1941 1588 2402
2303 1536 2559 2137 1605 2405
2559 1536 2559 2303 1650 2360
2815 1536 2559 2469 1697 2345
3071 1536 2559 2644 1742 2350
3327 1536 2559 2827 1786 2364
3583 1536 2559 3017 1830 2382
3839 1536 2559 3233 1860 2407
4095 1536 2559 3484 1867 2431
0 1792 2559 1120 1765 2339
256 1792 2559 1137 1766 2336
512 1792 2559 1196 1767 2325
768 1792 2559 1291 1770 2307
1024 1792 2559 1407 1776 2291
1280 1792 2559 1532 1787 2289
1536 1792 2559 1657 1800 2331
1792 1792 2559 1804 1809 2411
2048 1792 2559 1990 1821 2414
2303 1792 2559 2181 1835 2417
2559 1792 2559 2378 1851 2420
2815 1792 2559 2579 1869 2424
3071 1792 2559 2750 1910 2411
3327 1792 2559 2895 1970 2402
3583 1792 2559 3060 2021 2412
3839 1792 2559 3268 2051 2433
4095 1792 2559 3515 2058 2452
0 2048 2559 1254 2005 2358
256 2048 2559 1269 2005 2356
512 2048 2559 1320 2005 2350
768 2048 2559 1404 2007 2340
1024 2048 2559 1511 2012 2331
1280 2048 2559 1627 2020 2332
1536 2048 2559 1740 2034 2363
1792 2048 2559 1867 2048 2425
2048 2048 2559 2046 2058 2427
2303 2048 2559 2231 2070 2431
2559 2048 2559 2424 2084 2434
2815 2048 2559 2621 2100 2438
3071 2048 2559 2821 2117 2443
3327 2048 2559 2962 2170 2436
3583 2048 2559 3111 2222 2446
3839 2048 2559 3309 2253 2464
4095 2048 2559 3550 2261 2476
0 2303 2559 1386 2244 2388
256 2303 2559 1399 2244 2387
512 2303 2559 1445 2245 2384
768 2303 2559 1521 2246 2379
1024 2303 2559 1620 2249 2375
1280 2303 2559 1729 2256 2377
1536 2303 2559 1835 2269 2396
1792 2303 2559 1937 2288 2440
2048 2303 2559 2109 2297 2443
2303 2303 2559 2288 2308 2446
2559 2303 2559 2475 2320 2450
2815 2303 2559 2668 2334 2454
3071 2303 2559 2864 2349 2459
3327 2303 2559 3045 2375 2464
3583 2303 2559 3171 2430 2482
3839 2303 2559 3356 2462 2499
4095 2303 2559 3591 2471 2504
0 2559 2559 1524 2485 2424
256 2559 2559 1536 2485 2424
512 2559 2559 1576 2486 2423
768 2559 2559 1645 2486 2422
1024 2559 2559 1736 2489 2422
1280 2559 2559 1839 2494 2425
1536 2559 2559 1940 2506 2435
1792 2559 2559 2018 2529 2457
2048 2559 2559 2178 2539 2461
2303 2559 2559 2351 2548 2464
2559 2559 2559 2533 2559 2468
2815 2559 2559 2721 2571 2472
3071 2559 2559 2913 2585 2476
3327 2559 2559 3109 2600 2481
3583 2559 2559 3242 2644 2516
3839 2559 2559 3410 2677 2538
4095 2559 2559 3638 2688 2535
0 2815 2559 1664 2727 2465
256 2815 2559 1674 2727 2465
512 2815 2559 1711 2727 2466
768 2815 2559 1774 2727 2467
1024 2815 2559 1857 2729 2470
1280 2815 2559 1954 2734 2475
1536 2815 2559 2052 2744 2480
1792 2815 2559 2136 2764 2483
2048 2815 2559 2254 2781 2481
2303 2815 2559 2420 2790 2485
2559 2815 2559 2596 2800 2488
2815 2815 2559 2779 2811 2492
3071 2815 2559 2967 2823 2496
3327 2815 2559 3159 2836 2501
3583 2815 2559 3330 2860 2530
3839 2815 2559 3471 2898 2581
4095 2815 2559 3689 2911 2570
0 3071 2559 1803 2970 2510
256 3071 2559 1813 2970 2511
512 3071 2559 1846 2970 2512
768 3071 2559 1903 2970 2516
1024 3071 2559 1982 2971 2520
1280 3071 2559 2073 2974 2526
1536 3071 2559 2170 2982 2530
1792 3071 2559 2261 2998 2527
2048 3071 2559 2334 3025 2504
2303 3071 2559 2495 3033 2507
2559 3071 2559 2665 3042 2510
2815 3071 2559 2842 3052 2514
3071 3071 2559 3025 3063 2519
3327 3071 2559 3213 3075 2523
3583 3071 2559 3405 3088 2529
3839 3071 2559 3540 3121 2623
4095 3071 2559 3745 3137 2608
0 3327 2559 1945 3213 2558
256 3327 2559 1953 3212 2559
512 3327 2559 1984 3212 2562
768 3327 2559 2036 3213 2566
1024 3327 2559 2109 3213 2572
1280 3327 2559 2196 3216 2579
1536 3327 2559 2292 3222 2584
1792 3327 2559 2386 3234 2582
2048 3327 2559 2467 3256 2559
2303 3327 2559 2574 3277 2531
2559 3327 2559 2738 3285 2534
2815 3327 2559 2910 3294 2538
3071 3327 2559 3088 3304 2543
3327 3327 2559 3272 3315 2547
3583 3327 2559 3460 3328 2553
3839 3327 2559 3630 3345 2620
4095 3327 2559 3805 3366 2649
0 3583 2559 2086 3456 2609
256 3583 2559 2094 3456 2610
512 3583 2559 2122 3456 2613
768 3583 2559 2171 3456 2618
1024 3583 2559 2239 3457 2625
1280 3583 2559 2322 3459 2632
1536 3583 2559 2415 3463 2639
1792 3583 2559 2511 3472 2639
2048 3583 2559 2602 3488 2625
2303 3583 2559 2677 3515 2577
2559 3583 2559 2815 3529 2561
2815 3583 2559 2982 3538 2565
3071 3583 2559 3156 3547 2569
3327 3583 2559 3335 3557 2574
3583 3583 2559 3519 3568 2579
3839 3583 2559 3708 3580 2584
4095 3583 2559 3870 3597 2697
0 3839 2559 2227 3700 2661
256 3839 2559 2235 3700 2662
512 3839 2559 2260 3700 2665
768 3839 2559 2306 3700 2670
1024 3839 2559 2370 3700 2678
1280 3839 2559 2449 3702 2687
1536 3839 2559 2540 3705 2695
1792 3839 2559 2636 3712 2699
2048 3839 2559 2733 3724 2693
2303 3839 2559 2835 3739 2677
2559 3839 2559 2962 3752 2670
2815 3839 2559 3100 3766 2660
3071 3839 2559 3244 3783 2635
3327 3839 2559 3402 3800 2602
3583 3839 2559 3582 3810 2607
3839 3839 2559 3767 3821 2612
4095 3839 2559 3945 3831 2719
0 4095 2559 2279 3964 2666
256 4095 2559 2285 3964 2666
512 4095 2559 2305 3965 2666
768 4095 2559 2342 3967 2667
1024 4095 2559 2396 3969 2668
1280 4095 2559 2467 3973 2669
1536 4095 2559 2553 3977 2671
1792 4095 2559 2655 3982 2673
2048 4095 2559 2769 3988 2675
2303 4095 2559 2895 3995 2678
2559 4095 2559 3032 4003 2680
2815 4095 2559 3178 4012 2683
3071 4095 2559 3332 4023 2685
3327 4095 2559 3493 4034 2686
3583 4095 2559 3661 4046 2684
3839 4095 2559 3835 4059 2678
4095 4095 2559 4006 4065 2645
0 0 2815 616 462 2591
256 0 2815 636 461 2593
512 0 2815 712 460 2595
768 0 2815 861 483 2581
1024 0 2815 1033 513 2572
1280 0 2815 1219 550 2564
1536 0 2815 1412 594 2557
1792 0 2815 1609 642 2555
2048 0 2815 1810 695 2554
2303 0 2815 2012 750 2555
2559 0 2815 2217 808 2559
2815 0 2815 2423 868 2565
3071 0 2815 2630 929 2572
3327 0 2815 2838 992 2580
3583 0 2815 3047 1055 2590
3839 0 2815 3257 1120 2600
4095 0 2815 3468 1185 2611
0 256 2815 598 500 2594
256 256 2815 638 507 2581
512 256 2815 744 524 2556
768 256 2815 885 547 2540
1024 256 2815 1047 573 2537
1280 256 2815 1226 606 2535
1536 256 2815 1414 645 2535
1792 256 2815 1609 689 2537
2048 256 2815 1808 738 2540
2303 256 2815 2009 789 2545
2559 256 2815 2214 844 2551
2815 256 2815 2419 901 2559
3071 256 2815 2627 960 2567
3327 256 2815 2835 1020 2577
3583 256 2815 3044 1082 2587
3839 256 2815 3254 1144 2598
4095 256 2815 3465 1208 2610
0 512 2815 639 650 2588
256 512 2815 677 655 2575
512 512 2815 788 672 2531
768 512 2815 940 703 2464
1024 512 2815 1091 733 2438
1280 512 2815 1251 759 2452
1536 512 2815 1426 790 2467
1792 512 2815 1612 826 2482
2048 512 2815 1805 866 2497
2303 512 2815 2003 909 2511
2559 512 2815 2205 956 2525
2815 512 2815 2410 1006 2539
3071 512 2815 2616 1058 2552
3327 512 2815 2825 1112 2566
3583 512 2815 3034 1168 2579
3839 512 2815 3244 1226 2593
4095 512 2815 3455 1284 2607
0 768 2815 710 851 2576
256 768 2815 742 854 2565
512 768 2815 842 864 2528
768 768 2815 983 885 2470
1024 768 2815 1138 915 2404
1280 768 2815 1292 949 2372
1536 768 2815 1451 976 2394
1792 768 2815 1625 1007 2420
2048 768 2815 1809 1042 2445
2303 768 2815 2000 1079 2468
2559 768 2815 2197 1120 2491
2815 768 2815 2399 1163 2512
3071 768 2815 2603 1208 2532
3327 768 2815 2810 1256 2551
3583 768 2815 3019 1305 2568
3839 768 2815 3229 1356 2586
4095 768 2815 3441 1408 2603
0 1024 2815 800 1072 2567
256 1024 2815 828 1074 2557
512 1024 2815 916 1080 2526
768 1024 2815 1045 1094 2478
1024 1024 2815 1192 1114 2422
1280 1024 2815 1341 1141 2384
1536 1024 2815 1494 1168 2390
1792 1024 2815 1658 1198 2401
2048 1024 2815 1831 1232 2420
2303 1024 2815 2012 1267 2442
2559 1024 2815 2202 1305 2467
2815 1024 2815 2397 1344 2491
3071 1024 2815 2597 1386 2515
3327 1024 2815 2800 1429 2538
3583 1024 2815 3006 1473 2560
3839 1024 2815 3214 1520 2581
4095 1024 2815 3445 1547 2609
0 1280 2815 908 1302 2556
256 1280 2815 931 1304 2549
512 1280 2815 1007 1308 2525
768 1280 2815 1123 1316 2487
1024 1280 2815 1260 1331 2444
1280 1280 2815 1403 1350 2414
1536 1280 2815 1549 1370 2427
1792 1280 2815 1709 1393 2444
2048 1280 2815 1880 1419 2463
2303 1280 2815 2054 1454 2468
2559 1280 2815 2232 1492 2477
2815 1280 2815 2417 1532 2494
3071 1280 2815 2608 1572 2515
3327 1280 2815 2805 1614 2538
3583 1280 2815 3005 1656 2561
3839 1280 2815 3211 1697 2585
4095 1280 2815 3465 1701 2622
0 1536 2815 1022 1537 2556
256 1536 2815 1042 1538 2550
512 1536 2815 1107 1541 2533
768 1536 2815 1212 1546 2504
1024 1536 2815 1339 1556 2471
1280 1536 2815 1475 1570 2449
1536 1536 2815 1614 1586 2465
1792 1536 2815 1769 1603 2493
2048 1536 2815 1937 1624 2513
2303 1536 2815 2117 1644 2537
2559 1536 2815 2303 1670 2552
2815 1536 2815 2474 1714 2539
3071 1536 2815 2651 1757 2544
3327 1536 2815 2836 1799 2558
3583 1536 2815 3026 1842 2577
3839 1536 2815 3240 1872 2605
4095 1536 2815 3490 1876 2638
0 1792 2815 1145 1775 2562
256 1792 2815 1162 1775 2558
512 1792 2815 1219 1777 2546
768 1792 2815 1313 1780 2525
1024 1792 2815 1430 1787 2502
1280 1792 2815 1559 1798 2487
1536 1792 2815 1690 1811 2502
1792 1792 2815 1832 1824 2556
2048 1792 2815 2000 1839 2578
2303 1792 2815 2182 1853 2606
2559 1792 2815 2383 1862 2641
2815 1792 2815 2588 1876 2654
3071 1792 2815 2742 1929 2614
3327 1792 2815 2904 1979 2603
3583 1792 2815 3068 2031 2606
3839 1792 2815 3275 2061 2629
4095 1792 2815 3521 2067 2658
0 2048 2815 1275 2013 2576
256 2048 2815 1289 2014 2573
512 2048 2815 1340 2015 2565
768 2048 2815 1424 2017 2551
1024 2048 2815 1531 2021 2536
1280 2048 2815 1651 2030 2528
1536 2048 2815 1774 2042 2542
1792 2048 2815 1893 2054 2616
2048 2048 2815 2057 2064 2657
2303 2048 2815 2242 2077 2659
2559 2048 2815 2433 2090 2663
2815 2048 2815 2629 2106 2666
3071 2048 2815 2829 2123 2670
3327 2048 2815 2972 2177 2643
3583 2048 2815 3119 2231 2639
3839 2048 2815 3316 2261 2658
4095 2048 2815 3556 2268 2681
0 2303 2815 1405 2252 2600
256 2303 2815 1418 2252 2598
512 2303 2815 1463 2253 2593
768 2303 2815 1538 2254 2585
1024 2303 2815 1638 2258 2576
1280 2303 2815 1751 2264 2571
1536 2303 2815 1866 2275 2583
1792 2303 2815 1973 2290 2633
2048 2303 2815 2120 2302 2671
2303 2303 2815 2298 2313 2674
2559 2303 2815 2484 2325 2677
2815 2303 2815 2676 2339 2681
3071 2303 2815 2872 2354 2685
3327 2303 2815 3053 2380 2682
3583 2303 2815 3178 2438 2675
3839 2303 2815 3363 2470 2691
4095 2303 2815 3597 2478 2707
0 2559 2815 1541 2493 2630
256 2559 2815 1552 2493 2629
512 2559 2815 1592 2493 2626
768 2559 2815 1661 2494 2622
1024 2559 2815 1752 2496 2618
1280 2559 2815 1858 2501 2618
1536 2559 2815 1967 2511 2626
1792 2559 2815 2066 2527 2655
2048 2559 2815 2189 2543 2687
2303 2559 2815 2361 2553 2690
2559 2559 2815 2542 2564 2693
2815 2559 2815 2729 2576 2697
3071 2559 2815 2920 2589 2701
3327 2559 2815 3116 2604 2705
3583 2559 2815 3247 2651 2712
3839 2559 2815 3416 2685 2728
4095 2559 2815 3643 2695 2736
0 2815 2815 1679 2734 2666
256 2815 2815 1689 2734 2666
512 2815 2815 1725 2734 2665
768 2815 2815 1788 2734 2664
1024 2815 2815 1872 2736 2663
1280 2815 2815 1971 2740 2665
1536 2815 2815 2074 2748 2671
1792 2815 2815 2170 2764 2685
2048 2815 2815 2263 2786 2705
2303 2815 2815 2430 2794 2708
2559 2815 2815 2605 2804 2711
2815 2815 2815 2786 2815 2715
3071 2815 2815 2974 2827 2719
3327 2815 2815 3166 2841 2723
3583 2815 2815 3330 2867 2741
3839 2815 2815 3476 2904 2769
4095 2815 2815 3694 2916 2769
0 3071 2815 1817 2976 2707
256 3071 2815 1826 2976 2707
512 3071 2815 1859 2976 2708
768 3071 2815 1916 2976 2709
1024 3071 2815 1995 2977 2711
1280 3071 2815 2088 2980 2715
1536 3071 2815 2188 2987 2720
1792 3071 2815 2283 3001 2725
2048 3071 2815 2354 3026 2726
2303 3071 2815 2503 3037 2728
2559 3071 2815 2673 3046 2731
2815 3071 2815 2849 3056 2735
3071 3071 2815 3032 3067 2739
3327 3071 2815 3220 3079 2743
3583 3071 2815 3411 3092 2748
3839 3071 2815 3544 3127 2811
4095 3071 2815 3750 3142 2804
0 3327 2815 1956 3218 2752
256 3327 2815 1964 3218 2752
512 3327 2815 1994 3218 2754
768 3327 2815 2047 3218 2757
1024 3327 2815 2120 3219 2761
1280 3327 2815 2209 3222 2766
1536 3327 2815 2305 3227 2771
1792 3327 2815 2402 3238 2773
2048 3327 2815 2484 3258 2766
2303 3327 2815 2582 3281 2750
2559 3327 2815 2746 3289 2753
2815 3327 2815 2917 3298 2757
3071 3327 2815 3095 3308 2761
3327 3327 2815 3278 3319 2765
3583 3327 2815 3466 3331 2770
3839 3327 2815 3625 3352 2838
4095 3327 2815 3811 3371 2842
0 3583 2815 2097 3461 2800
256 3583 2815 2105 3461 2800
512 3583 2815 2132 3461 2802
768 3583 2815 2181 3461 2806
1024 3583 2815 2249 3461 2811
1280 3583 2815 2333 3463 2818
1536 3583 2815 2426 3468 2824
1792 3583 2815 2522 3477 2826
2048 3583 2815 2613 3492 2819
2303 3583 2815 2682 3520 2785
2559 3583 2815 2823 3532 2777
2815 3583 2815 2989 3541 2781
3071 3583 2815 3162 3550 2784
3327 3583 2815 3341 3560 2789
3583 3583 2815 3525 3571 2793
3839 3583 2815 3713 3583 2799
4095 3583 2815 3875 3602 2884
0 3839 2815 2237 3705 2849
256 3839 2815 2244 3704 2850
512 3839 2815 2270 3704 2852
768 3839 2815 2315 3704 2857
1024 3839 2815 2380 3705 2863
1280 3839 2815 2459 3706 2870
1536 3839 2815 2550 3710 2878
1792 3839 2815 2645 3716 2882
2048 3839 2815 2740 3729 2877
2303 3839 2815 2833 3746 2860
2559 3839 2815 2961 3759 2857
2815 3839 2815 3096 3773 2845
3071 3839 2815 3237 3792 2816
3327 3839 2815 3408 3802 2814
3583 3839 2815 3588 3813 2819
3839 3839 2815 3772 3824 2824
4095 3839 2815 3943 3834 2945
0 4095 2815 2291 3967 2864
256 4095 2815 2297 3967 2864
512 4095 2815 2317 3968 2865
768 4095 2815 2354 3970 2866
1024 4095 2815 2408 3972 2867
1280 4095 2815 2478 3975 2868
1536 4095 2815 2564 3980 2870
1792 4095 2815 2665 3985 2872
2048 4095 2815 2778 3991 2875
2303 4095 2815 2904 3998 2878
2559 4095 2815 3040 4006 2881
2815 4095 2815 3185 4015 2883
3071 4095 2815 3339 4025 2886
3327 4095 2815 3500 4037 2889
3583 4095 2815 3666 4049 2887
3839 4095 2815 3840 4062 2883
4095 4095 2815 4011 4067 2852
0 0 3071 671 504 2824
256 0 3071 690 502 2827
512 0 3071 753 498 2834
768 0 3071 896 521 2819
1024 0 3071 1062 548 2809
1280 0 3071 1244 583 2800
1536 0 3071 1434 624 2793
1792 0 3071 1629 669 2789
2048 0 3071 1828 720 2786
2303 0 3071 2028 773 2786
2559 0 3071 2232 829 2788
2815 0 3071 2437 887 2792
3071 0 3071 2643 947 2798
3327 0 3071 2850 1008 2805
3583 0 3071 3058 1071 2813
3839 0 3071 3267 1134 2822
4095 0 3071 3477 1198 2832
0 256 3071 650 536 2831
256 256 3071 686 542 2819
512 256 3071 784 558 2798
768 256 3071 920 579 2781
1024 256 3071 1078 603 2776
1280 256 3071 1253 635 2772
1536 256 3071 1438 672 2770
1792 256 3071 1631 714 2770
2048 256 3071 1827 761 2771
2303 256 3071 2027 811 2774
2559 256 3071 2230 864 2779
2815 256 3071 2434 919 2785
3071 256 3071 2640 977 2793
3327 256 3071 2847 1036 2801
3583 256 3071 3055 1097 2810
3839 256 3071 3265 1158 2820
4095 256 3071 3474 1221 2831
0 512 3071 689 677 2824
256 512 3071 723 682 2812
512 512 3071 828 698 2772
768 512 3071 976 728 2707
1024 512 3071 1125 757 2679
1280 512 3071 1282 782 2687
1536 512 3071 1454 812 2699
1792 512 3071 1637 847 2712
2048 512 3071 1828 885 2724
2303 512 3071 2023 928 2737
2559 512 3071 2223 974 2749
2815 512 3071 2426 1023 2762
3071 512 3071 2631 1074 2774
3327 512 3071 2838 1127 2787
3583 512 3071 3046 1182 2799
3839 512 3071 3255 1239 2812
4095 512 3071 3465 1297 2825
0 768 3071 754 871 2813
256 768 3071 784 874 2803
512 768 3071 879 884 2768
768 768 3071 1018 905 2710
1024 768 3071 1173 935 2642
1280 768 3071 1327 970 2596
1536 768 3071 1483 997 2616
1792 768 3071 1653 1026 2640
2048 768 3071 1834 1060 2664
2303 768 3071 2022 1096 2686
2559 768 3071 2217 1135 2708
2815 768 3071 2417 1178 2728
3071 768 3071 2620 1222 2748
3327 768 3071 2825 1269 2766
3583 768 3071 3032 1318 2784
3839 768 3071 3241 1368 2800
4095 768 3071 3450 1421 2817
0 1024 3071 837 1087 2804
256 1024 3071 864 1089 2795
512 1024 3071 949 1096 2765
768 1024 3071 1077 1110 2715
1024 1024 3071 1224 1131 2656
1280 1024 3071 1375 1159 2604
1536 1024 3071 1527 1188 2595
1792 1024 3071 1687 1218 2606
2048 1024 3071 1857 1250 2625
2303 1024 3071 2035 1284 2649
2559 1024 3071 2223 1320 2674
2815 1024 3071 2416 1359 2699
3071 1024 3071 2614 1399 2724
3327 1024 3071 2816 1441 2747
3583 1024 3071 3020 1485 2769
3839 1024 3071 3227 1531 2790
4095 1024 3071 3451 1562 2818
0 1280 3071 941 1315 2791
256 1280 3071 963 1317 2784
512 1280 3071 1038 1321 2759
768 1280 3071 1152 1330 2720
1024 1280 3071 1289 1345 2672
1280 1280 3071 1434 1365 2631
1536 1280 3071 1581 1388 2620
1792 1280 3071 1736 1413 2631
2048 1280 3071 1900 1441 2643
2303 1280 3071 2072 1473 2658
2559 1280 3071 2250 1509 2674
2815 1280 3071 2434 1547 2693
3071 1280 3071 2624 1586 2715
3327 1280 3071 2819 1626 2739
3583 1280 3071 3018 1668 2762
3839 1280 3071 3221 1710 2786
4095 1280 3071 3471 1715 2831
0 1536 3071 1050 1549 2789
256 1536 3071 1070 1549 2783
512 1536 3071 1135 1552 2763
768 1536 3071 1239 1558 2731
1024 1536 3071 1366 1569 2694
1280 1536 3071 1504 1583 2661
1536 1536 3071 1646 1602 2652
1792 1536 3071 1795 1622 2663
2048 1536 3071 1955 1646 2676
2303 1536 3071 2123 1672 2691
2559 1536 3071 2299 1701 2709
2815 1536 3071 2482 1732 2729
3071 1536 3071 2662 1772 2738
3327 1536 3071 2847 1813 2753
3583 1536 3071 3037 1855 2773
3839 1536 3071 3247 1885 2803
4095 1536 3071 3496 1888 2846
0 1792 3071 1169 1785 2791
256 1792 3071 1186 1785 2787
512 1792 3071 1244 1787 2771
768 1792 3071 1337 1791 2747
1024 1792 3071 1455 1798 2719
1280 1792 3071 1585 1809 2694
1536 1792 3071 1720 1824 2690
1792 1792 3071 1863 1840 2703
2048 1792 3071 2018 1860 2717
2303 1792 3071 2183 1882 2733
2559 1792 3071 2357 1905 2752
2815 1792 3071 2540 1930 2774
3071 1792 3071 2733 1953 2800
3327 1792 3071 2910 1993 2801
3583 1792 3071 3079 2043 2800
3839 1792 3071 3282 2073 2827
4095 1792 3071 3527 2077 2865
0 2048 3071 1297 2023 2798
256 2048 3071 1312 2023 2794
512 2048 3071 1362 2024 2784
768 2048 3071 1445 2027 2767
1024 2048 3071 1553 2032 2747
1280 2048 3071 1676 2040 2731
1536 2048 3071 1803 2052 2730
1792 2048 3071 1936 2066 2754
2048 2048 3071 2087 2082 2768
2303 2048 3071 2249 2099 2786
2559 2048 3071 2422 2118 2807
2815 2048 3071 2608 2135 2832
3071 2048 3071 2810 2148 2863
3327 2048 3071 2989 2181 2857
3583 2048 3071 3129 2241 2833
3839 2048 3071 3323 2272 2854
4095 2048 3071 3562 2278 2887
0 2303 3071 1424 2261 2816
256 2303 3071 1437 2261 2814
512 2303 3071 1482 2262 2807
768 2303 3071 1558 2263 2795
1024 2303 3071 1658 2267 2782
1280 2303 3071 1773 2273 2771
1536 2303 3071 1894 2283 2772
1792 2303 3071 2013 2296 2803
2048 2303 3071 2154 2310 2835
2303 2303 3071 2315 2323 2855
2559 2303 3071 2491 2335 2881
2815 2303 3071 2685 2345 2909
3071 2303 3071 2880 2360 2912
3327 2303 3071 3070 2382 2909
3583 2303 3071 3187 2447 2870
3839 2303 3071 3370 2479 2885
4095 2303 3071 3603 2486 2912
0 2559 3071 1557 2501 2841
256 2559 3071 1569 2501 2840
512 2559 3071 1609 2501 2835
768 2559 3071 1678 2502 2828
1024 2559 3071 1770 2505 2820
1280 2559 3071 1878 2509 2814
1536 2559 3071 1992 2518 2816
1792 2559 3071 2103 2531 2839
2048 2559 3071 2201 2549 2913
2303 2559 3071 2371 2558 2917
2559 2559 3071 2551 2569 2920
2815 2559 3071 2737 2581 2924
3071 2559 3071 2928 2595 2927
3327 2559 3071 3124 2609 2931
3583 2559 3071 3255 2659 2910
3839 2559 3071 3423 2693 2920
4095 2559 3071 3649 2702 2939
0 2815 3071 1694 2741 2872
256 2815 3071 1704 2741 2871
512 2815 3071 1740 2741 2869
768 2815 3071 1803 2742 2865
1024 2815 3071 1888 2744 2861
1280 2815 3071 1989 2748 2859
1536 2815 3071 2096 2755 2862
1792 2815 3071 2202 2767 2877
2048 2815 3071 2291 2787 2919
2303 2815 3071 2440 2799 2934
2559 2815 3071 2614 2809 2937
2815 2815 3071 2795 2820 2940
3071 2815 3071 2982 2832 2944
3327 2815 3071 3173 2845 2948
3583 2815 3071 3336 2874 2948
3839 2815 3071 3483 2912 2959
4095 2815 3071 3700 2923 2970
0 3071 3071 1829 2983 2909
256 3071 3071 1839 2983 2908
512 3071 3071 1872 2983 2908
768 3071 3071 1930 2983 2907
1024 3071 3071 2009 2984 2906
1280 3071 3071 2104 2987 2906
1536 3071 3071 2206 2993 2910
1792 3071 3071 2308 3004 2919
2048 3071 3071 2395 3024 2938
2303 3071 3071 2513 3041 2952
2559 3071 3071 2682 3050 2955
2815 3071 3071 2858 3060 2958
3071 3071 3071 3040 3071 2962
3327 3071 3071 3227 3083 2966
3583 3071 3071 3418 3096 2970
3839 3071 3071 3550 3134 3000
4095 3071 3071 3756 3148 3003
0 3327 3071 1968 3224 2950
256 3327 3071 1977 3224 2950
512 3327 3071 2007 3224 2950
768 3327 3071 2060 3224 2951
1024 3327 3071 2133 3225 2953
1280 3327 3071 2223 3228 2955
1536 3327 3071 2321 3233 2960
1792 3327 3071 2421 3242 2965
2048 3327 3071 2511 3259 2971
2303 3327 3071 2592 3285 2972
2559 3327 3071 2754 3293 2975
2815 3327 3071 2925 3302 2978
3071 3327 3071 3103 3312 2982
3327 3327 3071 3285 3323 2986
3583 3327 3071 3473 3335 2990
3839 3327 3071 3628 3358 3037
4095 3327 3071 3817 3376 3039
0 3583 3071 2108 3467 2994
256 3583 3071 2116 3467 2994
512 3583 3071 2144 3466 2995
768 3583 3071 2193 3467 2998
1024 3583 3071 2262 3467 3001
1280 3583 3071 2346 3469 3005
1536 3583 3071 2440 3473 3011
1792 3583 3071 2538 3481 3015
2048 3583 3071 2630 3496 3016
2303 3583 3071 2703 3520 3003
2559 3583 3071 2831 3536 2997
2815 3583 3071 2997 3544 3000
3071 3583 3071 3170 3554 3003
3327 3583 3071 3348 3564 3007
3583 3583 3071 3532 3575 3012
3839 3583 3071 3719 3587 3016
4095 3583 3071 3881 3607 3077
0 3839 3071 2248 3710 3041
256 3839 3071 2256 3709 3041
512 3839 3071 2281 3709 3043
768 3839 3071 2327 3709 3046
1024 3839 3071 2391 3710 3051
1280 3839 3071 2471 3711 3057
1536 3839 3071 2562 3714 3063
1792 3839 3071 2658 3721 3068
2048 3839 3071 2752 3733 3067
2303 3839 3071 2846 3749 3059
2559 3839 3071 2958 3766 3049
2815 3839 3071 3090 3782 3038
3071 3839 3071 3241 3796 3027
3327 3839 3071 3415 3806 3031
3583 3839 3071 3594 3816 3035
3839 3839 3071 3778 3827 3039
4095 3839 3071 3951 3839 3118
0 4095 3071 2306 3970 3066
256 4095 3071 2312 3970 3066
512 4095 3071 2332 3971 3067
768 4095 3071 2368 3973 3068
1024 4095 3071 2421 3975 3069
1280 4095 3071 2490 3979 3070
1536 4095 3071 2576 3983 3073
1792 4095 3071 2676 3988 3075
2048 4095 3071 2790 3994 3078
2303 4095 3071 2914 4001 3081
2559 4095 3071 3050 4009 3084
2815 4095 3071 3194 4018 3088
3071 4095 3071 3347 4029 3091
3327 4095 3071 3507 4040 3094
3583 4095 3071 3673 4052 3094
3839 4095 3071 3845 4065 3091
4095 4095 3071 4022 4076 3067
0 0 3327 727 545 3057
256 0 3327 743 544 3060
512 0 3327 801 540 3069
768 0 3327 933 558 3056
1024 0 3327 1093 583 3047
1280 0 3327 1270 616 3038
1536 0 3327 1457 654 3029
1792 0 3327 1650 698 3024
2048 0 3327 1847 746 3020
2303 0 3327 2046 797 3018
2559 0 3327 2248 851 3019
2815 0 3327 2452 908 3021
3071 0 3327 2657 966 3026
3327 0 3327 2863 1026 3031
3583 0 3327 3071 1087 3038
3839 0 3327 3279 1149 3046
4095 0 3327 3487 1213 3055
0 256 3327 702 573 3068
256 256 3327 735 578 3056
512 256 3327 825 592 3040
768 256 3327 956 612 3023
1024 256 3327 1110 636 3014
1280 256 3327 1281 665 3010
1536 256 3327 1463 700 3006
1792 256 3327 1653 740 3005
2048 256 3327 1848 785 3004
2303 256 3327 2046 833 3006
2559 256 3327 2247 885 3009
2815 256 3327 2450 939 3013
3071 256 3327 2655 995 3019
3327 256 3327 2861 1053 3026
3583 256 3327 3068 1112 3034
3839 256 3327 3276 1173 3043
4095 256 3327 3485 1235 3053
0 512 3327 738 706 3061
256 512 3327 769 710 3050
512 512 3327 868 726 3013
768 512 3327 1012 754 2951
1024 512 3327 1159 782 2921
1280 512 3327 1314 807 2924
1536 512 3327 1483 836 2934
1792 512 3327 1663 869 2944
2048 512 3327 1851 907 2954
2303 512 3327 2044 948 2965
2559 512 3327 2242 993 2976
2815 512 3327 2443 1040 2986
3071 512 3327 2647 1090 2998
3327 512 3327 2852 1143 3009
3583 512 3327 3059 1197 3021
3839 512 3327 3267 1253 3033
4095 512 3327 3476 1310 3045
0 768 3327 798 892 3050
256 768 3327 827 895 3040
512 768 3327 917 906 3008
768 768 3327 1053 926 2952
1024 768 3327 1207 956 2883
1280 768 3327 1363 992 2827
1536 768 3327 1517 1018 2842
1792 768 3327 1683 1047 2864
2048 768 3327 1861 1079 2886
2303 768 3327 2046 1114 2907
2559 768 3327 2239 1152 2928
2815 768 3327 2436 1194 2947
3071 768 3327 2637 1237 2966
3327 768 3327 2841 1283 2984
3583 768 3327 3046 1331 3001
3839 768 3327 3254 1381 3017
4095 768 3327 3462 1433 3033
0 1024 3327 878 1104 3039
256 1024 3327 903 1106 3031
512 1024 3327 985 1113 3002
768 1024 3327 1109 1127 2954
1024 1024 3327 1256 1149 2893
1280 1024 3327 1409 1177 2834
1536 1024 3327 1558 1203 2832
1792 1024 3327 1718 1231 2839
2048 1024 3327 1886 1265 2847
2303 1024 3327 2061 1301 2861
2559 1024 3327 2245 1336 2885
2815 1024 3327 2436 1374 2910
3071 1024 3327 2632 1413 2934
3327 1024 3327 2832 1455 2958
3583 1024 3327 3035 1498 2980
3839 1024 3327 3241 1543 3000
4095 1024 3327 3458 1579 3028
0 1280 3327 976 1329 3027
256 1280 3327 998 1330 3020
512 1280 3327 1070 1335 2996
768 1280 3327 1183 1345 2955
1024 1280 3327 1319 1360 2905
1280 1280 3327 1466 1381 2856
1536 1280 3327 1610 1402 2849
1792 1280 3327 1764 1426 2856
2048 1280 3327 1928 1454 2864
2303 1280 3327 2098 1486 2873
2559 1280 3327 2274 1522 2884
2815 1280 3327 2455 1561 2897
3071 1280 3327 2642 1600 2918
3327 1280 3327 2836 1640 2942
3583 1280 3327 3034 1680 2966
3839 1280 3327 3235 1722 2990
4095 1280 3327 3478 1729 3040
0 1536 3327 1082 1560 3022
256 1536 3327 1100 1561 3017
512 1536 3327 1164 1565 2997
768 1536 3327 1266 1571 2964
1024 1536 3327 1394 1582 2921
1280 1536 3327 1534 1597 2881
1536 1536 3327 1674 1615 2870
1792 1536 3327 1822 1635 2877
2048 1536 3327 1980 1659 2885
2303 1536 3327 2146 1686 2895
2559 1536 3327 2318 1717 2906
2815 1536 3327 2495 1751 2919
3071 1536 3327 2676 1788 2933
3327 1536 3327 2860 1827 2950
3583 1536 3327 3050 1868 2970
3839 1536 3327 3256 1899 3002
4095 1536 3327 3503 1901 3055
0 1792 3327 1198 1795 3020
256 1792 3327 1214 1796 3016
512 1792 3327 1270 1798 3001
768 1792 3327 1362 1803 2975
1024 1792 3327 1480 1810 2941
1280 1792 3327 1612 1822 2909
1536 1792 3327 1747 1836 2897
1792 1792 3327 1889 1853 2904
2048 1792 3327 2042 1873 2912
2303 1792 3327 2202 1897 2922
2559 1792 3327 2370 1923 2933
2815 1792 3327 2544 1952 2947
3071 1792 3327 2722 1984 2962
3327 1792 3327 2905 2018 2979
3583 1792 3327 3091 2055 2997
3839 1792 3327 3291 2086 3024
4095 1792 3327 3534 2089 3073
0 2048 3327 1321 2032 3024
256 2048 3327 1335 2033 3020
512 2048 3327 1385 2034 3009
768 2048 3327 1468 2037 2989
1024 2048 3327 1577 2043 2964
1280 2048 3327 1700 2051 2941
1536 2048 3327 1830 2063 2929
1792 2048 3327 1965 2078 2936
2048 2048 3327 2112 2095 2945
2303 2048 3327 2267 2115 2955
2559 2048 3327 2431 2138 2967
2815 2048 3327 2601 2163 2981
3071 2048 3327 2778 2190 2998
3327 2048 3327 2960 2218 3017
3583 2048 3327 3141 2251 3030
3839 2048 3327 3332 2283 3050
4095 2048 3327 3569 2288 3094
0 2303 3327 1445 2270 3038
256 2303 3327 1458 2270 3035
512 2303 3327 1502 2271 3027
768 2303 3327 1578 2273 3012
1024 2303 3327 1679 2277 2993
1280 2303 3327 1795 2283 2977
1536 2303 3327 1919 2293 2968
1792 2303 3327 2049 2305 2975
2048 2303 3327 2189 2320 2984
2303 2303 3327 2340 2338 2996
2559 2303 3327 2499 2357 3009
2815 2303 3327 2667 2378 3025
3071 2303 3327 2842 2400 3043
3327 2303 3327 3027 2422 3065
3583 2303 3327 3200 2455 3068
3839 2303 3327 3379 2489 3079
4095 2303 3327 3610 2495 3117
0 2559 3327 1576 2509 3056
256 2559 3327 1588 2509 3055
512 2559 3327 1627 2510 3049
768 2559 3327 1696 2511 3039
1024 2559 3327 1789 2514 3027
1280 2559 3327 1898 2519 3015
1536 2559 3327 2016 2526 3011
1792 2559 3327 2135 2538 3023
2048 2559 3327 2270 2551 3034
2303 2559 3327 2415 2566 3047
2559 2559 3327 2572 2582 3062
2815 2559 3327 2738 2599 3081
3071 2559 3327 2916 2615 3103
3327 2559 3327 3110 2628 3130
3583 2559 3327 3268 2665 3112
3839 2559 3327 3432 2702 3113
4095 2559 3327 3656 2710 3144
0 2815 3327 1710 2749 3082
256 2815 3327 1721 2749 3081
512 2815 3327 1757 2750 3077
768 2815 3327 1819 2750 3071
1024 2815 3327 1905 2752 3063
1280 2815 3327 2007 2756 3057
1536 2815 3327 2118 2762 3056
1792 2815 3327 2231 2773 3066
2048 2815 3327 2340 2788 3098
2303 2815 3327 2481 2800 3115
2559 2815 3327 2636 2814 3135
2815 2815 3327 2805 2825 3160
3071 2815 3327 2990 2837 3170
3327 2815 3327 3181 2850 3174
3583 2815 3327 3348 2878 3159
3839 2815 3327 3491 2920 3150
4095 2815 3327 3707 2930 3173
0 3071 3327 1844 2990 3115
256 3071 3327 1854 2990 3114
512 3071 3327 1887 2990 3112
768 3071 3327 1944 2991 3109
1024 3071 3327 2024 2992 3105
1280 3071 3327 2120 2995 3102
1536 3071 3327 2226 3000 3102
1792 3071 3327 2334 3009 3110
2048 3071 3327 2435 3025 3132
2303 3071 3327 2524 3046 3178
2559 3071 3327 2692 3055 3180
2815 3071 3327 2867 3065 3183
3071 3071 3327 3048 3076 3187
3327 3071 3327 3235 3088 3190
3583 3071 3327 3426 3101 3194
3839 3071 3327 3558 3142 3191
4095 3071 3327 3763 3154 3205
0 3327 3327 1983 3231 3151
256 3327 3327 1992 3231 3151
512 3327 3327 2022 3231 3150
768 3327 3327 2074 3231 3149
1024 3327 3327 2148 3232 3148
1280 3327 3327 2238 3235 3148
1536 3327 3327 2338 3239 3150
1792 3327 3327 2442 3247 3156
2048 3327 3327 2540 3261 3169
2303 3327 3327 2617 3285 3192
2559 3327 3327 2764 3297 3199
2815 3327 3327 2934 3306 3202
3071 3327 3327 3111 3316 3205
3327 3327 3327 3293 3327 3209
3583 3327 3327 3480 3339 3213
3839 3327 3327 3634 3365 3231
4095 3327 3327 3823 3382 3238
0 3583 3327 2122 3473 3192
256 3583 3327 2129 3473 3192
512 3583 3327 2157 3473 3192
768 3583 3327 2206 3473 3193
1024 3583 3327 2275 3474 3194
1280 3583 3327 2360 3475 3196
1536 3583 3327 2455 3479 3200
1792 3583 3327 2555 3486 3205
2048 3583 3327 2652 3499 3211
2303 3583 3327 2733 3520 3217
2559 3583 3327 2841 3540 3219
2815 3583 3327 3006 3548 3222
3071 3583 3327 3178 3557 3225
3327 3583 3327 3356 3568 3228
3583 3583 3327 3539 3579 3232
3839 3583 3327 3726 3591 3237
4095 3583 3327 3888 3612 3274
0 3839 3327 2261 3715 3236
256 3839 3327 2269 3715 3236
512 3839 3327 2294 3715 3237
768 3839 3327 2340 3715 3239
1024 3839 3327 2404 3715 3242
1280 3839 3327 2484 3717 3246
1536 3839 3327 2575 3720 3250
1792 3839 3327 2672 3726 3255
2048 3839 3327 2769 3737 3259
2303 3839 3327 2856 3755 3257
2559 3839 3327 2954 3775 3251
2815 3839 3327 3082 3791 3243
3071 3839 3327 3249 3800 3246
3327 3839 3327 3422 3809 3250
3583 3839 3327 3601 3820 3254
3839 3839 3327 3785 3831 3258
4095 3839 3327 3957 3844 3313
0 4095 3327 2323 3973 3270
256 4095 3327 2329 3974 3271
512 4095 3327 2348 3975 3271
768 4095 3327 2384 3976 3272
1024 4095 3327 2436 3979 3273
1280 4095 3327 2506 3982 3275
1536 4095 3327 2591 3986 3277
1792 4095 3327 2690 3991 3280
2048 4095 3327 2802 3998 3283
2303 4095 3327 2926 4005 3286
2559 4095 3327 3061 4013 3290
2815 4095 3327 3205 4022 3294
3071 4095 3327 3357 4032 3298
3327 4095 3327 3516 4043 3302
3583 4095 3327 3681 4055 3305
3839 4095 3327 3853 4068 3305
4095 4095 3327 4030 4082 3285
0 0 3583 782 587 3290
256 0 3583 797 586 3293
512 0 3583 851 583 3302
768 0 3583 971 596 3294
1024 0 3583 1126 620 3284
1280 0 3583 1299 650 3275
1536 0 3583 1482 686 3266
1792 0 3583 1673 727 3259
2048 0 3583 1868 773 3254
2303 0 3583 2065 822 3251
2559 0 3583 2266 874 3251
2815 0 3583 2468 929 3252
3071 0 3583 2672 986 3255
3327 0 3583 2877 1045 3259
3583 0 3583 3084 1105 3265
3839 0 3583 3291 1166 3272
4095 0 3583 3499 1228 3279
0 256 3583 754 610 3304
256 256 3583 785 615 3294
512 256 3583 867 626 3281
768 256 3583 992 645 3265
1024 256 3583 1143 669 3253
1280 256 3583 1310 696 3248
1536 256 3583 1489 730 3243
1792 256 3583 1676 768 3240
2048 256 3583 1869 811 3238
2303 256 3583 2065 857 3238
2559 256 3583 2265 907 3240
2815 256 3583 2466 960 3243
3071 256 3583 2670 1015 3247
3327 256 3583 2875 1071 3253
3583 256 3583 3081 1130 3260
3839 256 3583 3288 1189 3268
4095 256 3583 3496 1250 3276
0 512 3583 787 735 3298
256 512 3583 816 739 3288
512 512 3583 911 754 3253
768 512 3583 1050 782 3194
1024 512 3583 1194 808 3165
1280 512 3583 1346 833 3163
1536 512 3583 1512 861 3170
1792 512 3583 1689 893 3177
2048 512 3583 1875 929 3185
2303 512 3583 2066 969 3194
2559 512 3583 2262 1013 3204
2815 512 3583 2462 1059 3213
3071 512 3583 2664 1108 3223
3327 512 3583 2868 1160 3234
3583 512 3583 3073 1213 3244
3839 512 3583 3280 1268 3255
4095 512 3583 3488 1324 3266
0 768 3583 843 914 3288
256 768 3583 870 917 3279
512 768 3583 957 928 3246
768 768 3583 1088 948 3194
1024 768 3583 1242 978 3125
1280 768 3583 1394 1008 3088
1536 768 3583 1548 1035 3091
1792 768 3583 1713 1064 3101
2048 768 3583 1889 1098 3114
2303 768 3583 2072 1133 3131
2559 768 3583 2262 1170 3151
2815 768 3583 2457 1211 3169
3071 768 3583 2656 1253 3186
3327 768 3583 2858 1299 3203
3583 768 3583 3062 1346 3219
3839 768 3583 3268 1395 3235
4095 768 3583 3475 1446 3251
0 1024 3583 919 1122 3278
256 1024 3583 943 1124 3269
512 1024 3583 1021 1131 3241
768 1024 3583 1144 1145 3193
1024 1024 3583 1289 1167 3132
1280 1024 3583 1436 1191 3096
1536 1024 3583 1585 1213 3099
1792 1024 3583 1747 1239 3104
2048 1024 3583 1918 1270 3109
2303 1024 3583 2094 1305 3115
2559 1024 3583 2276 1344 3122
2815 1024 3583 2461 1386 3130
3071 1024 3583 2653 1428 3149
3327 1024 3583 2851 1469 3171
3583 1024 3583 3052 1512 3193
3839 1024 3583 3256 1556 3213
4095 1024 3583 3467 1596 3238
0 1280 3583 1013 1344 3264
256 1280 3583 1034 1345 3257
512 1280 3583 1104 1350 3233
768 1280 3583 1214 1360 3192
1024 1280 3583 1350 1376 3140
1280 1280 3583 1491 1394 3107
1536 1280 3583 1635 1412 3111
1792 1280 3583 1791 1434 3115
2048 1280 3583 1957 1460 3120
2303 1280 3583 2130 1490 3126
2559 1280 3583 2308 1523 3133
2815 1280 3583 2490 1561 3141
3071 1280 3583 2675 1602 3149
3327 1280 3583 2861 1647 3159
3583 1280 3583 3052 1693 3174
3839 1280 3583 3250 1735 3196
4095 1280 3583 3486 1746 3249
0 1536 3583 1115 1573 3257
256 1536 3583 1133 1574 3251
512 1536 3583 1196 1578 3230
768 1536 3583 1296 1584 3197
1024 1536 3583 1423 1596 3154
1280 1536 3583 1558 1610 3122
1536 1536 3583 1695 1625 3125
1792 1536 3583 1845 1644 3129
2048 1536 3583 2006 1666 3134
2303 1536 3583 2174 1691 3140
2559 1536 3583 2348 1720 3147
2815 1536 3583 2527 1753 3155
3071 1536 3583 2708 1789 3164
3327 1536 3583 2892 1828 3174
3583 1536 3583 3078 1871 3185
3839 1536 3583 3268 1915 3201
4095 1536 3583 3512 1916 3263
0 1792 3583 1227 1807 3252
256 1792 3583 1243 1807 3247
512 1792 3583 1299 1810 3231
768 1792 3583 1389 1815 3204
1024 1792 3583 1507 1823 3168
1280 1792 3583 1636 1834 3139
1536 1792 3583 1765 1847 3143
1792 1792 3583 1909 1863 3147
2048 1792 3583 2064 1882 3152
2303 1792 3583 2227 1904 3158
2559 1792 3583 2397 1929 3165
2815 1792 3583 2571 1957 3173
3071 1792 3583 2749 1989 3182
3327 1792 3583 2930 2024 3192
3583 1792 3583 3113 2062 3204
3839 1792 3583 3301 2100 3221
4095 1792 3583 3542 2101 3281
0 2048 3583 1347 2043 3252
256 2048 3583 1362 2043 3248
512 2048 3583 1410 2045 3236
768 2048 3583 1492 2048 3214
1024 2048 3583 1601 2054 3186
1280 2048 3583 1723 2063 3161
1536 2048 3583 1846 2074 3164
1792 2048 3583 1983 2088 3168
2048 2048 3583 2132 2104 3173
2303 2048 3583 2289 2123 3179
2559 2048 3583 2453 2146 3187
2815 2048 3583 2623 2171 3195
3071 2048 3583 2797 2198 3204
3327 2048 3583 2975 2229 3215
3583 2048 3583 3155 2263 3227
3839 2048 3583 3342 2296 3246
4095 2048 3583 3577 2299 3301
0 2303 3583 1470 2279 3261
256 2303 3583 1482 2280 3258
512 2303 3583 1526 2281 3249
768 2303 3583 1600 2283 3233
1024 2303 3583 1700 2287 3211
1280 2303 3583 1818 2294 3188
1536 2303 3583 1936 2304 3188
1792 2303 3583 2066 2316 3193
2048 2303 3583 2208 2330 3198
2303 2303 3583 2359 2347 3205
2559 2303 3583 2518 2367 3212
2815 2303 3583 2683 2389 3221
3071 2303 3583 2853 2414 3231
3327 2303 3583 3027 2441 3242
3583 2303 3583 3204 2471 3255
3839 2303 3583 3388 2500 3274
4095 2303 3583 3618 2505 3323
0 2559 3583 1598 2518 3275
256 2559 3583 1609 2518 3273
512 2559 3583 1649 2519 3266
768 2559 3583 1717 2521 3254
1024 2559 3583 1809 2524 3239
1280 2559 3583 1919 2528 3222
1536 2559 3583 2035 2537 3217
1792 2559 3583 2157 2547 3222
2048 2559 3583 2293 2560 3228
2303 2559 3583 2437 2575 3235
2559 2559 3583 2591 2593 3243
2815 2559 3583 2751 2612 3253
3071 2559 3583 2916 2634 3264
3327 2559 3583 3087 2659 3276
3583 2559 3583 3262 2684 3291
3839 2559 3583 3441 2712 3306
4095 2559 3583 3664 2719 3349
0 2815 3583 1729 2758 3296
256 2815 3583 1739 2758 3295
512 2815 3583 1775 2758 3290
768 2815 3583 1838 2759 3281
1024 2815 3583 1923 2761 3271
1280 2815 3583 2026 2765 3260
1536 2815 3583 2139 2771 3253
1792 2815 3583 2256 2781 3258
2048 2815 3583 2385 2792 3264
2303 2815 3583 2523 2806 3272
2559 2815 3583 2671 2822 3281
2815 2815 3583 2826 2839 3292
3071 2815 3583 2988 2858 3304
3327 2815 3583 3156 2879 3319
3583 2815 3583 3332 2900 3336
3839 2815 3583 3501 2929 3343
4095 2815 3583 3714 2938 3377
0 3071 3583 1863 2998 3324
256 3071 3583 1872 2998 3323
512 3071 3583 1905 2998 3320
768 3071 3583 1962 2999 3314
1024 3071 3583 2041 3000 3308
1280 3071 3583 2137 3003 3301
1536 3071 3583 2245 3008 3298
1792 3071 3583 2358 3016 3301
2048 3071 3583 2479 3027 3309
2303 3071 3583 2611 3039 3318
2559 3071 3583 2753 3053 3329
2815 3071 3583 2903 3069 3342
3071 3071 3583 3063 3085 3358
3327 3071 3583 3233 3101 3377
3583 3071 3583 3419 3114 3401
3839 3071 3583 3568 3149 3383
4095 3071 3583 3770 3162 3407
0 3327 3583 1999 3238 3356
256 3327 3583 2008 3238 3355
512 3327 3583 2038 3238 3354
768 3327 3583 2090 3239 3351
1024 3327 3583 2164 3240 3347
1280 3327 3583 2254 3242 3345
1536 3327 3583 2356 3246 3344
1792 3327 3583 2464 3254 3348
2048 3327 3583 2569 3265 3360
2303 3327 3583 2678 3280 3380
2559 3327 3583 2812 3294 3396
2815 3327 3583 2956 3308 3415
3071 3327 3583 3120 3321 3430
3327 3327 3583 3302 3332 3434
3583 3327 3583 3488 3344 3437
3839 3327 3583 3644 3372 3427
4095 3327 3583 3830 3388 3440
0 3583 3583 2137 3480 3393
256 3583 3583 2144 3480 3393
512 3583 3583 2172 3480 3392
768 3583 3583 2221 3480 3391
1024 3583 3583 2289 3480 3390
1280 3583 3583 2374 3482 3390
1536 3583 3583 2471 3486 3391
1792 3583 3583 2574 3492 3395
2048 3583 3583 2677 3503 3404
2303 3583 3583 2769 3520 3420
2559 3583 3583 2851 3544 3443
2815 3583 3583 3015 3553 3446
3071 3583 3583 3187 3562 3449
3327 3583 3583 3364 3572 3452
3583 3583 3583 3547 3583 3456
3839 3583 3583 3733 3595 3459
4095 3583 3583 3895 3618 3475
0 3839 3583 2274 3721 3434
256 3839 3583 2282 3721 3434
512 3839 3583 2307 3721 3434
768 3839 3583 2353 3721 3435
1024 3839 3583 2417 3722 3436
1280 3839 3583 2497 3723 3437
1536 3839 3583 2590 3726 3440
1792 3839 3583 2689 3732 3445
2048 3839 3583 2789 3741 3451
2303 3839 3583 2881 3757 3458
2559 3839 3583 2953 3782 3463
2815 3839 3583 3091 3795 3465
3071 3839 3583 3257 3804 3468
3327 3839 3583 3431 3813 3472
3583 3839 3583 3609 3824 3475
3839 3839 3583 3792 3835 3479
4095 3839 3583 3964 3850 3512
0 4095 3583 2342 3977 3476
256 4095 3583 2347 3978 3476
512 4095 3583 2367 3978 3477
768 4095 3583 2403 3980 3478
1024 4095 3583 2455 3982 3479
1280 4095 3583 2523 3986 3481
1536 4095 3583 2607 3990 3483
1792 4095 3583 2706 3995 3486
2048 4095 3583 2817 4001 3489
2303 4095 3583 2940 4008 3493
2559 4095 3583 3074 4017 3497
2815 4095 3583 3216 4026 3502
3071 4095 3583 3368 4036 3506
3327 4095 3583 3526 4047 3511
3583 4095 3583 3690 4059 3516
3839 4095 3583 3861 4072 3519
4095 4095 3583 4037 4086 3504
0 0 3839 837 628 3523
256 0 3839 851 627 3526
512 0 3839 902 625 3535
768 0 3839 1009 634 3533
1024 0 3839 1160 657 3521
1280 0 3839 1328 685 3512
1536 0 3839 1508 719 3503
1792 0 3839 1696 758 3495
2048 0 3839 1889 802 3489
2303 0 3839 2085 849 3485
2559 0 3839 2284 899 3483
2815 0 3839 2485 952 3483
3071 0 3839 2688 1008 3485
3327 0 3839 2892 1065 3487
3583 0 3839 3098 1124 3492
3839 0 3839 3304 1184 3498
4095 0 3839 3511 1245 3505
0 256 3839 806 647 3541
256 256 3839 835 652 3531
512 256 3839 910 662 3522
768 256 3839 1030 679 3506
1024 256 3839 1177 703 3492
1280 256 3839 1340 729 3486
1536 256 3839 1516 760 3480
1792 256 3839 1701 797 3476
2048 256 3839 1892 838 3473
2303 256 3839 2086 883 3471
2559 256 3839 2284 931 3471
2815 256 3839 2484 982 3473
3071 256 3839 2687 1035 3477
3327 256 3839 2890 1091 3481
3583 256 3839 3095 1148 3487
3839 256 3839 3302 1207 3494
4095 256 3839 3509 1267 3501
0 512 3839 837 765 3535
256 512 3839 865 769 3525
512 512 3839 954 784 3492
768 512 3839 1088 810 3437
1024 512 3839 1228 835 3411
1280 512 3839 1377 858 3408
1536 512 3839 1542 886 3409
1792 512 3839 1717 917 3415
2048 512 3839 1900 952 3420
2303 512 3839 2089 992 3426
2559 512 3839 2283 1034 3433
2815 512 3839 2481 1079 3441
3071 512 3839 2681 1127 3450
3327 512 3839 2884 1178 3459
3583 512 3839 3088 1230 3469
3839 512 3839 3294 1284 3479
4095 512 3839 3501 1340 3489
0 768 3839 890 938 3524
256 768 3839 916 941 3516
512 768 3839 998 952 3486
768 768 3839 1125 971 3435
1024 768 3839 1270 996 3385
1280 768 3839 1412 1015 3387
1536 768 3839 1570 1038 3389
1792 768 3839 1740 1066 3392
2048 768 3839 1918 1098 3396
2303 768 3839 2102 1135 3399
2559 768 3839 2291 1175 3404
2815 768 3839 2483 1219 3409
3071 768 3839 2680 1264 3419
3327 768 3839 2878 1312 3429
3583 768 3839 3080 1360 3442
3839 768 3839 3283 1410 3456
4095 768 3839 3489 1461 3470
0 1024 3839 961 1141 3514
256 1024 3839 984 1143 3506
512 1024 3839 1060 1150 3479
768 1024 3839 1178 1164 3434
1024 1024 3839 1315 1183 3392
1280 1024 3839 1451 1198 3393
1536 1024 3839 1604 1217 3395
1792 1024 3839 1770 1240 3398
2048 1024 3839 1946 1267 3402
2303 1024 3839 2127 1298 3405
2559 1024 3839 2313 1333 3410
2815 1024 3839 2503 1371 3415
3071 1024 3839 2696 1413 3420
3327 1024 3839 2890 1458 3426
3583 1024 3839 3086 1507 3433
3839 1024 3839 3282 1559 3441
4095 1024 3839 3485 1606 3456
0 1280 3839 1051 1360 3500
256 1280 3839 1071 1361 3494
512 1280 3839 1139 1366 3470
768 1280 3839 1247 1376 3430
1024 1280 3839 1372 1389 3399
1280 1280 3839 1502 1402 3401
1536 1280 3839 1650 1418 3403
1792 1280 3839 1811 1437 3406
2048 1280 3839 1982 1460 3409
2303 1280 3839 2160 1486 3413
2559 1280 3839 2343 1515 3418
2815 1280 3839 2530 1548 3423
3071 1280 3839 2721 1585 3428
3327 1280 3839 2913 1625 3434
3583 1280 3839 3106 1668 3441
3839 1280 3839 3300 1714 3448
4095 1280 3839 3501 1758 3463
0 1536 3839 1148 1586 3493
256 1536 3839 1166 1587 3488
512 1536 3839 1227 1591 3467
768 1536 3839 1327 1598 3432
1024 1536 3839 1442 1608 3409
1280 1536 3839 1565 1619 3411
1536 1536 3839 1706 1632 3413
1792 1536 3839 1862 1648 3416
2048 1536 3839 2027 1668 3420
2303 1536 3839 2200 1690 3423
2559 1536 3839 2380 1715 3428
2815 1536 3839 2564 1744 3433
3071 1536 3839 2751 1776 3438
3327 1536 3839 2941 1811 3444
3583 1536 3839 3132 1849 3451
3839 1536 3839 3324 1890 3459
4095 1536 3839 3524 1929 3474
0 1792 3839 1257 1818 3486
256 1792 3839 1273 1819 3482
512 1792 3839 1327 1822 3465
768 1792 3839 1418 1827 3436
1024 1792 3839 1521 1834 3422
1280 1792 3839 1638 1843 3423
1536 1792 3839 1772 1855 3426
1792 1792 3839 1921 1869 3428
2048 1792 3839 2081 1885 3432
2303 1792 3839 2249 1905 3436
2559 1792 3839 2425 1927 3440
2815 1792 3839 2605 1952 3445
3071 1792 3839 2789 1980 3451
3327 1792 3839 2975 2011 3457
3583 1792 3839 3163 2045 3463
3839 1792 3839 3353 2082 3471
4095 1792 3839 3551 2115 3489
0 2048 3839 1375 2053 3483
256 2048 3839 1389 2054 3479
512 2048 3839 1437 2056 3465
768 2048 3839 1517 2059 3445
1024 2048 3839 1611 2065 3436
1280 2048 3839 1720 2073 3438
1536 2048 3839 1847 2083 3440
1792 2048 3839 1990 2095 3443
2048 2048 3839 2144 2110 3446
2303 2048 3839 2307 2127 3450
2559 2048 3839 2477 2146 3454
2815 2048 3839 2653 2168 3459
3071 2048 3839 2832 2193 3465
3327 2048 3839 3015 2220 3471
3583 2048 3839 3200 2251 3478
3839 2048 3839 3387 2284 3486
4095 2048 3839 3586 2312 3507
0 2303 3839 1494 2289 3489
256 2303 3839 1506 2290 3485
512 2303 3839 1550 2291 3475
768 2303 3839 1624 2294 3457
1024 2303 3839 1709 2299 3453
1280 2303 3839 1811 2305 3455
1536 2303 3839 1931 2314 3457
1792 2303 3839 2067 2325 3460
2048 2303 3839 2215 2338 3463
2303 2303 3839 2371 2353 3467
2559 2303 3839 2536 2370 3471
2815 2303 3839 2707 2390 3476
3071 2303 3839 2883 2412 3482
3327 2303 3839 3062 2437 3488
3583 2303 3839 3243 2464 3496
3839 2303 3839 3426 2494 3503
4095 2303 3839 3626 2517 3528
0 2559 3839 1620 2527 3498
256 2559 3839 1631 2528 3496
512 2559 3839 1670 2529 3488
768 2559 3839 1735 2531 3477
1024 2559 3839 1816 2535 3472
1280 2559 3839 1911 2541 3474
1536 2559 3839 2024 2549 3476
1792 2559 3839 2153 2558 3479
2048 2559 3839 2294 2570 3482
2303 2559 3839 2444 2583 3486
2559 2559 3839 2604 2599 3491
2815 2559 3839 2769 2616 3496
3071 2559 3839 2940 2636 3502
3327 2559 3839 3115 2659 3508
3583 2559 3839 3292 2684 3516
3839 2559 3839 3471 2711 3524
4095 2559 3839 3672 2729 3553
0 2815 3839 1750 2766 3514
256 2815 3839 1760 2766 3512
512 2815 3839 1796 2767 3506
768 2815 3839 1858 2768 3496
1024 2815 3839 1931 2772 3494
1280 2815 3839 2020 2777 3496
1536 2815 3839 2126 2784 3498
1792 2815 3839 2248 2793 3501
2048 2815 3839 2382 2803 3504
2303 2815 3839 2526 2815 3509
2559 2815 3839 2679 2830 3513
2815 2815 3839 2839 2846 3519
3071 2815 3839 3005 2864 3525
3327 2815 3839 3174 2884 3532
3583 2815 3839 3347 2907 3540
3839 2815 3839 3522 2933 3548
4095 2815 3839 3722 2948 3580
0 3071 3839 1880 3006 3537
256 3071 3839 1890 3006 3536
512 3071 3839 1923 3006 3532
768 3071 3839 1980 3007 3525
1024 3071 3839 2053 3010 3520
1280 3071 3839 2137 3015 3521
1536 3071 3839 2237 3021 3523
1792 3071 3839 2351 3029 3526
2048 3071 3839 2479 3038 3530
2303 3071 3839 2616 3049 3534
2559 3071 3839 2763 3062 3539
2815 3071 3839 2917 3077 3545
3071 3071 3839 3077 3094 3552
3327 3071 3839 3241 3113 3559
3583 3071 3839 3409 3134 3568
3839 3071 3839 3580 3157 3578
4095 3071 3839 3777 3170 3610
0 3327 3839 2015 3246 3565
256 3327 3839 2024 3246 3565
512 3327 3839 2053 3246 3562
768 3327 3839 2106 3247 3557
1024 3327 3839 2179 3248 3552
1280 3327 3839 2263 3252 3550
1536 3327 3839 2357 3257 3552
1792 3327 3839 2465 3265 3555
2048 3327 3839 2585 3273 3559
2303 3327 3839 2716 3283 3564
2559 3327 3839 2856 3295 3570
2815 3327 3839 3004 3309 3576
3071 3327 3839 3158 3325 3584
3327 3327 3839 3317 3342 3593
3583 3327 3839 3480 3361 3603
3839 3327 3839 3648 3382 3616
4095 3327 3839 3838 3396 3642
0 3583 3839 2151 3487 3598
256 3583 3839 2159 3487 3598
512 3583 3839 2187 3487 3596
768 3583 3839 2236 3487 3594
1024 3583 3839 2304 3488 3590
1280 3583 3839 2390 3490 3588
1536 3583 3839 2485 3494 3587
1792 3583 3839 2587 3500 3590
2048 3583 3839 2700 3508 3595
2303 3583 3839 2824 3518 3601
2559 3583 3839 2957 3529 3608
2815 3583 3839 3097 3542 3616
3071 3583 3839 3244 3557 3626
3327 3583 3839 3397 3573 3638
3583 3583 3839 3557 3590 3653
3839 3583 3839 3734 3603 3675
4095 3583 3839 3902 3625 3676
0 3839 3839 2288 3728 3636
256 3839 3839 2295 3728 3636
512 3839 3839 2320 3728 3635
768 3839 3839 2366 3729 3634
1024 3839 3839 2430 3729 3633
1280 3839 3839 2511 3730 3632
1536 3839 3839 2605 3733 3633
1792 3839 3839 2706 3738 3635
2048 3839 3839 2810 3746 3641
2303 3839 3839 2916 3758 3651
2559 3839 3839 3029 3772 3662
2815 3839 3839 3144 3789 3676
3071 3839 3839 3267 3808 3692
3327 3839 3839 3439 3818 3695
3583 3839 3839 3617 3828 3699
3839 3839 3839 3800 3839 3702
4095 3839 3839 3971 3856 3712
0 4095 3839 2364 3981 3683
256 4095 3839 2370 3982 3683
512 4095 3839 2389 3982 3683
768 4095 3839 2424 3984 3684
1024 4095 3839 2475 3987 3686
1280 4095 3839 2543 3990 3688
1536 4095 3839 2626 3994 3690
1792 4095 3839 2723 3999 3693
2048 4095 3839 2834 4005 3697
2303 4095 3839 2956 4013 3701
2559 4095 3839 3089 4021 3705
2815 4095 3839 3230 4030 3710
3071 4095 3839 3380 4040 3715
3327 4095 3839 3538 4051 3721
3583 4095 3839 3701 4063 3726
3839 4095 3839 3870 4076 3732
4095 4095 3839 4045 4090 3726
0 0 4095 892 670 3755
256 0 4095 906 669 3758
512 0 4095 953 667 3768
768 0 4095 1048 671 3773
1024 0 4095 1195 694 3759
1280 0 4095 1359 720 3750
1536 0 4095 1535 752 3742
1792 0 4095 1721 788 3735
2048 0 4095 1912 828 3730
2303 0 4095 2106 872 3727
2559 0 4095 2306 915 3731
2815 0 4095 2507 965 3730
3071 0 4095 2711 1015 3733
3327 0 4095 2916 1068 3737
3583 0 4095 3123 1122 3742
3839 0 4095 3329 1182 3743
4095 0 4095 3538 1239 3750
0 256 4095 859 685 3777
256 256 4095 883 689 3771
512 256 4095 954 698 3762
768 256 4095 1068 714 3750
1024 256 4095 1211 736 3734
1280 256 4095 1369 759 3732
1536 256 4095 1542 788 3726
1792 256 4095 1725 821 3725
2048 256 4095 1914 859 3722
2303 256 4095 2108 898 3724
2559 256 4095 2307 941 3727
2815 256 4095 2508 989 3728
3071 256 4095 2712 1038 3731
3327 256 4095 2917 1089 3736
3583 256 4095 3124 1142 3740
3839 256 4095 3331 1199 3744
4095 256 4095 3539 1256 3750
0 512 4095 886 796 3773
256 512 4095 911 800 3765
512 512 4095 992 812 3739
768 512 4095 1109 830 3712
1024 512 4095 1239 846 3709
1280 512 4095 1390 865 3710
1536 512 4095 1558 888 3713
1792 512 4095 1737 916 3714
2048 512 4095 1924 948 3717
2303 512 4095 2116 983 3720
2559 512 4095 2314 1022 3723
2815 512 4095 2514 1064 3727
3071 512 4095 2717 1109 3731
3327 512 4095 2922 1157 3735
3583 512 4095 3128 1207 3740
3839 512 4095 3335 1259 3745
4095 512 4095 3543 1312 3751
0 768 4095 937 963 3762
256 768 4095 961 966 3754
512 768 4095 1037 976 3730
768 768 4095 1141 987 3715
1024 768 4095 1267 999 3712
1280 768 4095 1415 1015 3714
1536 768 4095 1579 1034 3715
1792 768 4095 1756 1058 3717
2048 768 4095 1941 1085 3720
2303 768 4095 2131 1115 3723
2559 768 4095 2327 1149 3726
2815 768 4095 2527 1186 3730
3071 768 4095 2728 1225 3734
3327 768 4095 2932 1268 3738
3583 768 4095 3138 1312 3743
3839 768 4095 3344 1359 3749
4095 768 4095 3552 1409 3754
0 1024 4095 1003 1161 3753
256 1024 4095 1024 1163 3747
512 1024 4095 1092 1169 3728
768 1024 4095 1189 1177 3716
1024 1024 4095 1308 1187 3717
1280 1024 4095 1451 1200 3718
1536 1024 4095 1611 1216 3720
1792 1024 4095 1784 1235 3722
2048 1024 4095 1966 1257 3725
2303 1024 4095 2154 1283 3727
2559 1024 4095 2347 1311 3731
2815 1024 4095 2545 1343 3734
3071 1024 4095 2745 1377 3738
3327 1024 4095 2948 1414 3743
3583 1024 4095 3152 1454 3748
3839 1024 4095 3357 1495 3753
4095 1024 4095 3564 1539 3759
0 1280 4095 1090 1376 3738
256 1280 4095 1107 1377 3734
512 1280 4095 1164 1381 3724
768 1280 4095 1248 1387 3722
1024 1280 4095 1361 1395 3723
1280 1280 4095 1498 1405 3725
1536 1280 4095 1653 1418 3726
1792 1280 4095 1821 1434 3728
2048 1280 4095 1999 1453 3731
2303 1280 4095 2184 1475 3734
2559 1280 4095 2374 1499 3737
2815 1280 4095 2569 1526 3741
3071 1280 4095 2768 1555 3745
3327 1280 4095 2968 1587 3749
3583 1280 4095 3171 1622 3754
3839 1280 4095 3375 1659 3759
4095 1280 4095 3580 1698 3765
0 1536 4095 1177 1600 3738
256 1536 4095 1192 1601 3736
512 1536 4095 1241 1604 3730
768 1536 4095 1319 1608 3730
1024 1536 4095 1425 1615 3731
1280 1536 4095 1555 1623 3733
1536 1536 4095 1704 1635 3734
1792 1536 4095 1867 1648 3736
2048 1536 4095 2040 1664 3739
2303 1536 4095 2221 1682 3742
2559 1536 4095 2408 1703 3745
2815 1536 4095 2600 1726 3749
3071 1536 4095 2796 1752 3753
3327 1536 4095 2994 1779 3757
3583 1536 4095 3195 1809 3762
3839 1536 4095 3397 1842 3767
4095 1536 4095 3601 1876 3773
0 1792 4095 1273 1830 3741
256 1792 4095 1285 1831 3740
512 1792 4095 1327 1833 3740
768 1792 4095 1399 1837 3740
1024 1792 4095 1499 1842 3741
1280 1792 4095 1622 1850 3742
1536 1792 4095 1764 1859 3744
1792 1792 4095 1921 1871 3746
2048 1792 4095 2089 1884 3749
2303 1792 4095 2265 1900 3751
2559 1792 4095 2448 1918 3755
2815 1792 4095 2637 1938 3758
3071 1792 4095 2830 1960 3762
3327 1792 4095 3026 1985 3767
3583 1792 4095 3224 2011 3772
3839 1792 4095 3425 2039 3777
4095 1792 4095 3627 2070 3783
0 2048 4095 1372 2064 3751
256 2048 4095 1383 2065 3751
512 2048 4095 1421 2067 3751
768 2048 4095 1487 2070 3752
1024 2048 4095 1581 2075 3753
1280 2048 4095 1697 2081 3754
1536 2048 4095 1832 2089 3756
1792 2048 4095 1983 2099 3758
2048 2048 4095 2145 2111 3760
2303 2048 4095 2316 2125 3763
2559 2048 4095 2495 2141 3766
2815 2048 4095 2680 2158 3770
3071 2048 4095 2869 2178 3774
3327 2048 4095 3062 2199 3778
3583 2048 4095 3258 2222 3783
3839 2048 4095 3457 2248 3788
4095 2048 4095 3657 2275 3794
0 2303 4095 1476 2301 3764
256 2303 4095 1486 2301 3764
512 2303 4095 1521 2303 3764
768 2303 4095 1582 2306 3765
1024 2303 4095 1669 2310 3766
1280 2303 4095 1779 2315 3767
1536 2303 4095 1908 2323 3769
1792 2303 4095 2052 2331 3771
2048 2303 4095 2208 2342 3773
2303 2303 4095 2374 2354 3776
2559 2303 4095 2548 2368 3779
2815 2303 4095 2729 2383 3783
3071 2303 4095 2915 2401 3787
3327 2303 4095 3104 2420 3791
3583 2303 4095 3297 2440 3796
3839 2303 4095 3493 2463 3801
4095 2303 4095 3691 2487 3807
0 2559 4095 1586 2540 3779
256 2559 4095 1595 2541 3779
512 2559 4095 1627 2542 3779
768 2559 4095 1684 2544 3780
1024 2559 4095 1765 2548 3781
1280 2559 4095 1868 2553 3782
1536 2559 4095 1990 2560 3784
1792 2559 4095 2127 2567 3786
2048 2559 4095 2278 2577 3788
2303 2559 4095 2438 2587 3791
2559 2559 4095 2608 2600 3794
2815 2559 4095 2784 2614 3798
3071 2559 4095 2965 2629 3802
3327 2559 4095 3152 2646 3806
3583 2559 4095 3342 2665 3811
3839 2559 4095 3534 2685 3816
4095 2559 4095 3730 2707 3822
0 2815 4095 1700 2781 3796
256 2815 4095 1708 2782 3796
512 2815 4095 1737 2783 3796
768 2815 4095 1790 2785 3797
1024 2815 4095 1866 2788 3798
1280 2815 4095 1963 2793 3799
1536 2815 4095 2078 2798 3801
1792 2815 4095 2209 2805 3803
2048 2815 4095 2354 2814 3805
2303 2815 4095 2508 2823 3808
2559 2815 4095 2673 2834 3811
2815 2815 4095 2844 2847 3815
3071 2815 4095 3022 2861 3819
3327 2815 4095 3204 2876 3823
3583 2815 4095 3391 2893 3828
3839 2815 4095 3580 2911 3833
4095 2815 4095 3773 2931 3839
0 3071 4095 1817 3023 3815
256 3071 4095 1824 3024 3815
512 3071 4095 1852 3025 3815
768 3071 4095 1901 3027 3816
1024 3071 4095 1972 3030 3817
1280 3071 4095 2063 3034 3818
1536 3071 4095 2172 3039 3820
1792 3071 4095 2297 3045 3822
2048 3071 4095 2435 3053 3824
2303 3071 4095 2584 3061 3827
2559 3071 4095 2743 3071 3830
2815 3071 4095 2910 3083 3833
3071 3071 4095 3083 3095 3837
3327 3071 4095 3262 3109 3842
3583 3071 4095 3444 3124 3846
3839 3071 4095 3631 3141 3851
4095 3071 4095 3820 3159 3857
0 3327 4095 1936 3266 3835
256 3327 4095 1943 3267 3835
512 3327 4095 1969 3268 3836
768 3327 4095 2015 3269 3836
1024 3327 4095 2081 3272 3837
1280 3327 4095 2166 3276 3839
1536 3327 4095 2270 3280 3840
1792 3327 4095 2389 3286 3842
2048 3327 4095 2521 3293 3845
2303 3327 4095 2665 3301 3847
2559 3327 4095 2818 3310 3850
2815 3327 4095 2980 3320 3854
3071 3327 4095 3149 3332 3858
3327 3327 4095 3324 3344 3862
3583 3327 4095 3503 3358 3867
3839 3327 4095 3686 3373 3872
4095 3327 4095 3872 3390 3877
0 3583 4095 2058 3510 3858
256 3583 4095 2065 3510 3858
512 3583 4095 2088 3511 3858
768 3583 4095 2131 3513 3859
1024 3583 4095 2193 3515 3860
1280 3583 4095 2274 3519 3861
1536 3583 4095 2372 3523 3863
1792 3583 4095 2485 3528 3865
2048 3583 4095 2612 3534 3867
2303 3583 4095 2750 3542 3870
2559 3583 4095 2899 3550 3873
2815 3583 4095 3056 3559 3876
3071 3583 4095 3220 3570 3880
3327 3583 4095 3390 3581 3884
3583 3583 4095 3566 3594 3889
3839 3583 4095 3746 3608 3894
4095 3583 4095 3929 3623 3900
0 3839 4095 2181 3754 3882
256 3839 4095 2187 3755 3882
512 3839 4095 2209 3756 3882
768 3839 4095 2249 3757 3883
1024 3839 4095 2308 3759 3884
1280 3839 4095 2384 3762 3885
1536 3839 4095 2477 3766 3887
1792 3839 4095 2585 3771 3889
2048 3839 4095 2706 3777 3891
2303 3839 4095 2839 3783 3894
2559 3839 4095 2983 3791 3897
2815 3839 4095 3135 3800 3900
3071 3839 4095 3295 3809 3904
3327 3839 4095 3461 3820 3908
3583 3839 4095 3633 3831 3913
3839 3839 4095 3809 3844 3918
4095 3839 4095 3989 3858 3923
0 4095 4095 2303 4000 3908
256 4095 4095 2309 4000 3908
512 4095 4095 2330 4001 3909
768 4095 4095 2367 4002 3909
1024 4095 4095 2422 4004 3910
1280 4095 4095 2494 4007 3911
1536 4095 4095 2582 4011 3913
1792 4095 4095 2685 4015 3915
2048 4095 4095 2802 4020 3917
2303 4095 4095 2930 4026 3920
2559 4095 4095 3068 4033 3923
2815 4095 4095 3216 4041 3926
3071 4095 4095 3372 4050 3930
3327 4095 4095 3534 4060 3934
3583 4095 4095 3702 4071 3939
3839 4095 4095 3876 4082 3944
4095 4095 4095 4053 4095 3949
