0 0 0 0 0 0
256 0 0 217 66 44
512 0 0 433 132 89
768 0 0 650 199 132
1024 0 0 865 267 176
1280 0 0 1080 336 221
1536 0 0 1293 407 265
1792 0 0 1506 479 308
2048 0 0 1716 554 351
2303 0 0 1927 626 390
2559 0 0 2140 698 427
2815 0 0 2355 767 463
3071 0 0 2569 837 500
3327 0 0 2783 907 540
3583 0 0 2998 977 582
3839 0 0 3212 1047 624
4095 0 0 3426 1116 665
0 256 0 137 247 90
256 256 0 249 253 98
512 256 0 448 274 122
768 256 0 658 309 156
1024 256 0 871 353 194
1280 256 0 1085 406 234
1536 256 0 1297 464 276
1792 256 0 1508 528 317
2048 256 0 1719 595 359
2303 256 0 1927 666 400
2559 256 0 2137 736 438
2815 256 0 2350 804 474
3071 256 0 2565 870 510
3327 256 0 2779 937 551
3583 256 0 2994 1005 591
3839 256 0 3208 1072 632
4095 256 0 3423 1140 673
0 512 0 274 495 178
256 512 0 339 497 182
512 512 0 498 507 195
768 512 0 691 524 216
1024 512 0 895 549 244
1280 512 0 1103 582 275
1536 512 0 1311 622 310
1792 512 0 1520 669 346
2048 512 0 1728 721 384
2303 512 0 1935 779 422
2559 512 0 2141 841 461
2815 512 0 2346 908 503
3071 512 0 2553 974 547
3327 512 0 2767 1036 586
3583 512 0 2982 1096 624
3839 512 0 3197 1158 662
4095 512 0 3412 1221 701
0 768 0 410 742 268
256 768 0 453 744 270
512 768 0 579 749 279
768 768 0 749 760 292
1024 768 0 938 777 312
1280 768 0 1136 799 336
1536 768 0 1338 827 363
1792 768 0 1542 861 394
2048 768 0 1747 900 426
2303 768 0 1951 946 460
2559 768 0 2155 996 498
2815 768 0 2358 1052 541
3071 768 0 2560 1111 587
3327 768 0 2763 1174 634
3583 768 0 2968 1236 678
3839 768 0 3181 1293 715
4095 768 0 3401 1345 746
0 1024 0 554 988 355
256 1024 0 585 989 357
512 1024 0 683 993 363
768 1024 0 829 1001 373
1024 1024 0 1000 1013 387
1280 1024 0 1186 1029 405
1536 1024 0 1379 1050 428
1792 1024 0 1577 1076 453
2048 1024 0 1777 1107 482
2303 1024 0 1976 1143 516
2559 1024 0 2177 1184 554
2815 1024 0 2379 1229 594
3071 1024 0 2580 1278 635
3327 1024 0 2782 1330 678
3583 1024 0 2983 1386 722
3839 1024 0 3185 1445 768
4095 1024 0 3413 1483 784
0 1280 0 705 1233 443
256 1280 0 728 1234 444
512 1280 0 806 1237 448
768 1280 0 929 1243 456
1024 1280 0 1082 1252 469
1280 1280 0 1253 1265 485
1536 1280 0 1435 1282 506
1792 1280 0 1624 1302 530
2048 1280 0 1817 1327 558
2303 1280 0 2012 1356 588
2559 1280 0 2210 1389 621
2815 1280 0 2409 1426 656
3071 1280 0 2608 1467 694
3327 1280 0 2809 1511 732
3583 1280 0 3009 1558 773
3839 1280 0 3210 1609 815
4095 1280 0 3433 1645 830
0 1536 0 856 1477 541
256 1536 0 875 1478 543
512 1536 0 938 1481 547
768 1536 0 1043 1486 554
1024 1536 0 1178 1493 564
1280 1536 0 1334 1504 578
1536 1536 0 1505 1517 595
1792 1536 0 1685 1534 616
2048 1536 0 1871 1555 639
2303 1536 0 2060 1578 665
2559 1536 0 2254 1606 694
2815 1536 0 2449 1636 725
3071 1536 0 2646 1670 758
3327 1536 0 2844 1708 793
3583 1536 0 3042 1748 830
3839 1536 0 3242 1792 868
4095 1536 0 3458 1826 884
0 1792 0 1005 1722 639
256 1792 0 1020 1723 640
512 1792 0 1073 1725 643
768 1792 0 1163 1729 649
1024 1792 0 1284 1736 658
1280 1792 0 1427 1744 670
1536 1792 0 1586 1756 684
1792 1792 0 1756 1770 702
2048 1792 0 1935 1787 722
2303 1792 0 2118 1807 745
2559 1792 0 2307 1829 770
2815 1792 0 2498 1855 797
3071 1792 0 2691 1884 827
3327 1792 0 2887 1916 859
3583 1792 0 3083 1951 892
3839 1792 0 3280 1989 927
4095 1792 0 3489 2022 946
0 2048 0 1151 1968 734
256 2048 0 1164 1968 735
512 2048 0 1210 1970 738
768 2048 0 1289 1974 743
1024 2048 0 1397 1979 751
1280 2048 0 1527 1986 760
1536 2048 0 1676 1996 773
1792 2048 0 1837 2008 788
2048 2048 0 2007 2022 806
2303 2048 0 2184 2039 826
2559 2048 0 2367 2059 848
2815 2048 0 2554 2081 872
3071 2048 0 2744 2105 899
3327 2048 0 2936 2133 927
3583 2048 0 3130 2163 958
3839 2048 0 3325 2196 990
4095 2048 0 3526 2228 1015
0 2303 0 1295 2213 826
256 2303 0 1306 2213 827
512 2303 0 1346 2215 829
768 2303 0 1416 2218 834
1024 2303 0 1513 2222 840
1280 2303 0 1633 2229 849
1536 2303 0 1772 2237 860
1792 2303 0 1924 2247 873
2048 2303 0 2087 2260 889
2303 2303 0 2257 2274 906
2559 2303 0 2435 2291 926
2815 2303 0 2617 2310 948
3071 2303 0 2803 2331 972
3327 2303 0 2992 2355 998
3583 2303 0 3183 2381 1026
3839 2303 0 3375 2410 1055
4095 2303 0 3572 2439 1081
0 2559 0 1439 2459 918
256 2559 0 1449 2459 919
512 2559 0 1484 2460 921
768 2559 0 1547 2463 925
1024 2559 0 1635 2467 930
1280 2559 0 1745 2473 938
1536 2559 0 1874 2480 948
1792 2559 0 2018 2489 960
2048 2559 0 2173 2500 973
2303 2559 0 2337 2512 989
2559 2559 0 2508 2527 1007
2815 2559 0 2685 2544 1027
3071 2559 0 2867 2562 1049
3327 2559 0 3052 2583 1072
3583 2559 0 3240 2606 1097
3839 2559 0 3430 2631 1124
4095 2559 0 3622 2658 1152
0 2815 0 1583 2705 1010
256 2815 0 1592 2705 1010
512 2815 0 1624 2706 1012
768 2815 0 1680 2709 1016
1024 2815 0 1760 2712 1021
1280 2815 0 1862 2717 1028
1536 2815 0 1982 2724 1036
1792 2815 0 2117 2731 1047
2048 2815 0 2265 2741 1059
2303 2815 0 2422 2752 1074
2559 2815 0 2587 2765 1090
2815 2815 0 2759 2780 1108
3071 2815 0 2936 2796 1127
3327 2815 0 3117 2815 1149
3583 2815 0 3302 2835 1172
3839 2815 0 3489 2857 1196
4095 2815 0 3678 2881 1223
0 3071 0 1727 2951 1102
256 3071 0 1735 2951 1102
512 3071 0 1764 2952 1104
768 3071 0 1815 2954 1107
1024 3071 0 1888 2957 1112
1280 3071 0 1983 2962 1118
1536 3071 0 2095 2968 1126
1792 3071 0 2222 2975 1135
2048 3071 0 2362 2983 1147
2303 3071 0 2512 2993 1160
2559 3071 0 2672 3005 1174
2815 3071 0 2838 3018 1191
3071 3071 0 3010 3032 1209
3327 3071 0 3187 3049 1228
3583 3071 0 3368 3067 1249
3839 3071 0 3551 3087 1272
4095 3071 0 3738 3109 1296
0 3327 0 1871 3197 1194
256 3327 0 1878 3197 1194
512 3327 0 1904 3198 1196
768 3327 0 1951 3200 1198
1024 3327 0 2019 3203 1203
1280 3327 0 2106 3207 1208
1536 3327 0 2211 3212 1215
1792 3327 0 2331 3218 1224
2048 3327 0 2464 3226 1234
2303 3327 0 2608 3235 1246
2559 3327 0 2761 3245 1260
2815 3327 0 2922 3257 1275
3071 3327 0 3089 3270 1291
3327 3327 0 3261 3285 1309
3583 3327 0 3438 3302 1329
3839 3327 0 3618 3320 1350
4095 3327 0 3801 3339 1372
0 3583 0 2015 3442 1285
256 3583 0 2021 3443 1286
512 3583 0 2045 3444 1287
768 3583 0 2088 3445 1290
1024 3583 0 2151 3448 1294
1280 3583 0 2232 3452 1299
1536 3583 0 2330 3457 1305
1792 3583 0 2444 3462 1313
2048 3583 0 2570 3469 1323
2303 3583 0 2707 3477 1334
2559 3583 0 2855 3487 1346
2815 3583 0 3010 3498 1360
3071 3583 0 3172 3510 1375
3327 3583 0 3340 3523 1392
3583 3583 0 3512 3538 1410
3839 3583 0 3689 3554 1429
4095 3583 0 3868 3572 1450
0 3839 0 2159 3688 1377
256 3839 0 2165 3689 1378
512 3839 0 2187 3690 1379
768 3839 0 2227 3691 1381
1024 3839 0 2285 3694 1385
1280 3839 0 2361 3697 1390
1536 3839 0 2453 3701 1396
1792 3839 0 2560 3707 1403
2048 3839 0 2680 3713 1412
2303 3839 0 2811 3720 1422
2559 3839 0 2952 3729 1433
2815 3839 0 3102 3739 1446
3071 3839 0 3259 3750 1460
3327 3839 0 3422 3762 1476
3583 3839 0 3590 3776 1493
3839 3839 0 3763 3791 1511
4095 3839 0 3939 3807 1530
0 4095 0 2237 3949 1385
256 4095 0 2243 3949 1385
512 4095 0 2264 3950 1386
768 4095 0 2302 3951 1387
1024 4095 0 2357 3954 1388
1280 4095 0 2428 3957 1387
1536 4095 0 2517 3961 1390
1792 4095 0 2621 3967 1392
2048 4095 0 2737 3973 1394
2303 4095 0 2865 3980 1395
2559 4095 0 3003 3988 1397
2815 4095 0 3151 3997 1398
3071 4095 0 3307 4008 1398
3327 4095 0 3469 4019 1396
3583 4095 0 3637 4031 1388
3839 4095 0 3812 4044 1377
4095 4095 0 3985 4053 1339
0 0 256 59 47 246
256 0 256 220 80 243
512 0 256 433 141 253
768 0 256 649 204 270
1024 0 256 859 278 297
1280 0 256 1070 351 327
1536 0 256 1284 420 357
1792 0 256 1499 490 386
2048 0 256 1713 559 416
2303 0 256 1926 629 446
2559 0 256 2141 698 477
2815 0 256 2355 768 511
3071 0 256 2569 838 548
3327 0 256 2783 907 586
3583 0 256 2998 977 624
3839 0 256 3212 1047 662
4095 0 256 3426 1117 701
0 256 256 153 249 251
256 256 256 254 256 255
512 256 256 446 279 268
768 256 256 635 329 302
1024 256 256 847 377 327
1280 256 256 1061 432 353
1536 256 256 1276 489 378
1792 256 256 1490 550 405
2048 256 256 1706 611 432
2303 256 256 1920 675 460
2559 256 256 2135 739 489
2815 256 256 2350 805 522
3071 256 256 2565 871 558
3327 256 256 2779 938 595
3583 256 256 2994 1005 633
3839 256 256 3208 1073 670
4095 256 256 3423 1141 709
0 512 256 288 493 300
256 512 256 356 494 316
512 512 256 499 507 326
768 512 256 683 528 340
1024 512 256 882 558 359
1280 512 256 1086 594 380
1536 512 256 1294 637 404
1792 512 256 1502 686 431
2048 512 256 1709 740 460
2303 512 256 1916 798 492
2559 512 256 2122 861 529
2815 512 256 2336 919 561
3071 512 256 2551 977 594
3327 512 256 2767 1036 628
3583 512 256 2982 1097 663
3839 512 256 3197 1159 699
4095 512 256 3412 1221 736
0 768 256 429 739 373
256 768 256 469 741 375
512 768 256 587 747 381
768 768 256 750 760 391
1024 768 256 934 778 405
1280 768 256 1128 803 423
1536 768 256 1327 834 444
1792 768 256 1529 870 468
2048 768 256 1733 912 496
2303 768 256 1935 958 529
2559 768 256 2139 1010 566
2815 768 256 2342 1066 605
3071 768 256 2545 1125 645
3327 768 256 2752 1184 684
3583 768 256 2966 1238 717
3839 768 256 3181 1293 749
4095 768 256 3401 1346 779
0 1024 256 573 985 437
256 1024 256 602 986 438
512 1024 256 696 991 442
768 1024 256 836 999 450
1024 1024 256 1003 1012 462
1280 1024 256 1184 1030 478
1536 1024 256 1374 1053 498
1792 1024 256 1569 1081 523
2048 1024 256 1766 1113 551
2303 1024 256 1965 1150 582
2559 1024 256 2165 1192 615
2815 1024 256 2367 1237 651
3071 1024 256 2568 1287 688
3327 1024 256 2770 1340 728
3583 1024 256 2972 1395 769
3839 1024 256 3175 1453 810
4095 1024 256 3413 1483 815
0 1280 256 721 1230 514
256 1280 256 744 1231 515
512 1280 256 819 1234 519
768 1280 256 938 1241 527
1024 1280 256 1087 1251 538
1280 1280 256 1254 1264 553
1536 1280 256 1434 1282 571
1792 1280 256 1620 1304 593
2048 1280 256 1812 1330 617
2303 1280 256 2005 1360 645
2559 1280 256 2202 1394 674
2815 1280 256 2401 1431 707
3071 1280 256 2600 1472 741
3327 1280 256 2800 1517 777
3583 1280 256 3001 1565 815
3839 1280 256 3201 1615 855
4095 1280 256 3433 1645 858
0 1536 256 869 1475 601
256 1536 256 887 1476 602
512 1536 256 948 1479 605
768 1536 256 1051 1484 612
1024 1536 256 1183 1492 621
1280 1536 256 1337 1503 634
1536 1536 256 1506 1517 649
1792 1536 256 1684 1534 668
2048 1536 256 1868 1556 690
2303 1536 256 2056 1580 714
2559 1536 256 2249 1608 740
2815 1536 256 2444 1639 769
3071 1536 256 2640 1674 801
3327 1536 256 2837 1712 834
3583 1536 256 3036 1752 869
3839 1536 256 3235 1796 905
4095 1536 256 3458 1827 910
0 1792 256 1014 1720 688
256 1792 256 1030 1721 689
512 1792 256 1082 1723 692
768 1792 256 1170 1728 698
1024 1792 256 1289 1734 706
1280 1792 256 1430 1743 717
1536 1792 256 1588 1755 730
1792 1792 256 1757 1769 747
2048 1792 256 1934 1787 765
2303 1792 256 2116 1807 787
2559 1792 256 2304 1831 811
2815 1792 256 2494 1857 837
3071 1792 256 2687 1886 865
3327 1792 256 2882 1919 895
3583 1792 256 3078 1954 928
3839 1792 256 3275 1992 961
4095 1792 256 3489 2023 971
0 2048 256 1159 1966 777
256 2048 256 1172 1967 777
512 2048 256 1217 1969 780
768 2048 256 1295 1972 785
1024 2048 256 1402 1978 792
1280 2048 256 1531 1985 801
1536 2048 256 1678 1995 813
1792 2048 256 1838 2007 827
2048 2048 256 2008 2022 844
2303 2048 256 2184 2039 863
2559 2048 256 2366 2059 884
2815 2048 256 2552 2082 908
3071 2048 256 2741 2107 933
3327 2048 256 2933 2134 961
3583 2048 256 3127 2165 990
3839 2048 256 3321 2198 1021
4095 2048 256 3525 2229 1039
0 2303 256 1302 2211 863
256 2303 256 1313 2212 864
512 2303 256 1353 2213 866
768 2303 256 1422 2217 870
1024 2303 256 1518 2221 876
1280 2303 256 1637 2228 885
1536 2303 256 1775 2236 895
1792 2303 256 1926 2247 908
2048 2303 256 2088 2259 923
2303 2303 256 2258 2274 940
2559 2303 256 2434 2291 959
2815 2303 256 2616 2310 980
3071 2303 256 2801 2332 1004
3327 2303 256 2990 2356 1028
3583 2303 256 3180 2382 1056
3839 2303 256 3372 2411 1084
4095 2303 256 3570 2441 1106
0 2559 256 1445 2457 951
256 2559 256 1455 2458 951
512 2559 256 1490 2459 953
768 2559 256 1552 2462 957
1024 2559 256 1640 2466 963
1280 2559 256 1750 2472 970
1536 2559 256 1878 2479 980
1792 2559 256 2020 2488 991
2048 2559 256 2175 2499 1004
2303 2559 256 2338 2512 1020
2559 2559 256 2509 2527 1037
2815 2559 256 2685 2544 1056
3071 2559 256 2866 2562 1077
3327 2559 256 3051 2584 1100
3583 2559 256 3238 2607 1125
3839 2559 256 3428 2632 1151
4095 2559 256 3620 2659 1178
0 2815 256 1589 2703 1039
256 2815 256 1597 2704 1040
512 2815 256 1629 2705 1042
768 2815 256 1685 2708 1045
1024 2815 256 1765 2711 1050
1280 2815 256 1866 2716 1057
1536 2815 256 1985 2723 1065
1792 2815 256 2120 2731 1075
2048 2815 256 2267 2740 1087
2303 2815 256 2423 2752 1101
2559 2815 256 2588 2765 1117
2815 2815 256 2760 2779 1134
3071 2815 256 2936 2796 1154
3327 2815 256 3117 2815 1174
3583 2815 256 3301 2835 1197
3839 2815 256 3487 2858 1221
4095 2815 256 3676 2882 1246
0 3071 256 1732 2950 1128
256 3071 256 1740 2950 1129
512 3071 256 1769 2951 1130
768 3071 256 1820 2953 1133
1024 3071 256 1893 2956 1138
1280 3071 256 1986 2961 1144
1536 3071 256 2098 2967 1152
1792 3071 256 2225 2974 1161
2048 3071 256 2365 2982 1172
2303 3071 256 2514 2992 1185
2559 3071 256 2673 3004 1199
2815 3071 256 2839 3017 1215
3071 3071 256 3010 3032 1233
3327 3071 256 3187 3049 1252
3583 3071 256 3367 3067 1273
3839 3071 256 3550 3087 1295
4095 3071 256 3736 3109 1319
0 3327 256 1875 3196 1218
256 3327 256 1883 3196 1218
512 3327 256 1909 3197 1220
768 3327 256 1955 3199 1222
1024 3327 256 2023 3202 1227
1280 3327 256 2110 3206 1232
1536 3327 256 2214 3211 1239
1792 3327 256 2334 3218 1248
2048 3327 256 2467 3225 1258
2303 3327 256 2610 3234 1269
2559 3327 256 2762 3245 1282
2815 3327 256 2923 3257 1297
3071 3327 256 3089 3270 1313
3327 3327 256 3261 3285 1331
3583 3327 256 3438 3302 1350
3839 3327 256 3617 3320 1371
4095 3327 256 3800 3339 1393
0 3583 256 2019 3442 1308
256 3583 256 2026 3442 1308
512 3583 256 2050 3443 1309
768 3583 256 2093 3445 1312
1024 3583 256 2155 3447 1316
1280 3583 256 2236 3451 1321
1536 3583 256 2334 3456 1327
1792 3583 256 2447 3462 1335
2048 3583 256 2573 3469 1344
2303 3583 256 2709 3477 1355
2559 3583 256 2856 3486 1367
2815 3583 256 3011 3497 1381
3071 3583 256 3173 3509 1396
3327 3583 256 3340 3523 1412
3583 3583 256 3512 3538 1430
3839 3583 256 3688 3554 1449
4095 3583 256 3868 3572 1470
0 3839 256 2163 3688 1398
256 3839 256 2169 3688 1398
512 3839 256 2191 3689 1399
768 3839 256 2231 3690 1402
1024 3839 256 2289 3693 1405
1280 3839 256 2364 3696 1410
1536 3839 256 2456 3701 1416
1792 3839 256 2563 3706 1423
2048 3839 256 2682 3712 1432
2303 3839 256 2813 3720 1442
2559 3839 256 2954 3729 1453
2815 3839 256 3104 3738 1465
3071 3839 256 3260 3750 1479
3327 3839 256 3423 3762 1495
3583 3839 256 3591 3776 1511
3839 3839 256 3763 3791 1529
4095 3839 256 3939 3807 1548
0 4095 256 2237 3949 1400
256 4095 256 2243 3949 1400
512 4095 256 2264 3950 1401
768 4095 256 2302 3951 1402
1024 4095 256 2357 3954 1403
1280 4095 256 2429 3957 1403
1536 4095 256 2517 3962 1405
1792 4095 256 2621 3967 1407
2048 4095 256 2737 3973 1408
2303 4095 256 2865 3980 1410
2559 4095 256 3003 3988 1412
2815 4095 256 3151 3997 1413
3071 4095 256 3307 4008 1413
3327 4095 256 3469 4019 1411
3583 4095 256 3638 4031 1403
3839 4095 256 3812 4045 1391
4095 4095 256 3985 4053 1354
0 0 512 189 180 508
256 0 512 238 109 482
512 0 512 442 158 486
768 0 512 652 219 495
1024 0 512 862 288 507
1280 0 512 1073 357 523
1536 0 512 1287 425 541
1792 0 512 1500 494 561
2048 0 512 1714 563 583
2303 0 512 1927 632 607
2559 0 512 2141 701 633
2815 0 512 2355 771 660
3071 0 512 2569 840 688
3327 0 512 2783 910 718
3583 0 512 2998 979 749
3839 0 512 3212 1049 780
4095 0 512 3426 1119 813
0 256 512 195 276 502
256 256 512 271 268 468
512 256 512 447 293 479
768 256 512 640 338 494
1024 256 512 849 385 514
1280 256 512 1063 438 533
1536 256 512 1277 494 552
1792 256 512 1492 553 572
2048 256 512 1707 615 594
2303 256 512 1921 678 618
2559 256 512 2136 742 642
2815 256 512 2350 808 669
3071 256 512 2565 874 697
3327 256 512 2779 940 726
3583 256 512 2994 1007 756
3839 256 512 3208 1075 787
4095 256 512 3423 1142 820
0 512 512 288 500 506
256 512 512 365 500 503
512 512 512 507 512 511
768 512 512 702 527 516
1024 512 512 883 563 537
1280 512 512 1066 613 566
1536 512 512 1268 660 589
1792 512 512 1478 708 610
2048 512 512 1692 759 631
2303 512 512 1905 811 653
2559 512 512 2120 865 676
2815 512 512 2336 921 700
3071 512 512 2551 979 727
3327 512 512 2766 1038 754
3583 512 512 2982 1099 783
3839 512 512 3197 1160 813
4095 512 512 3412 1223 843
0 768 512 441 741 547
256 768 512 489 740 554
512 768 512 586 752 543
768 768 512 754 763 561
1024 768 512 931 783 582
1280 768 512 1115 812 605
1536 768 512 1305 848 628
1792 768 512 1500 890 653
2048 768 512 1699 936 680
2303 768 512 1901 985 706
2559 768 512 2111 1034 729
2815 768 512 2323 1084 753
3071 768 512 2536 1134 777
3327 768 512 2751 1187 803
3583 768 512 2966 1240 829
3839 768 512 3181 1295 857
4095 768 512 3399 1348 883
0 1024 512 588 984 605
256 1024 512 622 984 612
512 1024 512 714 988 621
768 1024 512 846 998 630
1024 1024 512 1004 1013 643
1280 1024 512 1177 1034 659
1536 1024 512 1360 1060 677
1792 1024 512 1550 1091 699
2048 1024 512 1743 1127 722
2303 1024 512 1939 1167 747
2559 1024 512 2138 1211 775
2815 1024 512 2338 1258 804
3071 1024 512 2540 1309 835
3327 1024 512 2745 1360 865
3583 1024 512 2956 1410 891
3839 1024 512 3168 1460 917
4095 1024 512 3413 1485 913
0 1280 512 733 1229 668
256 1280 512 759 1229 674
512 1280 512 840 1230 689
768 1280 512 952 1238 696
1024 1280 512 1094 1249 706
1280 1280 512 1255 1264 718
1536 1280 512 1428 1284 734
1792 1280 512 1610 1309 752
2048 1280 512 1797 1337 773
2303 1280 512 1988 1369 796
2559 1280 512 2183 1405 821
2815 1280 512 2379 1444 848
3071 1280 512 2578 1487 877
3327 1280 512 2777 1533 908
3583 1280 512 2978 1582 941
3839 1280 512 3181 1631 973
4095 1280 512 3433 1646 951
0 1536 512 877 1474 736
256 1536 512 899 1474 741
512 1536 512 969 1475 757
768 1536 512 1067 1480 764
1024 1536 512 1194 1489 772
1280 1536 512 1343 1501 783
1536 1536 512 1506 1517 797
1792 1536 512 1680 1536 813
2048 1536 512 1861 1559 831
2303 1536 512 2046 1585 852
2559 1536 512 2236 1615 875
2815 1536 512 2428 1647 900
3071 1536 512 2623 1684 927
3327 1536 512 2820 1723 956
3583 1536 512 3017 1765 986
3839 1536 512 3216 1809 1018
4095 1536 512 3458 1827 997
0 1792 512 1022 1720 808
256 1792 512 1040 1720 813
512 1792 512 1101 1720 828
768 1792 512 1188 1724 835
1024 1792 512 1302 1731 842
1280 1792 512 1439 1741 852
1536 1792 512 1592 1753 864
1792 1792 512 1757 1769 878
2048 1792 512 1931 1788 894
2303 1792 512 2111 1809 913
2559 1792 512 2295 1834 934
2815 1792 512 2484 1862 957
3071 1792 512 2675 1893 982
3327 1792 512 2868 1926 1009
3583 1792 512 3063 1962 1038
3839 1792 512 3260 2001 1068
4095 1792 512 3489 2023 1051
0 2048 512 1167 1965 885
256 2048 512 1183 1965 889
512 2048 512 1235 1965 902
768 2048 512 1312 1969 909
1024 2048 512 1416 1974 915
1280 2048 512 1542 1983 923
1536 2048 512 1685 1993 934
1792 2048 512 1842 2006 947
2048 2048 512 2009 2022 962
2303 2048 512 2182 2040 979
2559 2048 512 2362 2061 998
2815 2048 512 2546 2084 1019
3071 2048 512 2733 2110 1042
3327 2048 512 2923 2139 1067
3583 2048 512 3115 2171 1093
3839 2048 512 3309 2204 1121
4095 2048 512 3525 2230 1113
0 2303 512 1312 2210 964
256 2303 512 1326 2210 968
512 2303 512 1370 2210 978
768 2303 512 1439 2213 983
1024 2303 512 1533 2218 989
1280 2303 512 1649 2225 997
1536 2303 512 1783 2234 1006
1792 2303 512 1932 2245 1018
2048 2303 512 2091 2258 1031
2303 2303 512 2259 2273 1046
2559 2303 512 2433 2291 1064
2815 2303 512 2612 2311 1083
3071 2303 512 2796 2334 1104
3327 2303 512 2983 2359 1127
3583 2303 512 3172 2386 1152
3839 2303 512 3363 2416 1178
4095 2303 512 3566 2443 1184
0 2559 512 1457 2455 1046
256 2559 512 1469 2455 1049
512 2559 512 1508 2456 1056
768 2559 512 1569 2459 1061
1024 2559 512 1654 2463 1066
1280 2559 512 1762 2469 1072
1536 2559 512 1887 2476 1081
1792 2559 512 2028 2486 1091
2048 2559 512 2180 2497 1104
2303 2559 512 2341 2511 1118
2559 2559 512 2509 2526 1133
2815 2559 512 2684 2544 1151
3071 2559 512 2863 2563 1171
3327 2559 512 3046 2585 1192
3583 2559 512 3232 2609 1215
3839 2559 512 3421 2635 1239
4095 2559 512 3613 2662 1260
0 2815 512 1602 2701 1129
256 2815 512 1611 2701 1131
512 2815 512 1646 2702 1137
768 2815 512 1701 2704 1140
1024 2815 512 1779 2708 1144
1280 2815 512 1878 2713 1151
1536 2815 512 1996 2720 1158
1792 2815 512 2128 2728 1168
2048 2815 512 2273 2738 1179
2303 2815 512 2428 2750 1192
2559 2815 512 2591 2764 1206
2815 2815 512 2760 2779 1223
3071 2815 512 2935 2796 1240
3327 2815 512 3114 2816 1260
3583 2815 512 3297 2837 1281
3839 2815 512 3482 2860 1304
4095 2815 512 3671 2884 1326
0 3071 512 1745 2947 1212
256 3071 512 1754 2947 1213
512 3071 512 1784 2948 1218
768 3071 512 1835 2950 1221
1024 3071 512 1906 2954 1225
1280 3071 512 1999 2958 1231
1536 3071 512 2108 2964 1238
1792 3071 512 2234 2972 1246
2048 3071 512 2372 2980 1257
2303 3071 512 2520 2991 1269
2559 3071 512 2677 3003 1282
2815 3071 512 2841 3016 1297
3071 3071 512 3011 3032 1314
3327 3071 512 3186 3049 1331
3583 3071 512 3365 3068 1351
3839 3071 512 3547 3088 1372
4095 3071 512 3732 3111 1395
0 3327 512 1889 3193 1296
256 3327 512 1897 3193 1297
512 3327 512 1924 3194 1301
768 3327 512 1970 3196 1303
1024 3327 512 2036 3199 1307
1280 3327 512 2122 3203 1312
1536 3327 512 2225 3209 1319
1792 3327 512 2343 3215 1327
2048 3327 512 2474 3223 1336
2303 3327 512 2616 3232 1347
2559 3327 512 2767 3243 1360
2815 3327 512 2926 3256 1374
3071 3327 512 3091 3269 1389
3327 3327 512 3262 3285 1406
3583 3327 512 3437 3302 1424
3839 3327 512 3616 3320 1443
4095 3327 512 3798 3340 1464
0 3583 512 2032 3439 1381
256 3583 512 2040 3439 1383
512 3583 512 2063 3440 1384
768 3583 512 2106 3442 1387
1024 3583 512 2167 3445 1390
1280 3583 512 2247 3448 1395
1536 3583 512 2344 3453 1401
1792 3583 512 2456 3459 1409
2048 3583 512 2580 3467 1417
2303 3583 512 2716 3475 1428
2559 3583 512 2862 3485 1439
2815 3583 512 3015 3496 1452
3071 3583 512 3176 3508 1466
3327 3583 512 3342 3522 1482
3583 3583 512 3513 3537 1499
3839 3583 512 3688 3554 1517
4095 3583 512 3867 3573 1537
0 3839 512 2176 3685 1467
256 3839 512 2182 3685 1468
512 3839 512 2204 3686 1469
768 3839 512 2243 3688 1471
1024 3839 512 2300 3690 1475
1280 3839 512 2375 3694 1479
1536 3839 512 2466 3698 1485
1792 3839 512 2572 3704 1492
2048 3839 512 2690 3710 1500
2303 3839 512 2820 3718 1509
2559 3839 512 2960 3727 1520
2815 3839 512 3108 3737 1532
3071 3839 512 3264 3748 1545
3327 3839 512 3426 3761 1560
3583 3839 512 3592 3775 1576
3839 3839 512 3764 3790 1593
4095 3839 512 3939 3807 1612
0 4095 512 2237 3949 1452
256 4095 512 2243 3949 1452
512 4095 512 2264 3950 1452
768 4095 512 2302 3952 1453
1024 4095 512 2357 3954 1454
1280 4095 512 2429 3958 1454
1536 4095 512 2518 3962 1456
1792 4095 512 2621 3967 1458
2048 4095 512 2737 3973 1460
2303 4095 512 2865 3980 1461
2559 4095 512 3004 3989 1462
2815 4095 512 3151 3998 1463
3071 4095 512 3307 4008 1463
3327 4095 512 3469 4019 1461
3583 4095 512 3638 4032 1453
3839 4095 512 3812 4045 1440
4095 4095 512 3985 4053 1404
0 0 768 220 217 755
256 0 768 271 142 726
512 0 768 460 179 728
768 0 768 667 230 733
1024 0 768 869 302 734
1280 0 768 1080 366 746
1536 0 768 1291 433 760
1792 0 768 1504 501 776
2048 0 768 1717 569 793
2303 0 768 1930 637 811
2559 0 768 2143 706 831
2815 0 768 2357 775 852
3071 0 768 2571 844 875
3327 0 768 2785 913 898
3583 0 768 2999 982 923
3839 0 768 3213 1052 949
4095 0 768 3427 1121 976
0 256 768 227 294 747
256 256 768 309 283 698
512 256 768 469 312 685
768 256 768 656 350 708
1024 256 768 859 396 729
1280 256 768 1070 446 747
1536 256 768 1282 501 764
1792 256 768 1496 560 782
2048 256 768 1710 620 800
2303 256 768 1923 683 818
2559 256 768 2137 747 838
2815 256 768 2352 811 859
3071 256 768 2566 877 882
3327 256 768 2780 943 905
3583 256 768 2995 1010 929
3839 256 768 3209 1078 955
4095 256 768 3423 1145 982
0 512 768 317 507 735
256 512 768 389 509 715
512 512 768 519 518 747
768 512 768 710 533 752
1024 512 768 880 577 744
1280 512 768 1069 622 763
1536 512 768 1271 667 784
1792 512 768 1481 714 804
2048 512 768 1694 764 824
2303 512 768 1907 815 843
2559 512 768 2122 869 863
2815 512 768 2337 925 884
3071 512 768 2552 983 905
3327 512 768 2767 1042 928
3583 512 768 2982 1102 951
3839 512 768 3197 1163 976
4095 512 768 3412 1225 1002
0 768 768 456 746 754
256 768 768 503 747 753
512 768 768 601 756 760
768 768 768 761 768 766
1024 768 768 953 782 771
1280 768 768 1156 800 777
1536 768 768 1325 844 805
1792 768 768 1502 895 837
2048 768 768 1698 943 862
2303 768 768 1901 990 884
2559 768 768 2111 1038 904
2815 768 768 2323 1087 925
3071 768 768 2536 1138 946
3327 768 768 2751 1190 968
3583 768 768 2966 1243 990
3839 768 768 3181 1298 1014
4095 768 768 3398 1352 1037
0 1024 768 593 989 797
256 1024 768 628 989 800
512 1024 768 721 992 808
768 1024 768 830 1010 788
1024 1024 768 1007 1020 792
1280 1024 768 1199 1033 798
1536 1024 768 1399 1050 805
1792 1024 768 1584 1080 837
2048 1024 768 1768 1118 871
2303 1024 768 1943 1168 913
2559 1024 768 2131 1218 947
2815 1024 768 2330 1267 974
3071 1024 768 2535 1315 997
3327 1024 768 2744 1364 1020
3583 1024 768 2955 1413 1043
3839 1024 768 3168 1463 1065
4095 1024 768 3413 1486 1060
0 1280 768 737 1232 849
256 1280 768 764 1232 853
512 1280 768 844 1233 864
768 1280 768 941 1245 853
1024 1280 768 1084 1258 847
1280 1280 768 1255 1270 866
1536 1280 768 1432 1287 887
1792 1280 768 1614 1311 910
2048 1280 768 1800 1339 933
2303 1280 768 1987 1373 958
2559 1280 768 2178 1410 984
2815 1280 768 2372 1451 1011
3071 1280 768 2568 1496 1039
3327 1280 768 2764 1544 1069
3583 1280 768 2965 1592 1098
3839 1280 768 3180 1634 1113
4095 1280 768 3434 1648 1092
0 1536 768 881 1477 906
256 1536 768 902 1477 911
512 1536 768 972 1477 923
768 1536 768 1070 1482 931
1024 1536 768 1192 1493 931
1280 1536 768 1342 1504 944
1536 1536 768 1506 1520 959
1792 1536 768 1678 1539 976
2048 1536 768 1857 1562 995
2303 1536 768 2040 1590 1016
2559 1536 768 2227 1620 1038
2815 1536 768 2418 1655 1062
3071 1536 768 2611 1692 1088
3327 1536 768 2805 1733 1114
3583 1536 768 3002 1776 1142
3839 1536 768 3210 1815 1159
4095 1536 768 3459 1829 1132
0 1792 768 1025 1722 967
256 1792 768 1043 1721 972
512 1792 768 1104 1721 985
768 1792 768 1196 1724 999
1024 1792 768 1308 1731 1006
1280 1792 768 1443 1741 1015
1536 1792 768 1594 1754 1027
1792 1792 768 1757 1771 1042
2048 1792 768 1928 1790 1058
2303 1792 768 2105 1813 1076
2559 1792 768 2287 1839 1095
2815 1792 768 2474 1868 1117
3071 1792 768 2663 1900 1140
3327 1792 768 2855 1934 1164
3583 1792 768 3048 1972 1190
3839 1792 768 3247 2010 1212
4095 1792 768 3490 2025 1178
0 2048 768 1170 1967 1034
256 2048 768 1186 1966 1038
512 2048 768 1239 1966 1050
768 2048 768 1323 1967 1066
1024 2048 768 1427 1973 1077
1280 2048 768 1550 1981 1085
1536 2048 768 1691 1992 1095
1792 2048 768 1845 2006 1107
2048 2048 768 2008 2022 1121
2303 2048 768 2179 2042 1137
2559 2048 768 2356 2064 1155
2815 2048 768 2538 2088 1174
3071 2048 768 2723 2116 1195
3327 2048 768 2911 2146 1218
3583 2048 768 3102 2178 1242
3839 2048 768 3294 2213 1267
4095 2048 768 3526 2231 1233
0 2303 768 1314 2211 1102
256 2303 768 1328 2211 1106
512 2303 768 1375 2210 1118
768 2303 768 1452 2211 1135
1024 2303 768 1548 2215 1146
1280 2303 768 1661 2222 1153
1536 2303 768 1793 2232 1162
1792 2303 768 1938 2243 1173
2048 2303 768 2094 2257 1185
2303 2303 768 2259 2274 1199
2559 2303 768 2430 2293 1215
2815 2303 768 2607 2314 1233
3071 2303 768 2788 2337 1252
3327 2303 768 2973 2363 1273
3583 2303 768 3160 2392 1296
3839 2303 768 3350 2422 1320
4095 2303 768 3567 2444 1295
0 2559 768 1460 2456 1175
256 2559 768 1472 2456 1178
512 2559 768 1514 2456 1189
768 2559 768 1584 2456 1206
1024 2559 768 1672 2459 1216
1280 2559 768 1776 2466 1223
1536 2559 768 1899 2474 1231
1792 2559 768 2036 2484 1240
2048 2559 768 2186 2496 1251
2303 2559 768 2344 2510 1264
2559 2559 768 2510 2526 1279
2815 2559 768 2682 2545 1295
3071 2559 768 2859 2565 1313
3327 2559 768 3040 2588 1332
3583 2559 768 3224 2613 1353
3839 2559 768 3411 2640 1375
4095 2559 768 3613 2664 1365
0 2815 768 1605 2702 1250
256 2815 768 1616 2701 1253
512 2815 768 1654 2701 1263
768 2815 768 1718 2701 1279
1024 2815 768 1798 2704 1288
1280 2815 768 1895 2710 1293
1536 2815 768 2009 2717 1301
1792 2815 768 2139 2726 1309
2048 2815 768 2281 2736 1320
2303 2815 768 2433 2748 1331
2559 2815 768 2594 2763 1345
2815 2815 768 2761 2779 1360
3071 2815 768 2933 2797 1376
3327 2815 768 3110 2817 1394
3583 2815 768 3291 2839 1413
3839 2815 768 3475 2863 1434
4095 2815 768 3666 2887 1441
0 3071 768 1750 2947 1327
256 3071 768 1760 2947 1330
512 3071 768 1794 2947 1339
768 3071 768 1852 2947 1353
1024 3071 768 1926 2950 1361
1280 3071 768 2016 2954 1366
1536 3071 768 2123 2961 1373
1792 3071 768 2246 2968 1381
2048 3071 768 2381 2978 1390
2303 3071 768 2527 2989 1401
2559 3071 768 2682 3001 1413
2815 3071 768 2844 3015 1427
3071 3071 768 3012 3031 1442
3327 3071 768 3185 3049 1459
3583 3071 768 3362 3069 1477
3839 3071 768 3542 3090 1497
4095 3071 768 3727 3113 1514
0 3327 768 1896 3192 1406
256 3327 768 1905 3192 1409
512 3327 768 1936 3192 1417
768 3327 768 1988 3193 1428
1024 3327 768 2055 3195 1435
1280 3327 768 2139 3199 1440
1536 3327 768 2240 3205 1446
1792 3327 768 2356 3212 1454
2048 3327 768 2485 3220 1463
2303 3327 768 2625 3230 1473
2559 3327 768 2774 3241 1484
2815 3327 768 2931 3254 1497
3071 3327 768 3094 3268 1511
3327 3327 768 3263 3284 1527
3583 3327 768 3436 3302 1544
3839 3327 768 3613 3321 1562
4095 3327 768 3794 3342 1581
0 3583 768 2041 3438 1487
256 3583 768 2049 3438 1490
512 3583 768 2078 3438 1498
768 3583 768 2124 3438 1506
1024 3583 768 2187 3441 1512
1280 3583 768 2265 3445 1516
1536 3583 768 2360 3450 1522
1792 3583 768 2470 3456 1529
2048 3583 768 2592 3463 1537
2303 3583 768 2726 3472 1546
2559 3583 768 2869 3482 1557
2815 3583 768 3021 3494 1569
3071 3583 768 3180 3507 1582
3327 3583 768 3344 3521 1597
3583 3583 768 3514 3537 1613
3839 3583 768 3687 3554 1630
4095 3583 768 3864 3573 1648
0 3839 768 2186 3683 1570
256 3839 768 2194 3683 1572
512 3839 768 2219 3684 1577
768 3839 768 2262 3684 1584
1024 3839 768 2319 3687 1589
1280 3839 768 2392 3690 1593
1536 3839 768 2482 3695 1599
1792 3839 768 2586 3700 1605
2048 3839 768 2703 3707 1613
2303 3839 768 2831 3715 1622
2559 3839 768 2969 3724 1632
2815 3839 768 3115 3735 1643
3071 3839 768 3269 3747 1656
3327 3839 768 3429 3760 1669
3583 3839 768 3595 3774 1684
3839 3839 768 3765 3790 1700
4095 3839 768 3938 3807 1718
0 4095 768 2238 3950 1540
256 4095 768 2244 3950 1541
512 4095 768 2265 3951 1541
768 4095 768 2303 3952 1542
1024 4095 768 2358 3955 1542
1280 4095 768 2430 3958 1542
1536 4095 768 2519 3962 1545
1792 4095 768 2622 3968 1546
2048 4095 768 2738 3974 1548
2303 4095 768 2866 3981 1548
2559 4095 768 3004 3989 1550
2815 4095 768 3152 3998 1551
3071 4095 768 3308 4009 1551
3327 4095 768 3470 4020 1549
3583 4095 768 3639 4032 1541
3839 4095 768 3813 4045 1528
4095 4095 768 3984 4052 1492
0 0 1024 250 220 992
256 0 1024 309 194 985
512 0 1024 482 207 984
768 0 1024 678 262 964
1024 0 1024 882 320 967
1280 0 1024 1090 381 976
1536 0 1024 1299 446 987
1792 0 1024 1510 511 999
2048 0 1024 1722 578 1013
2303 0 1024 1933 645 1029
2559 0 1024 2147 713 1045
2815 0 1024 2360 781 1063
3071 0 1024 2573 850 1082
3327 0 1024 2787 918 1102
3583 0 1024 3000 987 1122
3839 0 1024 3214 1056 1144
4095 0 1024 3428 1125 1167
0 256 1024 255 293 978
256 256 1024 344 303 945
512 256 1024 499 335 910
768 256 1024 677 368 931
1024 256 1024 874 410 950
1280 256 1024 1081 458 968
1536 256 1024 1290 512 985
1792 256 1024 1502 569 1000
2048 256 1024 1715 628 1016
2303 256 1024 1927 690 1033
2559 256 1024 2141 753 1050
2815 256 1024 2354 818 1068
3071 256 1024 2568 883 1087
3327 256 1024 2782 949 1106
3583 256 1024 2996 1015 1127
3839 256 1024 3210 1082 1149
4095 256 1024 3424 1149 1171
0 512 1024 346 517 976
256 512 1024 412 521 955
512 512 1024 552 536 918
768 512 1024 715 552 958
1024 512 1024 889 592 947
1280 512 1024 1078 633 966
1536 512 1024 1280 677 988
1792 512 1024 1487 723 1009
2048 512 1024 1699 771 1029
2303 512 1024 1911 822 1048
2559 512 1024 2125 875 1066
2815 512 1024 2339 931 1085
3071 512 1024 2554 988 1104
3327 512 1024 2769 1046 1124
3583 512 1024 2984 1106 1145
3839 512 1024 3199 1167 1166
4095 512 1024 3413 1229 1188
0 768 1024 472 755 978
256 768 1024 519 756 970
512 768 1024 634 762 958
768 768 1024 771 774 1003
1024 768 1024 961 787 1006
1280 768 1024 1162 805 1010
1536 768 1024 1320 858 1014
1792 768 1024 1504 905 1034
2048 768 1024 1700 951 1056
2303 768 1024 1904 997 1077
2559 768 1024 2113 1044 1097
2815 768 1024 2325 1093 1117
3071 768 1024 2538 1143 1136
3327 768 1024 2752 1194 1156
3583 768 1024 2967 1247 1176
3839 768 1024 3182 1302 1197
4095 768 1024 3401 1353 1216
0 1024 1024 602 996 1006
256 1024 1024 638 996 1005
512 1024 1024 737 998 1005
768 1024 1024 839 1014 1019
1024 1024 1024 1014 1024 1022
1280 1024 1024 1205 1037 1026
1536 1024 1024 1404 1054 1031
1792 1024 1024 1610 1073 1038
2048 1024 1024 1767 1126 1074
2303 1024 1024 1940 1177 1106
2559 1024 1024 2131 1225 1133
2815 1024 1024 2330 1273 1156
3071 1024 1024 2535 1320 1178
3327 1024 1024 2744 1368 1199
3583 1024 1024 2956 1417 1220
3839 1024 1024 3168 1466 1240
4095 1024 1024 3415 1489 1237
0 1280 1024 748 1237 1047
256 1280 1024 774 1237 1049
512 1280 1024 854 1238 1055
768 1280 1024 947 1250 1053
1024 1280 1024 1081 1265 1043
1280 1280 1024 1260 1276 1047
1536 1280 1024 1451 1289 1052
1792 1280 1024 1649 1304 1058
2048 1280 1024 1853 1322 1066
2303 1280 1024 2059 1343 1074
2559 1280 1024 2217 1395 1131
2815 1280 1024 2384 1449 1179
3071 1280 1024 2568 1500 1214
3327 1280 1024 2762 1549 1242
3583 1280 1024 2963 1597 1267
3839 1280 1024 3180 1637 1281
4095 1280 1024 3435 1650 1264
0 1536 1024 889 1480 1097
256 1536 1024 911 1480 1100
512 1536 1024 980 1480 1109
768 1536 1024 1074 1486 1114
1024 1536 1024 1160 1509 1069
1280 1536 1024 1326 1518 1072
1536 1536 1024 1507 1528 1077
1792 1536 1024 1698 1541 1084
2048 1536 1024 1888 1558 1106
2303 1536 1024 2075 1581 1135
2559 1536 1024 2262 1610 1163
2815 1536 1024 2451 1643 1192
3071 1536 1024 2641 1680 1221
3327 1536 1024 2828 1723 1255
3583 1536 1024 3001 1779 1306
3839 1536 1024 3210 1818 1321
4095 1536 1024 3460 1831 1297
0 1792 1024 1032 1724 1152
256 1792 1024 1051 1724 1155
512 1792 1024 1111 1724 1165
768 1792 1024 1200 1727 1175
1024 1792 1024 1299 1738 1166
1280 1792 1024 1422 1754 1142
1536 1792 1024 1585 1764 1159
1792 1792 1024 1756 1777 1178
2048 1792 1024 1933 1794 1197
2303 1792 1024 2113 1815 1218
2559 1792 1024 2296 1839 1240
2815 1792 1024 2483 1868 1264
3071 1792 1024 2671 1899 1288
3327 1792 1024 2861 1934 1313
3583 1792 1024 3050 1974 1344
3839 1792 1024 3247 2013 1368
4095 1792 1024 3491 2026 1337
0 2048 1024 1177 1968 1211
256 2048 1024 1193 1968 1214
512 2048 1024 1244 1968 1223
768 2048 1024 1327 1970 1236
1024 2048 1024 1427 1976 1241
1280 2048 1024 1541 1988 1233
1536 2048 1024 1686 1998 1245
1792 2048 1024 1842 2011 1259
2048 2048 1024 2007 2026 1275
2303 2048 1024 2179 2045 1292
2559 2048 1024 2356 2067 1311
2815 2048 1024 2537 2091 1331
3071 2048 1024 2721 2119 1352
3327 2048 1024 2908 2149 1374
3583 2048 1024 3098 2182 1398
3839 2048 1024 3290 2217 1421
4095 2048 1024 3527 2232 1384
0 2303 1024 1320 2212 1271
256 2303 1024 1334 2212 1274
512 2303 1024 1380 2212 1284
768 2303 1024 1456 2213 1298
1024 2303 1024 1552 2217 1310
1280 2303 1024 1662 2225 1312
1536 2303 1024 1793 2234 1322
1792 2303 1024 1938 2246 1333
2048 2303 1024 2094 2260 1346
2303 2303 1024 2258 2276 1361
2559 2303 1024 2428 2295 1377
2815 2303 1024 2604 2317 1395
3071 2303 1024 2784 2341 1414
3327 2303 1024 2967 2368 1434
3583 2303 1024 3153 2397 1456
3839 2303 1024 3342 2428 1478
4095 2303 1024 3568 2445 1438
0 2559 1024 1465 2457 1335
256 2559 1024 1476 2457 1338
512 2559 1024 1517 2457 1347
768 2559 1024 1587 2458 1361
1024 2559 1024 1679 2460 1377
1280 2559 1024 1784 2466 1386
1536 2559 1024 1905 2474 1394
1792 2559 1024 2041 2484 1403
2048 2559 1024 2189 2496 1415
2303 2559 1024 2345 2511 1428
2559 2559 1024 2509 2528 1442
2815 2559 1024 2679 2547 1458
3071 2559 1024 2855 2568 1475
3327 2559 1024 3034 2591 1493
3583 2559 1024 3216 2617 1513
3839 2559 1024 3402 2645 1534
4095 2559 1024 3614 2665 1499
0 2815 1024 1609 2703 1402
256 2815 1024 1620 2702 1404
512 2815 1024 1657 2702 1413
768 2815 1024 1721 2702 1427
1024 2815 1024 1807 2704 1444
1280 2815 1024 1907 2708 1456
1536 2815 1024 2020 2715 1463
1792 2815 1024 2147 2724 1472
2048 2815 1024 2287 2735 1482
2303 2815 1024 2437 2748 1493
2559 2815 1024 2595 2763 1506
2815 2815 1024 2760 2780 1521
3071 2815 1024 2931 2798 1536
3327 2815 1024 3106 2819 1553
3583 2815 1024 3285 2842 1572
3839 2815 1024 3467 2867 1591
4095 2815 1024 3665 2889 1571
0 3071 1024 1754 2948 1471
256 3071 1024 1763 2948 1473
512 3071 1024 1797 2948 1482
768 3071 1024 1856 2948 1495
1024 3071 1024 1937 2948 1513
1280 3071 1024 2031 2952 1526
1536 3071 1024 2137 2958 1533
1792 3071 1024 2257 2966 1540
2048 3071 1024 2390 2976 1550
2303 3071 1024 2533 2987 1560
2559 3071 1024 2686 3000 1572
2815 3071 1024 2846 3015 1585
3071 3071 1024 3012 3032 1599
3327 3071 1024 3183 3050 1615
3583 3071 1024 3358 3071 1632
3839 3071 1024 3536 3093 1650
4095 3071 1024 3722 3116 1652
0 3327 1024 1899 3193 1543
256 3327 1024 1907 3193 1545
512 3327 1024 1938 3193 1553
768 3327 1024 1993 3193 1566
1024 3327 1024 2068 3193 1584
1280 3327 1024 2157 3196 1597
1536 3327 1024 2256 3202 1602
1792 3327 1024 2369 3209 1609
2048 3327 1024 2496 3218 1618
2303 3327 1024 2633 3228 1627
2559 3327 1024 2780 3240 1638
2815 3327 1024 2935 3253 1650
3071 3327 1024 3096 3268 1664
3327 3327 1024 3263 3284 1678
3583 3327 1024 3434 3303 1694
3839 3327 1024 3609 3323 1711
4095 3327 1024 3788 3344 1730
0 3583 1024 2044 3439 1617
256 3583 1024 2052 3439 1619
512 3583 1024 2080 3438 1626
768 3583 1024 2131 3438 1639
1024 3583 1024 2201 3438 1656
1280 3583 1024 2284 3441 1668
1536 3583 1024 2377 3446 1673
1792 3583 1024 2485 3453 1680
2048 3583 1024 2605 3461 1687
2303 3583 1024 2737 3470 1696
2559 3583 1024 2878 3480 1706
2815 3583 1024 3028 3492 1718
3071 3583 1024 3184 3506 1730
3327 3583 1024 3347 3521 1744
3583 3583 1024 3514 3537 1759
3839 3583 1024 3686 3555 1775
4095 3583 1024 3861 3574 1792
0 3839 1024 2189 3684 1692
256 3839 1024 2196 3684 1694
512 3839 1024 2223 3684 1701
768 3839 1024 2270 3684 1713
1024 3839 1024 2336 3684 1730
1280 3839 1024 2412 3686 1740
1536 3839 1024 2500 3691 1745
1792 3839 1024 2602 3697 1751
2048 3839 1024 2717 3704 1758
2303 3839 1024 2843 3712 1766
2559 3839 1024 2979 3722 1776
2815 3839 1024 3123 3733 1786
3071 3839 1024 3275 3745 1798
3327 3839 1024 3433 3758 1811
3583 3839 1024 3597 3773 1825
3839 3839 1024 3765 3790 1840
4095 3839 1024 3937 3807 1857
0 4095 1024 2240 3950 1662
256 4095 1024 2246 3951 1662
512 4095 1024 2267 3952 1662
768 4095 1024 2305 3953 1663
1024 4095 1024 2360 3956 1663
1280 4095 1024 2431 3959 1663
1536 4095 1024 2520 3963 1665
1792 4095 1024 2623 3969 1666
2048 4095 1024 2739 3975 1668
2303 4095 1024 2867 3982 1669
2559 4095 1024 3005 3990 1670
2815 4095 1024 3153 3999 1671
3071 4095 1024 3309 4009 1671
3327 4095 1024 3471 4021 1669
3583 4095 1024 3640 4033 1661
3839 4095 1024 3814 4046 1648
4095 4095 1024 3983 4050 1613
0 0 1280 299 232 1232
256 0 1280 346 221 1228
512 0 1280 507 245 1216
768 0 1280 698 288 1207
1024 0 1280 898 341 1206
1280 0 1280 1103 398 1210
1536 0 1280 1310 460 1218
1792 0 1280 1519 523 1228
2048 0 1280 1730 589 1240
2303 0 1280 1940 655 1253
2559 0 1280 2152 721 1267
2815 0 1280 2364 789 1282
3071 0 1280 2577 857 1298
3327 0 1280 2790 925 1315
3583 0 1280 3003 993 1333
3839 0 1280 3217 1062 1352
4095 0 1280 3430 1130 1372
0 256 1280 306 317 1220
256 256 1280 382 329 1191
512 256 1280 533 359 1149
768 256 1280 703 388 1164
1024 256 1280 895 427 1180
1280 256 1280 1096 473 1196
1536 256 1280 1303 525 1210
1792 256 1280 1512 580 1224
2048 256 1280 1723 639 1239
2303 256 1280 1934 699 1254
2559 256 1280 2146 761 1269
2815 256 1280 2359 825 1285
3071 256 1280 2573 889 1301
3327 256 1280 2786 955 1319
3583 256 1280 2999 1021 1337
3839 256 1280 3213 1087 1356
4095 256 1280 3427 1154 1376
0 512 1280 386 531 1215
256 512 1280 445 535 1194
512 512 1280 585 552 1143
768 512 1280 736 576 1144
1024 512 1280 907 610 1152
1280 512 1280 1094 647 1174
1536 512 1280 1292 688 1198
1792 512 1280 1498 733 1220
2048 512 1280 1707 780 1241
2303 512 1280 1918 830 1260
2559 512 1280 2131 883 1278
2815 512 1280 2344 937 1296
3071 512 1280 2558 994 1314
3327 512 1280 2773 1052 1332
3583 512 1280 2987 1112 1350
3839 512 1280 3201 1172 1369
4095 512 1280 3416 1234 1389
0 768 1280 499 765 1212
256 768 1280 543 766 1200
512 768 1280 660 774 1172
768 768 1280 795 787 1189
1024 768 1280 972 795 1246
1280 768 1280 1152 827 1223
1536 768 1280 1323 872 1218
1792 768 1280 1509 916 1235
2048 768 1280 1706 960 1256
2303 768 1280 1910 1005 1277
2559 768 1280 2118 1051 1298
2815 768 1280 2329 1099 1317
3071 768 1280 2542 1149 1337
3327 768 1280 2755 1200 1356
3583 768 1280 2970 1252 1375
3839 768 1280 3184 1307 1394
4095 768 1280 3406 1355 1411
0 1024 1280 625 1004 1227
256 1024 1280 658 1004 1222
512 1024 1280 756 1007 1211
768 1024 1280 874 1017 1222
1024 1024 1280 1024 1030 1258
1280 1024 1280 1213 1043 1261
1536 1024 1280 1411 1059 1265
1792 1024 1280 1603 1086 1269
2048 1024 1280 1761 1139 1283
2303 1024 1280 1940 1187 1305
2559 1024 1280 2132 1233 1327
2815 1024 1280 2332 1280 1349
3071 1024 1280 2538 1326 1370
3327 1024 1280 2746 1374 1390
3583 1024 1280 2958 1422 1410
3839 1024 1280 3170 1471 1430
4095 1024 1280 3417 1493 1430
0 1280 1280 764 1244 1256
256 1280 1280 790 1244 1255
512 1280 1280 870 1245 1254
768 1280 1280 973 1253 1260
1024 1280 1280 1090 1270 1274
1280 1280 1280 1268 1280 1277
1536 1280 1280 1457 1293 1281
1792 1280 1280 1655 1308 1286
2048 1280 1280 1858 1327 1292
2303 1280 1280 2061 1348 1300
2559 1280 1280 2208 1407 1342
2815 1280 1280 2380 1459 1375
3071 1280 1280 2567 1508 1403
3327 1280 1280 2762 1555 1428
3583 1280 1280 2964 1603 1451
3839 1280 1280 3181 1642 1465
4095 1280 1280 3437 1653 1453
0 1536 1280 902 1485 1298
256 1536 1280 924 1485 1299
512 1536 1280 992 1486 1304
768 1536 1280 1087 1491 1309
1024 1536 1280 1168 1513 1295
1280 1536 1280 1333 1521 1298
1536 1536 1280 1513 1532 1302
1792 1536 1280 1703 1544 1307
2048 1536 1280 1900 1559 1312
2303 1536 1280 2100 1576 1319
2559 1536 1280 2306 1596 1326
2815 1536 1280 2513 1617 1335
3071 1536 1280 2658 1676 1399
3327 1536 1280 2824 1731 1446
3583 1536 1280 2999 1786 1487
3839 1536 1280 3211 1822 1499
4095 1536 1280 3463 1834 1482
0 1792 1280 1044 1728 1347
256 1792 1280 1061 1728 1349
512 1792 1280 1120 1728 1355
768 1792 1280 1208 1731 1363
1024 1792 1280 1303 1743 1357
1280 1792 1280 1409 1764 1322
1536 1792 1280 1578 1773 1326
1792 1792 1280 1760 1784 1331
2048 1792 1280 1950 1796 1336
2303 1792 1280 2145 1811 1343
2559 1792 1280 2345 1827 1350
2815 1792 1280 2549 1845 1358
3071 1792 1280 2756 1866 1368
3327 1792 1280 2902 1919 1447
3583 1792 1280 3047 1979 1523
3839 1792 1280 3247 2016 1541
4095 1792 1280 3493 2029 1516
0 2048 1280 1185 1972 1400
256 2048 1280 1200 1972 1402
512 2048 1280 1252 1972 1409
768 2048 1280 1334 1973 1419
1024 2048 1280 1430 1981 1422
1280 2048 1280 1524 1999 1391
1536 2048 1280 1652 2017 1354
1792 2048 1280 1825 2026 1359
2048 2048 1280 2008 2036 1375
2303 2048 1280 2192 2049 1399
2559 2048 1280 2378 2066 1423
2815 2048 1280 2564 2087 1447
3071 2048 1280 2752 2112 1471
3327 2048 1280 2941 2140 1496
3583 2048 1280 3107 2182 1554
3839 2048 1280 3290 2221 1589
4095 2048 1280 3529 2235 1557
0 2303 1280 1327 2215 1455
256 2303 1280 1340 2215 1457
512 2303 1280 1386 2215 1465
768 2303 1280 1461 2216 1476
1024 2303 1280 1556 2220 1485
1280 2303 1280 1656 2231 1477
1536 2303 1280 1767 2248 1447
1792 2303 1280 1923 2257 1462
2048 2303 1280 2088 2268 1478
2303 2303 1280 2257 2282 1496
2559 2303 1280 2432 2299 1515
2815 2303 1280 2611 2319 1534
3071 2303 1280 2793 2342 1555
3327 2303 1280 2977 2368 1576
3583 2303 1280 3164 2396 1599
3839 2303 1280 3340 2432 1642
4095 2303 1280 3570 2448 1604
0 2559 1280 1470 2460 1512
256 2559 1280 1482 2460 1515
512 2559 1280 1523 2459 1522
768 2559 1280 1592 2460 1535
1024 2559 1280 1682 2462 1548
1280 2559 1280 1783 2469 1551
1536 2559 1280 1892 2482 1539
1792 2559 1280 2032 2491 1550
2048 2559 1280 2183 2502 1563
2303 2559 1280 2342 2516 1578
2559 2559 1280 2508 2532 1593
2815 2559 1280 2680 2550 1610
3071 2559 1280 2855 2571 1628
3327 2559 1280 3035 2594 1648
3583 2559 1280 3217 2620 1668
3839 2559 1280 3400 2648 1693
4095 2559 1280 3616 2667 1657
0 2815 1280 1614 2704 1573
256 2815 1280 1625 2704 1576
512 2815 1280 1662 2704 1583
768 2815 1280 1725 2704 1596
1024 2815 1280 1810 2706 1610
1280 2815 1280 1909 2710 1620
1536 2815 1280 2016 2719 1619
1792 2815 1280 2145 2728 1629
2048 2815 1280 2286 2739 1640
2303 2815 1280 2436 2751 1652
2559 2815 1280 2595 2766 1666
2815 2815 1280 2760 2783 1681
3071 2815 1280 2930 2801 1697
3327 2815 1280 3104 2822 1714
3583 2815 1280 3282 2845 1732
3839 2815 1280 3463 2870 1752
4095 2815 1280 3667 2891 1719
0 3071 1280 1758 2950 1636
256 3071 1280 1768 2949 1638
512 3071 1280 1801 2949 1646
768 3071 1280 1860 2949 1659
1024 3071 1280 1940 2950 1674
1280 3071 1280 2035 2953 1688
1536 3071 1280 2140 2960 1694
1792 3071 1280 2260 2968 1702
2048 3071 1280 2393 2977 1712
2303 3071 1280 2535 2989 1723
2559 3071 1280 2687 3002 1735
2815 3071 1280 2846 3017 1748
3071 3071 1280 3011 3034 1762
3327 3071 1280 3181 3053 1778
3583 3071 1280 3355 3074 1795
3839 3071 1280 3532 3096 1813
4095 3071 1280 3723 3118 1795
0 3327 1280 1903 3195 1702
256 3327 1280 1912 3195 1704
512 3327 1280 1942 3194 1711
768 3327 1280 1997 3194 1723
1024 3327 1280 2071 3195 1739
1280 3327 1280 2162 3197 1755
1536 3327 1280 2264 3202 1766
1792 3327 1280 2377 3209 1773
2048 3327 1280 2503 3218 1782
2303 3327 1280 2638 3228 1791
2559 3327 1280 2784 3240 1802
2815 3327 1280 2937 3253 1814
3071 3327 1280 3097 3269 1828
3327 3327 1280 3262 3286 1842
3583 3327 1280 3432 3304 1858
3839 3327 1280 3606 3325 1874
4095 3327 1280 3785 3347 1884
0 3583 1280 2047 3440 1769
256 3583 1280 2056 3440 1771
512 3583 1280 2084 3439 1778
768 3583 1280 2134 3439 1790
1024 3583 1280 2204 3440 1805
1280 3583 1280 2291 3441 1823
1536 3583 1280 2389 3445 1836
1792 3583 1280 2496 3451 1843
2048 3583 1280 2615 3459 1851
2303 3583 1280 2744 3469 1859
2559 3583 1280 2884 3479 1869
2815 3583 1280 3032 3492 1881
3071 3583 1280 3187 3506 1893
3327 3583 1280 3348 3521 1906
3583 3583 1280 3514 3538 1921
3839 3583 1280 3684 3556 1936
4095 3583 1280 3858 3576 1953
0 3839 1280 2192 3685 1839
256 3839 1280 2200 3685 1841
512 3839 1280 2226 3685 1847
768 3839 1280 2273 3685 1859
1024 3839 1280 2339 3685 1874
1280 3839 1280 2421 3686 1891
1536 3839 1280 2515 3689 1906
1792 3839 1280 2616 3695 1913
2048 3839 1280 2729 3702 1920
2303 3839 1280 2853 3710 1928
2559 3839 1280 2987 3720 1937
2815 3839 1280 3130 3731 1947
3071 3839 1280 3280 3744 1959
3327 3839 1280 3437 3758 1971
3583 3839 1280 3598 3773 1985
3839 3839 1280 3765 3790 1999
4095 3839 1280 3935 3808 2015
0 4095 1280 2243 3952 1808
256 4095 1280 2249 3952 1808
512 4095 1280 2270 3953 1809
768 4095 1280 2307 3954 1809
1024 4095 1280 2362 3957 1809
1280 4095 1280 2434 3960 1811
1536 4095 1280 2522 3964 1812
1792 4095 1280 2625 3970 1812
2048 4095 1280 2742 3976 1815
2303 4095 1280 2869 3983 1815
2559 4095 1280 3007 3991 1816
2815 4095 1280 3155 4000 1818
3071 4095 1280 3311 4010 1817
3327 4095 1280 3473 4022 1815
3583 4095 1280 3642 4034 1808
3839 4095 1280 3816 4047 1795
4095 4095 1280 3983 4048 1760
0 0 1536 351 264 1474
256 0 1536 389 260 1472
512 0 1536 538 282 1461
768 0 1536 722 319 1451
1024 0 1536 917 366 1447
1280 0 1536 1119 420 1448
1536 0 1536 1323 478 1452
1792 0 1536 1531 539 1460
2048 0 1536 1739 602 1469
2303 0 1536 1948 667 1480
2559 0 1536 2159 732 1492
2815 0 1536 2371 799 1506
3071 0 1536 2583 866 1520
3327 0 1536 2795 933 1535
3583 0 1536 3008 1001 1551
3839 0 1536 3221 1069 1568
4095 0 1536 3434 1137 1585
0 256 1536 354 345 1468
256 256 1536 422 355 1443
512 256 1536 570 385 1395
768 256 1536 732 411 1405
1024 256 1536 918 448 1416
1280 256 1536 1115 491 1429
1536 256 1536 1318 541 1440
1792 256 1536 1524 594 1453
2048 256 1536 1733 651 1465
2303 256 1536 1943 711 1479
2559 256 1536 2154 772 1492
2815 256 1536 2366 834 1507
3071 256 1536 2578 898 1522
3327 256 1536 2791 963 1537
3583 256 1536 3004 1028 1554
3839 256 1536 3217 1094 1571
4095 256 1536 3430 1161 1588
0 512 1536 423 547 1463
256 512 1536 479 551 1442
512 512 1536 618 569 1383
768 512 1536 769 599 1345
1024 512 1536 933 629 1364
1280 512 1536 1115 663 1389
1536 512 1536 1310 702 1414
1792 512 1536 1512 745 1437
2048 512 1536 1719 791 1457
2303 512 1536 1927 840 1476
2559 512 1536 2139 892 1494
2815 512 1536 2351 946 1511
3071 512 1536 2564 1002 1529
3327 512 1536 2777 1060 1546
3583 512 1536 2991 1119 1563
3839 512 1536 3205 1179 1581
4095 512 1536 3419 1240 1599
0 768 1536 530 776 1451
256 768 1536 573 778 1438
512 768 1536 688 787 1402
768 768 1536 828 804 1377
1024 768 1536 985 805 1485
1280 768 1536 1157 848 1420
1536 768 1536 1333 888 1420
1792 768 1536 1520 929 1438
2048 768 1536 1717 971 1460
2303 768 1536 1919 1015 1482
2559 768 1536 2126 1060 1504
2815 768 1536 2336 1107 1524
3071 768 1536 2547 1156 1543
3327 768 1536 2760 1207 1562
3583 768 1536 2974 1259 1581
3839 768 1536 3188 1313 1600
4095 768 1536 3407 1363 1616
0 1024 1536 648 1013 1457
256 1024 1536 682 1014 1449
512 1024 1536 779 1018 1429
768 1024 1536 906 1027 1416
1024 1024 1536 1037 1037 1497
1280 1024 1536 1223 1050 1500
1536 1024 1536 1420 1066 1503
1792 1024 1536 1592 1106 1486
2048 1024 1536 1761 1153 1489
2303 1024 1536 1943 1198 1505
2559 1024 1536 2137 1243 1526
2815 1024 1536 2337 1288 1547
3071 1024 1536 2542 1334 1568
3327 1024 1536 2751 1381 1589
3583 1024 1536 2961 1429 1608
3839 1024 1536 3173 1477 1628
4095 1024 1536 3419 1499 1633
0 1280 1536 781 1252 1474
256 1280 1536 807 1252 1471
512 1280 1536 888 1254 1462
768 1280 1536 999 1260 1460
1024 1280 1536 1107 1275 1504
1280 1280 1536 1278 1285 1513
1536 1280 1536 1466 1298 1516
1792 1280 1536 1662 1314 1520
2048 1280 1536 1864 1332 1525
2303 1280 1536 2042 1367 1533
2559 1280 1536 2202 1420 1552
2815 1280 1536 2379 1469 1575
3071 1280 1536 2567 1516 1598
3327 1280 1536 2764 1563 1621
3583 1280 1536 2966 1610 1643
3839 1280 1536 3184 1648 1658
4095 1280 1536 3440 1658 1653
0 1536 1536 916 1492 1507
256 1536 1536 938 1492 1506
512 1536 1536 1007 1493 1505
768 1536 1536 1106 1497 1507
1024 1536 1536 1201 1512 1521
1280 1536 1536 1343 1526 1530
1536 1536 1536 1521 1536 1533
1792 1536 1536 1710 1549 1537
2048 1536 1536 1906 1563 1542
2303 1536 1536 2106 1580 1547
2559 1536 1536 2310 1600 1553
2815 1536 1536 2499 1631 1570
3071 1536 1536 2649 1688 1611
3327 1536 1536 2820 1740 1644
3583 1536 1536 2999 1793 1676
3839 1536 1536 3213 1827 1689
4095 1536 1536 3465 1838 1678
0 1792 1536 1053 1734 1549
256 1792 1536 1071 1734 1549
512 1792 1536 1131 1734 1552
768 1792 1536 1222 1737 1557
1024 1792 1536 1319 1747 1560
1280 1792 1536 1417 1768 1550
1536 1792 1536 1586 1777 1553
1792 1792 1536 1767 1788 1557
2048 1792 1536 1956 1800 1561
2303 1792 1536 2150 1814 1567
2559 1792 1536 2350 1831 1573
2815 1792 1536 2554 1849 1580
3071 1792 1536 2760 1869 1587
3327 1792 1536 2892 1930 1658
3583 1792 1536 3046 1986 1711
3839 1792 1536 3249 2021 1726
4095 1792 1536 3496 2033 1709
0 2048 1536 1196 1976 1596
256 2048 1536 1211 1976 1598
512 2048 1536 1262 1976 1603
768 2048 1536 1344 1978 1610
1024 2048 1536 1439 1985 1614
1280 2048 1536 1525 2005 1593
1536 2048 1536 1659 2020 1576
1792 2048 1536 1831 2029 1580
2048 2048 1536 2013 2040 1585
2303 2048 1536 2202 2052 1590
2559 2048 1536 2396 2066 1596
2815 2048 1536 2596 2082 1603
3071 2048 1536 2798 2099 1610
3327 2048 1536 2983 2127 1642
3583 2048 1536 3103 2189 1745
3839 2048 1536 3292 2225 1769
4095 2048 1536 3532 2238 1744
0 2303 1536 1335 2219 1647
256 2303 1536 1349 2219 1649
512 2303 1536 1395 2219 1655
768 2303 1536 1470 2220 1664
1024 2303 1536 1563 2224 1671
1280 2303 1536 1658 2236 1663
1536 2303 1536 1739 2263 1603
1792 2303 1536 1902 2271 1606
2048 2303 1536 2077 2280 1611
2303 2303 1536 2259 2291 1616
2559 2303 1536 2449 2304 1622
2815 2303 1536 2643 2317 1628
3071 2303 1536 2841 2333 1636
3327 2303 1536 3034 2353 1660
3583 2303 1536 3175 2396 1763
3839 2303 1536 3341 2436 1817
4095 2303 1536 3573 2451 1785
0 2559 1536 1478 2463 1701
256 2559 1536 1490 2463 1703
512 2559 1536 1531 2462 1709
768 2559 1536 1600 2463 1720
1024 2559 1536 1688 2466 1729
1280 2559 1536 1786 2473 1731
1536 2559 1536 1882 2490 1706
1792 2559 1536 1985 2513 1644
2048 2559 1536 2156 2520 1663
2303 2559 1536 2330 2529 1683
2559 2559 1536 2508 2541 1704
2815 2559 1536 2689 2555 1725
3071 2559 1536 2871 2573 1746
3327 2559 1536 3055 2593 1768
3583 2559 1536 3240 2617 1790
3839 2559 1536 3398 2653 1868
4095 2559 1536 3619 2670 1832
0 2815 1536 1622 2707 1758
256 2815 1536 1633 2707 1760
512 2815 1536 1670 2707 1766
768 2815 1536 1732 2707 1777
1024 2815 1536 1815 2709 1788
1280 2815 1536 1912 2714 1796
1536 2815 1536 2013 2725 1788
1792 2815 1536 2117 2742 1754
2048 2815 1536 2267 2751 1767
2303 2815 1536 2425 2761 1782
2559 2815 1536 2589 2774 1799
2815 2815 1536 2759 2789 1816
3071 2815 1536 2933 2806 1834
3327 2815 1536 3110 2826 1853
3583 2815 1536 3290 2847 1873
3839 2815 1536 3469 2873 1903
4095 2815 1536 3670 2893 1885
0 3071 1536 1765 2952 1816
256 3071 1536 1775 2951 1818
512 3071 1536 1809 2951 1825
768 3071 1536 1866 2951 1835
1024 3071 1536 1945 2953 1848
1280 3071 1536 2038 2956 1859
1536 3071 1536 2140 2963 1861
1792 3071 1536 2246 2976 1846
2048 3071 1536 2381 2985 1855
2303 3071 1536 2527 2996 1868
2559 3071 1536 2682 3008 1881
2815 3071 1536 2843 3022 1896
3071 3071 1536 3010 3038 1912
3327 3071 1536 3181 3057 1929
3583 3071 1536 3356 3077 1947
3839 3071 1536 3534 3099 1966
4095 3071 1536 3726 3120 1948
0 3327 1536 1909 3196 1877
256 3327 1536 1918 3196 1879
512 3327 1536 1949 3196 1885
768 3327 1536 2002 3196 1895
1024 3327 1536 2076 3197 1908
1280 3327 1536 2166 3199 1922
1536 3327 1536 2266 3204 1931
1792 3327 1536 2372 3214 1928
2048 3327 1536 2498 3223 1935
2303 3327 1536 2635 3232 1946
2559 3327 1536 2782 3244 1958
2815 3327 1536 2936 3257 1971
3071 3327 1536 3096 3272 1985
3327 3327 1536 3261 3289 2000
3583 3327 1536 3431 3308 2016
3839 3327 1536 3605 3328 2033
4095 3327 1536 3786 3350 2032
0 3583 1536 2053 3441 1939
256 3583 1536 2061 3441 1941
512 3583 1536 2089 3441 1947
768 3583 1536 2139 3441 1957
1024 3583 1536 2208 3441 1971
1280 3583 1536 2294 3443 1986
1536 3583 1536 2392 3447 1998
1792 3583 1536 2497 3454 2003
2048 3583 1536 2615 3462 2010
2303 3583 1536 2745 3471 2020
2559 3583 1536 2885 3482 2030
2815 3583 1536 3033 3494 2042
3071 3583 1536 3187 3508 2054
3327 3583 1536 3347 3523 2068
3583 3583 1536 3513 3540 2083
3839 3583 1536 3682 3559 2098
4095 3583 1536 3855 3579 2115
0 3839 1536 2197 3686 2003
256 3839 1536 2205 3686 2005
512 3839 1536 2231 3686 2011
768 3839 1536 2277 3686 2021
1024 3839 1536 2342 3686 2035
1280 3839 1536 2424 3687 2051
1536 3839 1536 2518 3690 2065
1792 3839 1536 2621 3695 2075
2048 3839 1536 2734 3703 2082
2303 3839 1536 2857 3711 2091
2559 3839 1536 2991 3721 2100
2815 3839 1536 3133 3732 2111
3071 3839 1536 3282 3745 2122
3327 3839 1536 3438 3759 2135
3583 3839 1536 3599 3775 2148
3839 3839 1536 3764 3792 2163
4095 3839 1536 3934 3811 2178
0 4095 1536 2247 3953 1975
256 4095 1536 2253 3953 1975
512 4095 1536 2273 3954 1975
768 4095 1536 2311 3956 1975
1024 4095 1536 2365 3959 1975
1280 4095 1536 2438 3962 1977
1536 4095 1536 2526 3966 1978
1792 4095 1536 2628 3971 1979
2048 4095 1536 2744 3977 1980
2303 4095 1536 2872 3985 1982
2559 4095 1536 3010 3993 1983
2815 4095 1536 3158 4002 1984
3071 4095 1536 3313 4012 1983
3327 4095 1536 3475 4023 1981
3583 4095 1536 3644 4035 1975
3839 4095 1536 3818 4049 1963
4095 4095 1536 3982 4046 1928
0 0 1792 392 298 1717
256 0 1792 436 301 1714
512 0 1792 572 320 1706
768 0 1792 748 352 1697
1024 0 1792 939 395 1690
1280 0 1792 1137 444 1688
1536 0 1792 1339 500 1690
1792 0 1792 1544 558 1695
2048 0 1792 1751 619 1702
2303 0 1792 1959 681 1711
2559 0 1792 2168 745 1721
2815 0 1792 2378 811 1733
3071 0 1792 2590 876 1746
3327 0 1792 2801 943 1759
3583 0 1792 3013 1010 1773
3839 0 1792 3226 1077 1789
4095 0 1792 3438 1145 1804
0 256 1792 407 375 1713
256 256 1792 466 385 1692
512 256 1792 607 413 1645
768 256 1792 763 437 1649
1024 256 1792 943 471 1656
1280 256 1792 1136 512 1665
1536 256 1792 1335 560 1674
1792 256 1792 1539 611 1684
2048 256 1792 1746 667 1695
2303 256 1792 1953 724 1707
2559 256 1792 2163 784 1719
2815 256 1792 2374 846 1732
3071 256 1792 2585 909 1746
3327 256 1792 2797 973 1760
3583 256 1792 3009 1037 1775
3839 256 1792 3222 1103 1790
4095 256 1792 3435 1169 1806
0 512 1792 468 565 1705
256 512 1792 519 570 1687
512 512 1792 653 589 1631
768 512 1792 806 621 1571
1024 512 1792 963 649 1586
1280 512 1792 1140 681 1612
1536 512 1792 1330 718 1636
1792 512 1792 1529 759 1658
2048 512 1792 1733 804 1678
2303 512 1792 1939 852 1696
2559 512 1792 2149 903 1714
2815 512 1792 2360 956 1731
3071 512 1792 2572 1012 1747
3327 512 1792 2784 1068 1764
3583 512 1792 2997 1127 1780
3839 512 1792 3210 1187 1797
4095 512 1792 3424 1247 1814
0 768 1792 564 789 1695
256 768 1792 604 792 1682
512 768 1792 718 801 1642
768 768 1792 861 820 1597
1024 768 1792 1009 840 1610
1280 768 1792 1175 869 1615
1536 768 1792 1350 906 1624
1792 768 1792 1536 944 1645
2048 768 1792 1730 984 1668
2303 768 1792 1931 1026 1691
2559 768 1792 2136 1070 1714
2815 768 1792 2345 1117 1734
3071 768 1792 2555 1165 1754
3327 768 1792 2767 1215 1773
3583 768 1792 2980 1267 1792
3839 768 1792 3193 1320 1810
4095 768 1792 3411 1371 1827
0 1024 1792 673 1024 1696
256 1024 1792 706 1025 1688
512 1024 1792 804 1029 1660
768 1024 1792 934 1040 1629
1024 1024 1792 1071 1055 1643
1280 1024 1792 1236 1058 1740
1536 1024 1792 1427 1078 1732
1792 1024 1792 1591 1125 1690
2048 1024 1792 1766 1168 1691
2303 1024 1792 1951 1211 1707
2559 1024 1792 2145 1254 1727
2815 1024 1792 2345 1298 1749
3071 1024 1792 2549 1343 1770
3327 1024 1792 2757 1389 1791
3583 1024 1792 2967 1436 1812
3839 1024 1792 3178 1484 1831
4095 1024 1792 3423 1506 1841
0 1280 1792 802 1261 1701
256 1280 1792 828 1262 1697
512 1280 1792 908 1264 1682
768 1280 1792 1024 1270 1666
1024 1280 1792 1148 1282 1680
1280 1280 1792 1290 1292 1751
1536 1280 1792 1476 1305 1754
1792 1280 1792 1671 1320 1758
2048 1280 1792 1871 1338 1762
2303 1280 1792 2032 1385 1751
2559 1280 1792 2200 1434 1759
2815 1280 1792 2380 1481 1776
3071 1280 1792 2571 1526 1797
3327 1280 1792 2768 1572 1818
3583 1280 1792 2970 1617 1839
3839 1280 1792 3187 1655 1857
4095 1280 1792 3443 1665 1859
0 1536 1792 932 1501 1725
256 1536 1792 954 1501 1723
512 1536 1792 1023 1502 1716
768 1536 1792 1126 1505 1709
1024 1536 1792 1239 1515 1719
1280 1536 1792 1354 1531 1765
1536 1536 1792 1531 1541 1768
1792 1536 1792 1718 1554 1772
2048 1536 1792 1913 1569 1776
2303 1536 1792 2112 1586 1780
2559 1536 1792 2316 1605 1785
2815 1536 1792 2483 1648 1798
3071 1536 1792 2643 1701 1821
3327 1536 1792 2818 1751 1845
3583 1536 1792 3001 1801 1870
3839 1536 1792 3217 1834 1884
4095 1536 1792 3469 1844 1882
0 1792 1792 1067 1741 1758
256 1792 1792 1085 1741 1758
512 1792 1792 1145 1742 1756
768 1792 1792 1238 1744 1756
1024 1792 1792 1342 1752 1762
1280 1792 1792 1428 1773 1782
1536 1792 1792 1595 1781 1785
1792 1792 1792 1775 1792 1788
2048 1792 1792 1963 1804 1792
2303 1792 1792 2157 1819 1797
2559 1792 1792 2356 1835 1802
2815 1792 1792 2559 1853 1808
3071 1792 1792 2764 1873 1814
3327 1792 1792 2886 1941 1867
3583 1792 1792 3046 1994 1904
3839 1792 1792 3252 2027 1918
4095 1792 1792 3500 2037 1909
0 2048 1792 1209 1982 1799
256 2048 1792 1224 1982 1800
512 2048 1792 1275 1982 1802
768 2048 1792 1357 1984 1806
1024 2048 1792 1455 1990 1811
1280 2048 1792 1542 2008 1810
1536 2048 1792 1668 2024 1805
1792 2048 1792 1839 2033 1808
2048 2048 1792 2020 2044 1812
2303 2048 1792 2208 2056 1816
2559 2048 1792 2402 2070 1822
2815 2048 1792 2601 2086 1827
3071 2048 1792 2803 2103 1834
3327 2048 1792 2967 2140 1875
3583 2048 1792 3101 2197 1939
3839 2048 1792 3294 2231 1957
4095 2048 1792 3536 2242 1941
0 2303 1792 1347 2224 1846
256 2303 1792 1360 2224 1847
512 2303 1792 1406 2224 1851
768 2303 1792 1481 2225 1857
1024 2303 1792 1574 2229 1863
1280 2303 1792 1668 2241 1861
1536 2303 1792 1747 2266 1827
1792 2303 1792 1910 2274 1831
2048 2303 1792 2084 2284 1834
2303 2303 1792 2265 2295 1839
2559 2303 1792 2454 2307 1844
2815 2303 1792 2648 2321 1850
3071 2303 1792 2846 2336 1856
3327 2303 1792 3047 2353 1863
3583 2303 1792 3168 2405 1967
3839 2303 1792 3342 2441 2002
4095 2303 1792 3576 2454 1977
0 2559 1792 1490 2467 1896
256 2559 1792 1501 2467 1898
512 2559 1792 1542 2466 1903
768 2559 1792 1610 2467 1910
1024 2559 1792 1697 2470 1918
1280 2559 1792 1793 2478 1920
1536 2559 1792 1882 2496 1898
1792 2559 1792 1988 2518 1856
2048 2559 1792 2154 2526 1860
2303 2559 1792 2329 2536 1864
2559 2559 1792 2512 2547 1869
2815 2559 1792 2701 2559 1875
3071 2559 1792 2895 2573 1881
3327 2559 1792 3092 2588 1888
3583 2559 1792 3259 2615 1954
3839 2559 1792 3398 2658 2050
4095 2559 1792 3623 2673 2018
0 2815 1792 1632 2710 1949
256 2815 1792 1642 2710 1951
512 2815 1792 1679 2710 1956
768 2815 1792 1741 2711 1964
1024 2815 1792 1823 2712 1974
1280 2815 1792 1918 2718 1980
1536 2815 1792 2015 2730 1971
1792 2815 1792 2103 2752 1925
2048 2815 1792 2230 2770 1888
2303 2815 1792 2399 2779 1892
2559 2815 1792 2576 2789 1897
2815 2815 1792 2760 2800 1902
3071 2815 1792 2947 2812 1920
3327 2815 1792 3135 2826 1944
3583 2815 1792 3323 2844 1968
3839 2815 1792 3465 2878 2093
4095 2815 1792 3674 2896 2065
0 3071 1792 1774 2955 2004
256 3071 1792 1783 2954 2005
512 3071 1792 1816 2954 2011
768 3071 1792 1873 2955 2019
1024 3071 1792 1951 2956 2030
1280 3071 1792 2044 2959 2040
1536 3071 1792 2142 2968 2040
1792 3071 1792 2240 2983 2018
2048 3071 1792 2336 3006 1959
2303 3071 1792 2496 3014 1972
2559 3071 1792 2663 3022 1990
2815 3071 1792 2835 3033 2009
3071 3071 1792 3010 3047 2028
3327 3071 1792 3188 3062 2048
3583 3071 1792 3367 3080 2068
3839 3071 1792 3549 3100 2091
4095 3071 1792 3729 3123 2120
0 3327 1792 1916 3199 2060
256 3327 1792 1925 3199 2062
512 3327 1792 1955 3199 2067
768 3327 1792 2008 3199 2076
1024 3327 1792 2082 3200 2088
1280 3327 1792 2171 3202 2100
1536 3327 1792 2268 3208 2106
1792 3327 1792 2370 3219 2098
2048 3327 1792 2471 3236 2066
2303 3327 1792 2613 3245 2073
2559 3327 1792 2766 3255 2087
2815 3327 1792 2926 3266 2102
3071 3327 1792 3091 3280 2118
3327 3327 1792 3261 3295 2135
3583 3327 1792 3434 3312 2153
3839 3327 1792 3610 3332 2172
4095 3327 1792 3790 3353 2186
0 3583 1792 2060 3444 2119
256 3583 1792 2068 3444 2120
512 3583 1792 2096 3443 2126
768 3583 1792 2145 3443 2135
1024 3583 1792 2214 3444 2147
1280 3583 1792 2299 3445 2160
1536 3583 1792 2395 3450 2170
1792 3583 1792 2496 3457 2172
2048 3583 1792 2600 3470 2156
2303 3583 1792 2731 3480 2161
2559 3583 1792 2874 3490 2173
2815 3583 1792 3025 3501 2186
3071 3583 1792 3182 3514 2200
3327 3583 1792 3345 3529 2215
3583 3583 1792 3512 3545 2231
3839 3583 1792 3683 3563 2248
4095 3583 1792 3855 3583 2274
0 3839 1792 2203 3689 2179
256 3839 1792 2210 3688 2180
512 3839 1792 2236 3688 2185
768 3839 1792 2282 3688 2195
1024 3839 1792 2348 3688 2207
1280 3839 1792 2429 3689 2221
1536 3839 1792 2521 3692 2234
1792 3839 1792 2622 3698 2241
2048 3839 1792 2728 3708 2237
2303 3839 1792 2850 3717 2242
2559 3839 1792 2985 3726 2252
2815 3839 1792 3129 3737 2263
3071 3839 1792 3279 3750 2276
3327 3839 1792 3436 3763 2289
3583 3839 1792 3597 3779 2304
3839 3839 1792 3763 3796 2319
4095 3839 1792 3933 3814 2335
0 4095 1792 2252 3955 2155
256 4095 1792 2258 3955 2155
512 4095 1792 2278 3956 2155
768 4095 1792 2315 3958 2155
1024 4095 1792 2371 3960 2156
1280 4095 1792 2443 3964 2157
1536 4095 1792 2530 3968 2158
1792 4095 1792 2633 3973 2160
2048 4095 1792 2748 3979 2161
2303 4095 1792 2876 3986 2163
2559 4095 1792 3013 3994 2164
2815 4095 1792 3161 4004 2165
3071 4095 1792 3316 4014 2165
3327 4095 1792 3478 4025 2164
3583 4095 1792 3647 4037 2158
3839 4095 1792 3821 4051 2146
4095 4095 1792 3982 4045 2111
0 0 2048 448 341 1962
256 0 2048 484 342 1960
512 0 2048 608 359 1953
768 0 2048 776 387 1943
1024 0 2048 962 425 1935
1280 0 2048 1157 471 1931
1536 0 2048 1357 523 1930
1792 0 2048 1560 578 1932
2048 0 2048 1765 637 1937
2303 0 2048 1971 698 1944
2559 0 2048 2179 760 1953
2815 0 2048 2388 824 1963
3071 0 2048 2598 889 1974
3327 0 2048 2809 954 1986
3583 0 2048 3020 1020 1999
3839 0 2048 3232 1087 2012
4095 0 2048 3444 1154 2027
0 256 2048 459 408 1959
256 256 2048 512 417 1941
512 256 2048 645 443 1896
768 256 2048 795 465 1897
1024 256 2048 970 497 1900
1280 256 2048 1158 535 1905
1536 256 2048 1355 580 1911
1792 256 2048 1556 630 1919
2048 256 2048 1760 683 1928
2303 256 2048 1966 740 1938
2559 256 2048 2175 798 1949
2815 256 2048 2384 859 1960
3071 256 2048 2594 920 1973
3327 256 2048 2805 983 1985
3583 256 2048 3017 1047 1999
3839 256 2048 3229 1112 2013
4095 256 2048 3441 1177 2028
0 512 2048 514 586 1951
256 512 2048 561 591 1934
512 512 2048 688 610 1881
768 512 2048 843 642 1814
1024 512 2048 997 671 1817
1280 512 2048 1168 701 1840
1536 512 2048 1354 736 1862
1792 512 2048 1549 776 1883
2048 512 2048 1750 819 1902
2303 512 2048 1954 866 1920
2559 512 2048 2162 915 1937
2815 512 2048 2371 968 1954
3071 512 2048 2581 1022 1969
3327 512 2048 2793 1078 1985
3583 512 2048 3005 1136 2001
3839 512 2048 3217 1195 2017
4095 512 2048 3430 1256 2033
0 768 2048 602 804 1939
256 768 2048 640 807 1926
512 768 2048 750 817 1886
768 768 2048 894 836 1832
1024 768 2048 1043 863 1803
1280 768 2048 1201 891 1816
1536 768 2048 1372 924 1833
1792 768 2048 1555 960 1856
2048 768 2048 1748 998 1880
2303 768 2048 1946 1039 1904
2559 768 2048 2149 1082 1927
2815 768 2048 2356 1128 1948
3071 768 2048 2565 1175 1969
3327 768 2048 2776 1224 1988
3583 768 2048 2988 1275 2006
3839 768 2048 3200 1328 2024
4095 768 2048 3418 1378 2042
0 1024 2048 707 1035 1934
256 1024 2048 738 1037 1925
512 1024 2048 832 1042 1897
768 1024 2048 963 1054 1856
1024 1024 2048 1104 1071 1836
1280 1024 2048 1253 1081 1911
1536 1024 2048 1430 1103 1916
1792 1024 2048 1600 1144 1889
2048 1024 2048 1777 1184 1894
2303 1024 2048 1962 1225 1910
2559 1024 2048 2156 1266 1932
2815 1024 2048 2355 1309 1954
3071 1024 2048 2559 1353 1976
3327 1024 2048 2765 1398 1998
3583 1024 2048 2974 1445 2018
3839 1024 2048 3185 1492 2038
4095 1024 2048 3428 1514 2054
0 1280 2048 829 1271 1934
256 1280 2048 854 1272 1928
512 1280 2048 933 1275 1910
768 1280 2048 1049 1282 1885
1024 1280 2048 1180 1294 1874
1280 1280 2048 1314 1305 1934
1536 1280 2048 1488 1312 1994
1792 1280 2048 1681 1328 1997
2048 1280 2048 1868 1355 1983
2303 1280 2048 2029 1403 1958
2559 1280 2048 2202 1449 1962
2815 1280 2048 2385 1493 1977
3071 1280 2048 2577 1537 1997
3327 1280 2048 2774 1582 2018
3583 1280 2048 2976 1626 2040
3839 1280 2048 3192 1664 2060
4095 1280 2048 3448 1672 2070
0 1536 2048 954 1510 1950
256 1536 2048 974 1510 1946
512 1536 2048 1043 1511 1935
768 1536 2048 1147 1515 1921
1024 1536 2048 1268 1524 1916
1280 1536 2048 1387 1537 1959
1536 1536 2048 1542 1548 2006
1792 1536 2048 1728 1560 2009
2048 1536 2048 1922 1575 2012
2303 1536 2048 2120 1592 2016
2559 1536 2048 2323 1611 2021
2815 1536 2048 2473 1665 2016
3071 1536 2048 2640 1715 2028
3327 1536 2048 2819 1763 2047
3583 1536 2048 3005 1810 2068
3839 1536 2048 3221 1842 2085
4095 1536 2048 3473 1850 2091
0 1792 2048 1087 1749 1974
256 1792 2048 1104 1749 1973
512 1792 2048 1163 1750 1968
768 1792 2048 1256 1752 1962
1024 1792 2048 1367 1759 1961
1280 1792 2048 1473 1773 1987
1536 1792 2048 1606 1787 2021
1792 1792 2048 1784 1797 2023
2048 1792 2048 1971 1810 2027
2303 1792 2048 2164 1824 2031
2559 1792 2048 2363 1840 2035
2815 1792 2048 2565 1858 2040
3071 1792 2048 2770 1878 2046
3327 1792 2048 2885 1951 2074
3583 1792 2048 3049 2002 2100
3839 1792 2048 3256 2034 2116
4095 1792 2048 3504 2043 2115
0 2048 2048 1225 1989 2008
256 2048 2048 1240 1989 2008
512 2048 2048 1291 1989 2007
768 2048 2048 1373 1991 2006
1024 2048 2048 1475 1996 2009
1280 2048 2048 1575 2009 2020
1536 2048 2048 1678 2028 2038
1792 2048 2048 1848 2037 2040
2048 2048 2048 2028 2048 2044
2303 2048 2048 2215 2060 2048
2559 2048 2048 2409 2074 2052
2815 2048 2048 2607 2090 2057
3071 2048 2048 2808 2107 2063
3327 2048 2048 2958 2152 2095
3583 2048 2048 3102 2205 2135
3839 2048 2048 3298 2237 2151
4095 2048 2048 3539 2248 2144
0 2303 2048 1362 2230 2050
256 2303 2048 1375 2230 2050
512 2303 2048 1420 2230 2052
768 2303 2048 1495 2231 2054
1024 2303 2048 1589 2235 2059
1280 2303 2048 1686 2245 2064
1536 2303 2048 1759 2270 2058
1792 2303 2048 1919 2278 2060
2048 2303 2048 2092 2288 2063
2303 2303 2048 2273 2298 2067
2559 2303 2048 2461 2311 2072
2815 2303 2048 2654 2325 2076
3071 2303 2048 2851 2340 2082
3327 2303 2048 3052 2357 2088
3583 2303 2048 3165 2413 2168
3839 2303 2048 3346 2447 2192
4095 2303 2048 3580 2459 2177
0 2559 2048 1501 2472 2096
256 2559 2048 1513 2472 2097
512 2559 2048 1553 2472 2100
768 2559 2048 1621 2473 2105
1024 2559 2048 1709 2475 2111
1280 2559 2048 1806 2483 2115
1536 2559 2048 1892 2500 2105
1792 2559 2048 1996 2522 2082
2048 2559 2048 2162 2530 2085
2303 2559 2048 2336 2540 2089
2559 2559 2048 2519 2550 2093
2815 2559 2048 2707 2563 2098
3071 2559 2048 2900 2576 2104
3327 2559 2048 3097 2591 2110
3583 2559 2048 3245 2626 2184
3839 2559 2048 3401 2664 2237
4095 2559 2048 3626 2677 2214
0 2815 2048 1642 2715 2146
256 2815 2048 1653 2715 2147
512 2815 2048 1689 2715 2150
768 2815 2048 1751 2715 2157
1024 2815 2048 1833 2717 2164
1280 2815 2048 1927 2722 2170
1536 2815 2048 2021 2735 2165
1792 2815 2048 2100 2759 2126
2048 2815 2048 2238 2773 2110
2303 2815 2048 2405 2782 2114
2559 2815 2048 2582 2792 2118
2815 2815 2048 2765 2803 2123
3071 2815 2048 2954 2815 2128
3327 2815 2048 3147 2828 2134
3583 2815 2048 3343 2843 2140
3839 2815 2048 3464 2884 2283
4095 2815 2048 3678 2900 2256
0 3071 2048 1782 2959 2197
256 3071 2048 1792 2959 2198
512 3071 2048 1825 2958 2202
768 3071 2048 1882 2959 2210
1024 3071 2048 1960 2960 2219
1280 3071 2048 2052 2964 2227
1536 3071 2048 2148 2972 2227
1792 3071 2048 2240 2989 2206
2048 3071 2048 2319 3018 2137
2303 3071 2048 2480 3026 2140
2559 3071 2048 2651 3034 2145
2815 3071 2048 2829 3044 2149
3071 3071 2048 3013 3055 2155
3327 3071 2048 3201 3068 2160
3583 3071 2048 3394 3081 2167
3839 3071 2048 3545 3106 2299
4095 3071 2048 3733 3127 2303
0 3327 2048 1925 3202 2250
256 3327 2048 1933 3202 2252
512 3327 2048 1964 3202 2256
768 3327 2048 2017 3202 2264
1024 3327 2048 2090 3203 2274
1280 3327 2048 2178 3206 2284
1536 3327 2048 2274 3212 2289
1792 3327 2048 2371 3224 2280
2048 3327 2048 2464 3244 2243
2303 3327 2048 2560 3270 2170
2559 3327 2048 2724 3278 2174
2815 3327 2048 2899 3286 2184
3071 3327 2048 3079 3295 2206
3327 3327 2048 3261 3306 2228
3583 3327 2048 3444 3319 2250
3839 3327 2048 3628 3334 2273
4095 3327 2048 3794 3356 2357
0 3583 2048 2068 3447 2306
256 3583 2048 2076 3446 2307
512 3583 2048 2104 3446 2312
768 3583 2048 2153 3446 2320
1024 3583 2048 2222 3447 2331
1280 3583 2048 2305 3449 2342
1536 3583 2048 2399 3453 2350
1792 3583 2048 2499 3462 2349
2048 3583 2048 2598 3476 2331
2303 3583 2048 2692 3498 2277
2559 3583 2048 2840 3508 2280
2815 3583 2048 3002 3516 2297
3071 3583 2048 3168 3527 2314
3327 3583 2048 3339 3539 2332
3583 3583 2048 3512 3553 2350
3839 3583 2048 3688 3569 2370
4095 3583 2048 3858 3587 2435
0 3839 2048 2211 3691 2363
256 3839 2048 2218 3691 2364
512 3839 2048 2244 3691 2369
768 3839 2048 2290 3691 2377
1024 3839 2048 2354 3691 2388
1280 3839 2048 2434 3692 2400
1536 3839 2048 2526 3696 2411
1792 3839 2048 2625 3702 2416
2048 3839 2048 2727 3713 2409
2303 3839 2048 2835 3726 2392
2559 3839 2048 2969 3737 2395
2815 3839 2048 3114 3748 2399
3071 3839 2048 3267 3760 2406
3327 3839 2048 3428 3772 2422
3583 3839 2048 3593 3786 2438
3839 3839 2048 3763 3802 2455
4095 3839 2048 3935 3819 2473
0 4095 2048 2259 3957 2346
256 4095 2048 2265 3957 2346
512 4095 2048 2286 3958 2346
768 4095 2048 2323 3960 2347
1024 4095 2048 2378 3962 2348
1280 4095 2048 2449 3966 2349
1536 4095 2048 2536 3970 2350
1792 4095 2048 2639 3975 2351
2048 4095 2048 2754 3981 2353
2303 4095 2048 2881 3988 2355
2559 4095 2048 3019 3996 2357
2815 4095 2048 3165 4006 2358
3071 4095 2048 3320 4016 2357
3327 4095 2048 3482 4027 2357
3583 4095 2048 3650 4039 2351
3839 4095 2048 3824 4053 2341
4095 4095 2048 3985 4046 2305
0 0 2303 504 383 2206
256 0 2303 534 384 2204
512 0 2303 648 398 2198
768 0 2303 807 423 2189
1024 0 2303 988 458 2180
1280 0 2303 1179 500 2174
1536 0 2303 1376 549 2170
1792 0 2303 1577 601 2171
2048 0 2303 1780 658 2173
2303 0 2303 1984 717 2178
2559 0 2303 2191 777 2185
2815 0 2303 2399 840 2193
3071 0 2303 2608 903 2203
3327 0 2303 2818 967 2214
3583 0 2303 3028 1033 2225
3839 0 2303 3239 1098 2238
4095 0 2303 3451 1165 2251
0 256 2303 511 442 2204
256 256 2303 559 450 2188
512 256 2303 684 475 2145
768 256 2303 828 495 2144
1024 256 2303 998 524 2145
1280 256 2303 1183 561 2146
1536 256 2303 1376 604 2150
1792 256 2303 1575 651 2155
2048 256 2303 1777 703 2162
2303 256 2303 1981 757 2170
2559 256 2303 2187 814 2180
2815 256 2303 2395 874 2189
3071 256 2303 2604 934 2201
3327 256 2303 2814 996 2212
3583 256 2303 3025 1059 2225
3839 256 2303 3236 1123 2238
4095 256 2303 3447 1188 2251
0 512 2303 561 609 2196
256 512 2303 603 614 2181
512 512 2303 725 632 2131
768 512 2303 880 665 2062
1024 512 2303 1031 694 2053
1280 512 2303 1198 722 2073
1536 512 2303 1379 755 2093
1792 512 2303 1571 793 2112
2048 512 2303 1769 835 2130
2303 512 2303 1970 881 2146
2559 512 2303 2176 930 2162
2815 512 2303 2383 981 2178
3071 512 2303 2592 1035 2193
3327 512 2303 2802 1090 2208
3583 512 2303 3013 1147 2223
3839 512 2303 3225 1206 2238
4095 512 2303 3437 1266 2253
0 768 2303 642 821 2184
256 768 2303 677 824 2172
512 768 2303 784 834 2132
768 768 2303 927 854 2074
1024 768 2303 1078 883 2024
1280 768 2303 1232 913 2025
1536 768 2303 1399 943 2046
1792 768 2303 1579 977 2071
2048 768 2303 1768 1014 2096
2303 768 2303 1964 1053 2120
2559 768 2303 2165 1095 2143
2815 768 2303 2370 1140 2165
3071 768 2303 2577 1186 2185
3327 768 2303 2787 1235 2204
3583 768 2303 2997 1286 2223
3839 768 2303 3209 1338 2240
4095 768 2303 3423 1389 2258
0 1024 2303 739 1048 2179
256 1024 2303 769 1050 2169
512 1024 2303 862 1056 2136
768 1024 2303 993 1068 2091
1024 1024 2303 1136 1088 2052
1280 1024 2303 1283 1108 2063
1536 1024 2303 1447 1127 2098
1792 1024 2303 1616 1164 2087
2048 1024 2303 1793 1201 2097
2303 1024 2303 1978 1240 2116
2559 1024 2303 2170 1280 2138
2815 1024 2303 2368 1321 2161
3071 1024 2303 2570 1364 2184
3327 1024 2303 2776 1408 2206
3583 1024 2303 2984 1454 2228
3839 1024 2303 3193 1502 2248
4095 1024 2303 3432 1525 2269
0 1280 2303 856 1282 2172
256 1280 2303 881 1283 2165
512 1280 2303 959 1286 2142
768 1280 2303 1076 1294 2111
1024 1280 2303 1209 1307 2085
1280 1280 2303 1347 1323 2098
1536 1280 2303 1501 1321 2234
1792 1280 2303 1693 1336 2237
2048 1280 2303 1865 1377 2181
2303 1280 2303 2033 1421 2160
2559 1280 2303 2209 1464 2164
2815 1280 2303 2394 1507 2179
3071 1280 2303 2585 1549 2199
3327 1280 2303 2782 1592 2220
3583 1280 2303 2984 1636 2242
3839 1280 2303 3197 1675 2264
4095 1280 2303 3452 1682 2284
0 1536 2303 978 1519 2180
256 1536 2303 999 1520 2175
512 1536 2303 1066 1522 2160
768 1536 2303 1170 1526 2140
1024 1536 2303 1294 1535 2123
1280 1536 2303 1423 1548 2135
1536 1536 2303 1555 1555 2245
1792 1536 2303 1740 1567 2247
2048 1536 2303 1932 1582 2250
2303 1536 2303 2129 1599 2254
2559 1536 2303 2308 1633 2238
2815 1536 2303 2469 1683 2225
3071 1536 2303 2640 1729 2232
3327 1536 2303 2822 1775 2248
3583 1536 2303 3011 1820 2267
3839 1536 2303 3226 1851 2287
4095 1536 2303 3478 1859 2302
0 1792 2303 1106 1758 2197
256 1792 2303 1124 1758 2194
512 1792 2303 1183 1759 2185
768 1792 2303 1276 1762 2173
1024 1792 2303 1390 1768 2165
1280 1792 2303 1509 1779 2176
1536 1792 2303 1620 1793 2254
1792 1792 2303 1795 1803 2260
2048 1792 2303 1981 1816 2263
2303 1792 2303 2173 1830 2266
2559 1792 2303 2371 1846 2270
2815 1792 2303 2572 1864 2275
3071 1792 2303 2763 1892 2277
3327 1792 2303 2888 1961 2280
3583 1792 2303 3054 2012 2298
3839 1792 2303 3261 2042 2316
4095 1792 2303 3508 2051 2325
0 2048 2303 1242 1997 2223
256 2048 2303 1257 1997 2222
512 2048 2303 1308 1998 2218
768 2048 2303 1391 2000 2212
1024 2048 2303 1495 2004 2210
1280 2048 2303 1605 2014 2218
1536 2048 2303 1701 2031 2261
1792 2048 2303 1859 2043 2275
2048 2048 2303 2038 2053 2278
2303 2048 2303 2224 2065 2281
2559 2048 2303 2417 2079 2285
2815 2048 2303 2614 2095 2290
3071 2048 2303 2815 2112 2294
3327 2048 2303 2958 2161 2309
3583 2048 2303 3106 2213 2332
3839 2048 2303 3303 2244 2349
4095 2048 2303 3544 2254 2351
0 2303 2303 1375 2237 2259
256 2303 2303 1389 2237 2258
512 2303 2303 1434 2237 2257
768 2303 2303 1510 2238 2256
1024 2303 2303 1606 2241 2257
1280 2303 2303 1710 2250 2263
1536 2303 2303 1801 2267 2280
1792 2303 2303 1929 2283 2292
2048 2303 2303 2101 2292 2295
2303 2303 2303 2281 2303 2298
2559 2303 2303 2468 2315 2302
2815 2303 2303 2661 2329 2307
3071 2303 2303 2858 2344 2311
3327 2303 2303 3047 2366 2322
3583 2303 2303 3167 2421 2368
3839 2303 2303 3350 2454 2386
4095 2303 2303 3585 2465 2381
0 2559 2303 1513 2479 2300
256 2559 2303 1525 2479 2300
512 2559 2303 1565 2479 2301
768 2559 2303 1634 2479 2303
1024 2559 2303 1724 2482 2307
1280 2559 2303 1823 2488 2312
1536 2559 2303 1916 2503 2316
1792 2559 2303 2006 2526 2311
2048 2559 2303 2170 2534 2314
2303 2559 2303 2344 2544 2318
2559 2559 2303 2526 2554 2322
2815 2559 2303 2714 2567 2326
3071 2559 2303 2906 2580 2331
3327 2559 2303 3103 2595 2336
3583 2559 2303 3241 2635 2395
3839 2559 2303 3404 2670 2429
4095 2559 2303 3631 2682 2415
0 2815 2303 1654 2720 2345
256 2815 2303 1665 2720 2346
512 2815 2303 1701 2720 2348
768 2815 2303 1763 2721 2352
1024 2815 2303 1846 2722 2358
1280 2815 2303 1941 2728 2363
1536 2815 2303 2035 2739 2364
1792 2815 2303 2113 2762 2346
2048 2815 2303 2246 2777 2336
2303 2815 2303 2413 2786 2339
2559 2815 2303 2589 2795 2343
2815 2815 2303 2772 2806 2347
3071 2815 2303 2960 2819 2352
3327 2815 2303 3153 2832 2357
3583 2815 2303 3343 2848 2372
3839 2815 2303 3466 2890 2474
4095 2815 2303 3682 2905 2453
0 3071 2303 1793 2964 2394
256 3071 2303 1803 2963 2395
512 3071 2303 1836 2963 2398
768 3071 2303 1894 2963 2403
1024 3071 2303 1971 2965 2410
1280 3071 2303 2062 2968 2417
1536 3071 2303 2158 2977 2419
1792 3071 2303 2246 2994 2405
2048 3071 2303 2327 3021 2360
2303 3071 2303 2487 3029 2363
2559 3071 2303 2658 3038 2367
2815 3071 2303 2835 3048 2371
3071 3071 2303 3019 3059 2376
3327 3071 2303 3207 3071 2381
3583 3071 2303 3399 3084 2387
3839 3071 2303 3539 3113 2511
4095 3071 2303 3738 3131 2494
0 3327 2303 1936 3207 2445
256 3327 2303 1944 3206 2446
512 3327 2303 1974 3206 2450
768 3327 2303 2027 3206 2456
1024 3327 2303 2100 3207 2464
1280 3327 2303 2187 3210 2472
1536 3327 2303 2282 3216 2477
1792 3327 2303 2376 3229 2469
2048 3327 2303 2462 3250 2436
2303 3327 2303 2567 3273 2389
2559 3327 2303 2731 3281 2393
2815 3327 2303 2903 3290 2397
3071 3327 2303 3082 3300 2402
3327 3327 2303 3266 3311 2407
3583 3327 2303 3454 3323 2412
3839 3327 2303 3646 3336 2419
4095 3327 2303 3799 3360 2541
0 3583 2303 2078 3450 2498
256 3583 2303 2086 3450 2499
512 3583 2303 2114 3450 2503
768 3583 2303 2162 3450 2510
1024 3583 2303 2230 3450 2518
1280 3583 2303 2313 3452 2528
1536 3583 2303 2407 3457 2535
1792 3583 2303 2503 3466 2534
2048 3583 2303 2598 3482 2515
2303 3583 2303 2683 3507 2460
2559 3583 2303 2809 3525 2421
2815 3583 2303 2976 3533 2425
3071 3583 2303 3149 3542 2430
3327 3583 2303 3329 3553 2435
3583 3583 2303 3513 3564 2440
3839 3583 2303 3702 3576 2446
4095 3583 2303 3863 3591 2602
0 3839 2303 2220 3694 2552
256 3839 2303 2227 3694 2553
512 3839 2303 2253 3694 2557
768 3839 2303 2298 3694 2564
1024 3839 2303 2362 3694 2574
1280 3839 2303 2442 3696 2584
1536 3839 2303 2532 3699 2593
1792 3839 2303 2629 3706 2597
2048 3839 2303 2728 3717 2589
2303 3839 2303 2837 3731 2576
2559 3839 2303 2967 3743 2572
2815 3839 2303 3106 3756 2565
3071 3839 2303 3254 3771 2549
3327 3839 2303 3410 3787 2523
3583 3839 2303 3585 3799 2535
3839 3839 2303 3763 3811 2555
4095 3839 2303 3943 3826 2576
0 4095 2303 2269 3959 2544
256 4095 2303 2274 3960 2544
512 4095 2303 2295 3961 2544
768 4095 2303 2332 3962 2545
1024 4095 2303 2386 3965 2546
1280 4095 2303 2457 3968 2546
1536 4095 2303 2544 3972 2548
1792 4095 2303 2646 3978 2550
2048 4095 2303 2761 3984 2552
2303 4095 2303 2887 3991 2553
2559 4095 2303 3024 3999 2556
2815 4095 2303 3171 4008 2557
3071 4095 2303 3325 4018 2558
3327 4095 2303 3487 4029 2557
3583 4095 2303 3654 4042 2553
3839 4095 2303 3829 4055 2545
4095 4095 2303 4001 4062 2512
0 0 2559 560 426 2451
256 0 2559 585 425 2450
512 0 2559 689 438 2444
768 0 2559 840 461 2435
1024 0 2559 1015 492 2426
1280 0 2559 1203 531 2419
1536 0 2559 1397 577 2413
1792 0 2559 1596 626 2412
2048 0 2559 1797 681 2412
2303 0 2559 2000 737 2415
2559 0 2559 2205 796 2420
2815 0 2559 2412 857 2427
3071 0 2559 2620 919 2435
3327 0 2559 2828 982 2445
3583 0 2559 3038 1046 2455
3839 0 2559 3248 1111 2466
4095 0 2559 3459 1177 2478
0 256 2559 565 478 2450
256 256 2559 607 485 2436
512 256 2559 725 508 2396
768 256 2559 862 527 2393
1024 256 2559 1027 554 2391
1280 256 2559 1208 588 2391
1536 256 2559 1399 629 2392
1792 256 2559 1595 674 2395
2048 256 2559 1795 724 2399
2303 256 2559 1997 777 2406
2559 256 2559 2202 832 2413
2815 256 2559 2408 890 2422
3071 256 2559 2616 949 2432
3327 256 2559 2825 1010 2442
3583 256 2559 3035 1073 2453
3839 256 2559 3245 1135 2465
4095 256 2559 3456 1199 2478
0 512 2559 611 635 2441
256 512 2559 649 640 2427
512 512 2559 764 657 2382
768 512 2559 916 688 2314
1024 512 2559 1067 718 2296
1280 512 2559 1229 744 2312
1536 512 2559 1407 776 2329
1792 512 2559 1595 813 2345
2048 512 2559 1790 854 2361
2303 512 2559 1989 898 2376
2559 512 2559 2192 946 2391
2815 512 2559 2398 996 2406
3071 512 2559 2605 1049 2420
3327 512 2559 2814 1103 2434
3583 512 2559 3024 1160 2448
3839 512 2559 3234 1217 2463
4095 512 2559 3445 1277 2477
0 768 2559 684 839 2430
256 768 2559 717 842 2418
512 768 2559 819 852 2380
768 768 2559 961 873 2321
1024 768 2559 1115 903 2260
1280 768 2559 1267 935 2243
1536 768 2559 1429 963 2266
1792 768 2559 1605 995 2292
2048 768 2559 1791 1030 2317
2303 768 2559 1984 1069 2341
2559 768 2559 2183 1110 2364
2815 768 2559 2386 1153 2385
3071 768 2559 2591 1199 2405
3327 768 2559 2799 1247 2424
3583 768 2559 3008 1297 2442
3839 768 2559 3218 1349 2460
4095 768 2559 3430 1402 2477
0 1024 2559 777 1062 2421
256 1024 2559 805 1064 2412
512 1024 2559 894 1070 2382
768 1024 2559 1024 1084 2332
1024 1024 2559 1169 1104 2283
1280 1024 2559 1317 1129 2260
1536 1024 2559 1472 1151 2287
1792 1024 2559 1639 1184 2288
2048 1024 2559 1814 1219 2303
2303 1024 2559 1996 1256 2324
2559 1024 2559 2187 1294 2348
2815 1024 2559 2383 1334 2372
3071 1024 2559 2584 1376 2396
3327 1024 2559 2788 1420 2418
3583 1024 2559 2995 1465 2440
3839 1024 2559 3204 1512 2461
4095 1024 2559 3438 1537 2486
0 1280 2559 888 1294 2412
256 1280 2559 911 1295 2405
512 1280 2559 988 1299 2382
768 1280 2559 1104 1307 2346
1024 1280 2559 1239 1321 2309
1280 1280 2559 1380 1339 2294
1536 1280 2559 1526 1352 2351
1792 1280 2559 1698 1367 2392
2048 1280 2559 1872 1400 2373
2303 1280 2559 2043 1440 2360
2559 1280 2559 2221 1480 2366
2815 1280 2559 2406 1521 2382
3071 1280 2559 2597 1562 2403
3327 1280 2559 2794 1604 2425
3583 1280 2559 2994 1647 2447
3839 1280 2559 3204 1687 2471
4095 1280 2559 3458 1692 2500
0 1536 2559 1003 1530 2417
256 1536 2559 1023 1530 2412
512 1536 2559 1090 1533 2394
768 1536 2559 1195 1538 2367
1024 1536 2559 1321 1547 2341
1280 1536 2559 1454 1561 2332
1536 1536 2559 1590 1574 2380
1792 1536 2559 1753 1578 2474
2048 1536 2559 1944 1590 2491
2303 1536 2559 2140 1607 2494
2559 1536 2559 2303 1654 2444
2815 1536 2559 2470 1700 2430
3071 1536 2559 2645 1744 2435
3327 1536 2559 2828 1788 2449
3583 1536 2559 3018 1832 2468
3839 1536 2559 3233 1862 2493
4095 1536 2559 3483 1868 2517
0 1792 2559 1128 1767 2427
256 1792 2559 1145 1768 2424
512 1792 2559 1203 1769 2413
768 1792 2559 1298 1772 2395
1024 1792 2559 1414 1779 2377
1280 1792 2559 1539 1789 2373
1536 1792 2559 1664 1802 2412
1792 1792 2559 1808 1810 2499
2048 1792 2559 1992 1823 2502
2303 1792 2559 2183 1837 2505
2559 1792 2559 2380 1853 2508
2815 1792 2559 2580 1871 2512
3071 1792 2559 2749 1912 2497
3327 1792 2559 2896 1971 2488
3583 1792 2559 3061 2022 2498
3839 1792 2559 3268 2052 2519
4095 1792 2559 3514 2059 2538
0 2048 2559 1261 2006 2445
256 2048 2559 1276 2006 2443
512 2048 2559 1326 2007 2436
768 2048 2559 1410 2009 2426
1024 2048 2559 1516 2013 2417
1280 2048 2559 1632 2022 2417
1536 2048 2559 1747 2035 2446
1792 2048 2559 1871 2048 2512
2048 2048 2559 2049 2059 2515
2303 2048 2559 2234 2071 2518
2559 2048 2559 2425 2085 2521
2815 2048 2559 2622 2101 2525
3071 2048 2559 2822 2118 2530
3327 2048 2559 2963 2170 2522
3583 2048 2559 3112 2223 2532
3839 2048 2559 3309 2253 2550
4095 2048 2559 3550 2261 2562
0 2303 2559 1391 2245 2475
256 2303 2559 1405 2245 2474
512 2303 2559 1450 2246 2470
768 2303 2559 1526 2247 2465
1024 2303 2559 1625 2250 2461
1280 2303 2559 1734 2257 2463
1536 2303 2559 1840 2269 2480
1792 2303 2559 1940 2288 2527
2048 2303 2559 2111 2297 2530
2303 2303 2559 2290 2308 2533
2559 2303 2559 2477 2320 2537
2815 2303 2559 2669 2334 2540
3071 2303 2559 2865 2349 2545
3327 2303 2559 3046 2375 2550
3583 2303 2559 3171 2430 2568
3839 2303 2559 3356 2461 2585
4095 2303 2559 3591 2471 2590
0 2559 2559 1529 2486 2510
256 2559 2559 1540 2486 2509
512 2559 2559 1581 2486 2509
768 2559 2559 1649 2487 2507
1024 2559 2559 1740 2489 2507
1280 2559 2559 1843 2494 2510
1536 2559 2559 1944 2506 2520
1792 2559 2559 2023 2529 2543
2048 2559 2559 2181 2539 2547
2303 2559 2559 2353 2548 2550
2559 2559 2559 2534 2559 2554
2815 2559 2559 2721 2571 2558
3071 2559 2559 2913 2585 2562
3327 2559 2559 3109 2600 2567
3583 2559 2559 3242 2643 2602
3839 2559 2559 3410 2677 2625
4095 2559 2559 3637 2688 2621
0 2815 2559 1668 2727 2551
256 2815 2559 1679 2727 2551
512 2815 2559 1715 2727 2552
768 2815 2559 1777 2727 2553
1024 2815 2559 1861 2729 2556
1280 2815 2559 1957 2733 2560
1536 2815 2559 2055 2743 2566
1792 2815 2559 2139 2763 2568
2048 2815 2559 2256 2781 2567
2303 2815 2559 2422 2790 2570
2559 2815 2559 2597 2799 2573
2815 2815 2559 2779 2810 2577
3071 2815 2559 2967 2823 2581
3327 2815 2559 3159 2836 2586
3583 2815 2559 3330 2859 2614
3839 2815 2559 3470 2897 2668
4095 2815 2559 3688 2910 2655
0 3071 2559 1807 2969 2596
256 3071 2559 1816 2969 2596
512 3071 2559 1849 2969 2598
768 3071 2559 1907 2969 2601
1024 3071 2559 1984 2970 2606
1280 3071 2559 2076 2974 2612
1536 3071 2559 2173 2982 2616
1792 3071 2559 2262 2997 2613
2048 3071 2559 2336 3025 2588
2303 3071 2559 2496 3032 2591
2559 3071 2559 2666 3041 2594
2815 3071 2559 2842 3051 2598
3071 3071 2559 3025 3062 2602
3327 3071 2559 3213 3074 2607
3583 3071 2559 3405 3088 2612
3839 3071 2559 3540 3119 2710
4095 3071 2559 3744 3136 2693
0 3327 2559 1948 3211 2644
256 3327 2559 1957 3211 2645
512 3327 2559 1986 3211 2647
768 3327 2559 2039 3211 2652
1024 3327 2559 2111 3212 2658
1280 3327 2559 2198 3215 2665
1536 3327 2559 2294 3221 2670
1792 3327 2559 2387 3233 2667
2048 3327 2559 2468 3255 2643
2303 3327 2559 2575 3276 2614
2559 3327 2559 2739 3284 2618
2815 3327 2559 2910 3293 2621
3071 3327 2559 3088 3303 2626
3327 3327 2559 3272 3314 2630
3583 3327 2559 3460 3327 2635
3839 3327 2559 3632 3343 2697
4095 3327 2559 3804 3364 2735
0 3583 2559 2089 3455 2694
256 3583 2559 2097 3454 2695
512 3583 2559 2124 3454 2698
768 3583 2559 2173 3454 2703
1024 3583 2559 2241 3455 2710
1280 3583 2559 2324 3457 2718
1536 3583 2559 2416 3462 2725
1792 3583 2559 2512 3471 2725
2048 3583 2559 2603 3487 2710
2303 3583 2559 2678 3514 2659
2559 3583 2559 2816 3528 2643
2815 3583 2559 2982 3536 2647
3071 3583 2559 3156 3546 2651
3327 3583 2559 3335 3556 2655
3583 3583 2559 3519 3567 2660
3839 3583 2559 3707 3579 2666
4095 3583 2559 3869 3595 2784
0 3839 2559 2229 3698 2746
256 3839 2559 2237 3698 2747
512 3839 2559 2262 3698 2750
768 3839 2559 2307 3698 2756
1024 3839 2559 2371 3698 2764
1280 3839 2559 2451 3700 2773
1536 3839 2559 2541 3703 2781
1792 3839 2559 2637 3710 2784
2048 3839 2559 2733 3722 2778
2303 3839 2559 2839 3736 2766
2559 3839 2559 2966 3749 2759
2815 3839 2559 3104 3763 2750
3071 3839 2559 3249 3779 2728
3327 3839 2559 3402 3798 2682
3583 3839 2559 3582 3808 2687
3839 3839 2559 3766 3819 2693
4095 3839 2559 3952 3831 2720
0 4095 2559 2280 3962 2748
256 4095 2559 2286 3962 2748
512 4095 2559 2306 3963 2748
768 4095 2559 2343 3965 2749
1024 4095 2559 2396 3968 2750
1280 4095 2559 2467 3971 2751
1536 4095 2559 2554 3975 2753
1792 4095 2559 2655 3980 2755
2048 4095 2559 2769 3986 2757
2303 4095 2559 2895 3993 2759
2559 4095 2559 3031 4002 2761
2815 4095 2559 3177 4011 2763
3071 4095 2559 3331 4021 2766
3327 4095 2559 3493 4032 2766
3583 4095 2559 3660 4044 2763
3839 4095 2559 3833 4057 2756
4095 4095 2559 4007 4065 2725
0 0 2815 616 468 2695
256 0 2815 637 467 2695
512 0 2815 733 479 2690
768 0 2815 875 499 2682
1024 0 2815 1044 528 2672
1280 0 2815 1228 564 2664
1536 0 2815 1419 606 2658
1792 0 2815 1616 653 2654
2048 0 2815 1815 705 2653
2303 0 2815 2017 759 2654
2559 0 2815 2221 816 2658
2815 0 2815 2426 875 2663
3071 0 2815 2633 936 2669
3327 0 2815 2840 998 2677
3583 0 2815 3049 1061 2686
3839 0 2815 3258 1125 2697
4095 0 2815 3468 1189 2707
0 256 2815 618 514 2696
256 256 2815 656 521 2683
512 256 2815 768 543 2646
768 256 2815 899 560 2642
1024 256 2815 1058 585 2639
1280 256 2815 1235 618 2636
1536 256 2815 1423 656 2635
1792 256 2815 1616 699 2637
2048 256 2815 1814 747 2639
2303 256 2815 2014 798 2643
2559 256 2815 2218 851 2649
2815 256 2815 2423 908 2656
3071 256 2815 2630 966 2665
3327 256 2815 2837 1026 2674
3583 256 2815 3046 1087 2684
3839 256 2815 3255 1149 2695
4095 256 2815 3465 1212 2706
0 512 2815 660 661 2688
256 512 2815 695 666 2675
512 512 2815 804 683 2632
768 512 2815 953 714 2567
1024 512 2815 1103 743 2541
1280 512 2815 1261 768 2554
1536 512 2815 1435 799 2568
1792 512 2815 1620 834 2582
2048 512 2815 1812 873 2595
2303 512 2815 2008 917 2609
2559 512 2815 2210 963 2623
2815 512 2815 2413 1012 2636
3071 512 2815 2619 1064 2649
3327 512 2815 2827 1117 2662
3583 512 2815 3035 1173 2676
3839 512 2815 3245 1230 2689
4095 512 2815 3455 1288 2703
0 768 2815 728 859 2676
256 768 2815 759 862 2665
512 768 2815 857 873 2628
768 768 2815 996 893 2571
1024 768 2815 1151 924 2504
1280 768 2815 1303 958 2469
1536 768 2815 1461 984 2493
1792 768 2815 1633 1015 2517
2048 768 2815 1816 1048 2542
2303 768 2815 2006 1085 2565
2559 768 2815 2202 1125 2587
2815 768 2815 2403 1168 2608
3071 768 2815 2607 1213 2628
3327 768 2815 2813 1260 2646
3583 768 2815 3021 1309 2664
3839 768 2815 3230 1360 2681
4095 768 2815 3441 1412 2699
0 1024 2815 815 1078 2666
256 1024 2815 842 1080 2657
512 1024 2815 929 1087 2626
768 1024 2815 1056 1100 2578
1024 1024 2815 1203 1121 2521
1280 1024 2815 1352 1148 2479
1536 1024 2815 1504 1175 2482
1792 1024 2815 1666 1205 2494
2048 1024 2815 1838 1238 2514
2303 1024 2815 2018 1273 2537
2559 1024 2815 2207 1310 2561
2815 1024 2815 2401 1349 2586
3071 1024 2815 2600 1390 2610
3327 1024 2815 2803 1432 2633
3583 1024 2815 3008 1477 2655
3839 1024 2815 3216 1523 2676
4095 1024 2815 3445 1550 2704
0 1280 2815 921 1307 2655
256 1280 2815 944 1308 2648
512 1280 2815 1019 1313 2624
768 1280 2815 1134 1321 2585
1024 1280 2815 1270 1336 2541
1280 1280 2815 1412 1355 2509
1536 1280 2815 1558 1376 2518
1792 1280 2815 1716 1398 2537
2048 1280 2815 1886 1424 2556
2303 1280 2815 2059 1459 2559
2559 1280 2815 2236 1497 2570
2815 1280 2815 2421 1536 2588
3071 1280 2815 2611 1576 2609
3327 1280 2815 2807 1617 2632
3583 1280 2815 3007 1659 2655
3839 1280 2815 3213 1700 2679
4095 1280 2815 3465 1704 2717
0 1536 2815 1034 1541 2654
256 1536 2815 1053 1542 2649
512 1536 2815 1118 1544 2631
768 1536 2815 1221 1550 2602
1024 1536 2815 1348 1560 2567
1280 1536 2815 1484 1574 2543
1536 1536 2815 1623 1591 2554
1792 1536 2815 1775 1607 2586
2048 1536 2815 1943 1627 2607
2303 1536 2815 2122 1648 2632
2559 1536 2815 2305 1675 2643
2815 1536 2815 2476 1718 2631
3071 1536 2815 2653 1760 2637
3327 1536 2815 2837 1802 2652
3583 1536 2815 3027 1844 2671
3839 1536 2815 3240 1874 2699
4095 1536 2815 3490 1879 2733
0 1792 2815 1155 1777 2659
256 1792 2815 1172 1778 2656
512 1792 2815 1228 1780 2643
768 1792 2815 1321 1783 2622
1024 1792 2815 1438 1790 2597
1280 1792 2815 1567 1801 2581
1536 1792 2815 1698 1814 2593
1792 1792 2815 1837 1827 2650
2048 1792 2815 2004 1841 2673
2303 1792 2815 2185 1855 2702
2559 1792 2815 2385 1864 2737
2815 1792 2815 2586 1880 2747
3071 1792 2815 2742 1932 2707
3327 1792 2815 2906 1981 2698
3583 1792 2815 3070 2033 2700
3839 1792 2815 3275 2063 2724
4095 1792 2815 3521 2068 2753
0 2048 2815 1283 2015 2672
256 2048 2815 1298 2016 2669
512 2048 2815 1348 2017 2661
768 2048 2815 1431 2019 2646
1024 2048 2815 1538 2024 2631
1280 2048 2815 1658 2032 2622
1536 2048 2815 1781 2044 2634
1792 2048 2815 1901 2056 2703
2048 2048 2815 2061 2066 2754
2303 2048 2815 2244 2078 2756
2559 2048 2815 2435 2092 2759
2815 2048 2815 2631 2107 2763
3071 2048 2815 2830 2124 2767
3327 2048 2815 2974 2178 2738
3583 2048 2815 3120 2233 2733
3839 2048 2815 3316 2263 2753
4095 2048 2815 3556 2270 2776
0 2303 2815 1412 2254 2695
256 2303 2815 1425 2254 2694
512 2303 2815 1469 2254 2688
768 2303 2815 1545 2256 2680
1024 2303 2815 1644 2259 2670
1280 2303 2815 1757 2265 2665
1536 2303 2815 1873 2276 2675
1792 2303 2815 1981 2291 2723
2048 2303 2815 2123 2303 2767
2303 2303 2815 2301 2314 2770
2559 2303 2815 2486 2326 2773
2815 2303 2815 2678 2340 2776
3071 2303 2815 2873 2355 2780
3327 2303 2815 3054 2381 2778
3583 2303 2815 3179 2439 2770
3839 2303 2815 3363 2470 2786
4095 2303 2815 3597 2479 2802
0 2559 2815 1547 2494 2724
256 2559 2815 1558 2494 2724
512 2559 2815 1598 2494 2721
768 2559 2815 1667 2495 2717
1024 2559 2815 1758 2497 2713
1280 2559 2815 1863 2502 2711
1536 2559 2815 1972 2511 2719
1792 2559 2815 2072 2528 2748
2048 2559 2815 2192 2544 2783
2303 2559 2815 2364 2553 2785
2559 2559 2815 2544 2564 2788
2815 2559 2815 2730 2576 2792
3071 2559 2815 2921 2590 2796
3327 2559 2815 3117 2605 2800
3583 2559 2815 3247 2651 2807
3839 2559 2815 3416 2685 2823
4095 2559 2815 3643 2695 2831
0 2815 2815 1684 2734 2760
256 2815 2815 1694 2734 2760
512 2815 2815 1730 2734 2759
768 2815 2815 1793 2735 2758
1024 2815 2815 1877 2736 2758
1280 2815 2815 1975 2740 2759
1536 2815 2815 2079 2749 2765
1792 2815 2815 2175 2764 2779
2048 2815 2815 2266 2786 2800
2303 2815 2815 2432 2794 2803
2559 2815 2815 2606 2804 2806
2815 2815 2815 2788 2815 2809
3071 2815 2815 2975 2827 2813
3327 2815 2815 3166 2840 2817
3583 2815 2815 3330 2867 2835
3839 2815 2815 3476 2904 2864
4095 2815 2815 3694 2916 2863
0 3071 2815 1821 2975 2801
256 3071 2815 1831 2975 2802
512 3071 2815 1863 2975 2802
768 3071 2815 1921 2976 2803
1024 3071 2815 1999 2977 2805
1280 3071 2815 2092 2980 2809
1536 3071 2815 2191 2987 2814
1792 3071 2815 2286 3000 2820
2048 3071 2815 2357 3026 2820
2303 3071 2815 2506 3037 2822
2559 3071 2815 2674 3045 2825
2815 3071 2815 2851 3055 2828
3071 3071 2815 3033 3066 2832
3327 3071 2815 3220 3079 2836
3583 3071 2815 3412 3092 2841
3839 3071 2815 3544 3126 2906
4095 3071 2815 3749 3141 2898
0 3327 2815 1960 3218 2846
256 3327 2815 1968 3217 2846
512 3327 2815 1998 3217 2848
768 3327 2815 2051 3218 2851
1024 3327 2815 2124 3218 2855
1280 3327 2815 2212 3221 2860
1536 3327 2815 2308 3226 2865
1792 3327 2815 2404 3237 2868
2048 3327 2815 2486 3258 2860
2303 3327 2815 2584 3280 2843
2559 3327 2815 2747 3288 2846
2815 3327 2815 2918 3297 2849
3071 3327 2815 3096 3307 2853
3327 3327 2815 3279 3318 2857
3583 3327 2815 3466 3330 2862
3839 3327 2815 3625 3351 2932
4095 3327 2815 3810 3370 2936
0 3583 2815 2100 3460 2894
256 3583 2815 2108 3460 2894
512 3583 2815 2136 3460 2896
768 3583 2815 2184 3460 2900
1024 3583 2815 2252 3460 2906
1280 3583 2815 2336 3462 2912
1536 3583 2815 2429 3467 2918
1792 3583 2815 2524 3476 2920
2048 3583 2815 2614 3491 2913
2303 3583 2815 2683 3519 2877
2559 3583 2815 2824 3531 2869
2815 3583 2815 2990 3540 2872
3071 3583 2815 3163 3549 2876
3327 3583 2815 3342 3559 2880
3583 3583 2815 3525 3570 2885
3839 3583 2815 3713 3582 2890
4095 3583 2815 3875 3600 2978
0 3839 2815 2240 3703 2943
256 3839 2815 2247 3703 2944
512 3839 2815 2273 3703 2946
768 3839 2815 2318 3703 2951
1024 3839 2815 2382 3703 2957
1280 3839 2815 2462 3705 2965
1536 3839 2815 2552 3708 2972
1792 3839 2815 2647 3715 2976
2048 3839 2815 2741 3727 2971
2303 3839 2815 2837 3744 2956
2559 3839 2815 2965 3756 2953
2815 3839 2815 3101 3771 2942
3071 3839 2815 3243 3788 2916
3327 3839 2815 3408 3801 2905
3583 3839 2815 3588 3811 2909
3839 3839 2815 3772 3823 2914
4095 3839 2815 3939 3832 3060
0 4095 2815 2293 3965 2956
256 4095 2815 2299 3966 2956
512 4095 2815 2319 3967 2957
768 4095 2815 2355 3968 2957
1024 4095 2815 2409 3971 2959
1280 4095 2815 2479 3974 2960
1536 4095 2815 2565 3978 2962
1792 4095 2815 2666 3983 2964
2048 4095 2815 2779 3990 2966
2303 4095 2815 2904 3997 2969
2559 4095 2815 3040 4005 2972
2815 4095 2815 3186 4014 2974
3071 4095 2815 3339 4024 2976
3327 4095 2815 3499 4035 2978
3583 4095 2815 3666 4047 2977
3839 4095 2815 3839 4061 2971
4095 4095 2815 4011 4067 2942
0 0 3071 671 510 2940
256 0 3071 690 509 2941
512 0 3071 778 519 2936
768 0 3071 912 538 2928
1024 0 3071 1075 564 2919
1280 0 3071 1255 598 2910
1536 0 3071 1443 637 2902
1792 0 3071 1637 682 2898
2048 0 3071 1835 731 2894
2303 0 3071 2034 783 2894
2559 0 3071 2237 838 2896
2815 0 3071 2441 896 2899
3071 0 3071 2647 955 2905
3327 0 3071 2853 1016 2911
3583 0 3071 3061 1078 2919
3839 0 3071 3269 1140 2928
4095 0 3071 3478 1204 2938
0 256 3071 672 552 2942
256 256 3071 707 558 2930
512 256 3071 811 578 2895
768 256 3071 936 595 2891
1024 256 3071 1091 618 2886
1280 256 3071 1264 648 2883
1536 256 3071 1448 685 2880
1792 256 3071 1639 726 2879
2048 256 3071 1835 772 2879
2303 256 3071 2033 821 2882
2559 256 3071 2235 873 2887
2815 256 3071 2438 928 2892
3071 256 3071 2644 984 2899
3327 256 3071 2850 1043 2907
3583 256 3071 3058 1103 2916
3839 256 3071 3266 1164 2926
4095 256 3071 3475 1226 2936
0 512 3071 711 690 2933
256 512 3071 744 695 2921
512 512 3071 846 711 2882
768 512 3071 991 740 2820
1024 512 3071 1139 769 2789
1280 512 3071 1294 793 2799
1536 512 3071 1464 822 2810
1792 512 3071 1646 856 2821
2048 512 3071 1835 895 2833
2303 512 3071 2030 936 2844
2559 512 3071 2229 982 2856
2815 512 3071 2431 1030 2868
3071 512 3071 2635 1080 2880
3327 512 3071 2841 1133 2892
3583 512 3071 3048 1188 2905
3839 512 3071 3257 1244 2917
4095 512 3071 3466 1302 2930
0 768 3071 774 880 2922
256 768 3071 803 883 2912
512 768 3071 896 894 2877
768 768 3071 1032 914 2820
1024 768 3071 1187 945 2752
1280 768 3071 1341 981 2702
1536 768 3071 1495 1006 2724
1792 768 3071 1663 1035 2748
2048 768 3071 1843 1068 2770
2303 768 3071 2030 1103 2793
2559 768 3071 2224 1142 2814
2815 768 3071 2422 1184 2834
3071 768 3071 2624 1228 2853
3327 768 3071 2829 1274 2871
3583 768 3071 3035 1323 2888
3839 768 3071 3243 1373 2905
4095 768 3071 3452 1425 2922
0 1024 3071 855 1094 2913
256 1024 3071 881 1096 2904
512 1024 3071 964 1103 2874
768 1024 3071 1090 1117 2824
1024 1024 3071 1237 1139 2765
1280 1024 3071 1388 1168 2711
1536 1024 3071 1538 1197 2696
1792 1024 3071 1697 1226 2708
2048 1024 3071 1865 1257 2728
2303 1024 3071 2043 1291 2753
2559 1024 3071 2229 1326 2778
2815 1024 3071 2421 1364 2803
3071 1024 3071 2618 1404 2827
3327 1024 3071 2819 1446 2851
3583 1024 3071 3023 1489 2873
3839 1024 3071 3229 1535 2894
4095 1024 3071 3452 1567 2922
0 1280 3071 957 1321 2899
256 1280 3071 979 1322 2892
512 1280 3071 1051 1327 2868
768 1280 3071 1165 1336 2828
1024 1280 3071 1301 1351 2780
1280 1280 3071 1445 1372 2736
1536 1280 3071 1592 1395 2721
1792 1280 3071 1745 1420 2731
2048 1280 3071 1908 1448 2744
2303 1280 3071 2079 1480 2759
2559 1280 3071 2256 1515 2775
2815 1280 3071 2439 1552 2795
3071 1280 3071 2628 1591 2818
3327 1280 3071 2823 1631 2842
3583 1280 3071 3021 1672 2865
3839 1280 3071 3224 1714 2889
4095 1280 3071 3472 1719 2935
0 1536 3071 1064 1553 2897
256 1536 3071 1083 1554 2891
512 1536 3071 1147 1557 2871
768 1536 3071 1250 1563 2839
1024 1536 3071 1377 1573 2801
1280 1536 3071 1515 1589 2765
1536 1536 3071 1656 1607 2753
1792 1536 3071 1803 1627 2764
2048 1536 3071 1962 1651 2777
2303 1536 3071 2129 1677 2792
2559 1536 3071 2304 1706 2810
2815 1536 3071 2486 1737 2830
3071 1536 3071 2665 1776 2840
3327 1536 3071 2849 1817 2855
3583 1536 3071 3039 1858 2875
3839 1536 3071 3249 1888 2906
4095 1536 3071 3497 1891 2950
0 1792 3071 1181 1788 2898
256 1792 3071 1198 1789 2893
512 1792 3071 1255 1791 2878
768 1792 3071 1347 1795 2853
1024 1792 3071 1464 1802 2824
1280 1792 3071 1595 1813 2798
1536 1792 3071 1729 1828 2791
1792 1792 3071 1871 1845 2804
2048 1792 3071 2025 1864 2818
2303 1792 3071 2188 1886 2834
2559 1792 3071 2361 1909 2854
2815 1792 3071 2543 1933 2876
3071 1792 3071 2735 1957 2902
3327 1792 3071 2911 1997 2902
3583 1792 3071 3081 2046 2903
3839 1792 3071 3283 2075 2929
4095 1792 3071 3527 2080 2969
0 2048 3071 1307 2025 2904
256 2048 3071 1322 2026 2901
512 2048 3071 1371 2027 2890
768 2048 3071 1454 2030 2872
1024 2048 3071 1562 2035 2852
1280 2048 3071 1684 2043 2834
1536 2048 3071 1811 2055 2831
1792 2048 3071 1943 2069 2855
2048 2048 3071 2093 2085 2870
2303 2048 3071 2254 2102 2888
2559 2048 3071 2426 2120 2910
2815 2048 3071 2611 2138 2935
3071 2048 3071 2811 2151 2966
3327 2048 3071 2992 2182 2963
3583 2048 3071 3131 2243 2936
3839 2048 3071 3324 2274 2957
4095 2048 3071 3563 2280 2990
0 2303 3071 1433 2263 2921
256 2303 3071 1446 2263 2919
512 2303 3071 1491 2264 2912
768 2303 3071 1566 2266 2900
1024 2303 3071 1665 2269 2886
1280 2303 3071 1780 2275 2874
1536 2303 3071 1901 2285 2874
1792 2303 3071 2021 2298 2902
2048 2303 3071 2159 2311 2938
2303 2303 3071 2319 2325 2959
2559 2303 3071 2494 2337 2985
2815 2303 3071 2687 2346 3014
3071 2303 3071 2882 2361 3018
3327 2303 3071 3073 2382 3015
3583 2303 3071 3189 2448 2973
3839 2303 3071 3371 2480 2988
4095 2303 3071 3603 2487 3015
0 2559 3071 1565 2502 2945
256 2559 3071 1576 2502 2944
512 2559 3071 1616 2503 2939
768 2559 3071 1685 2504 2931
1024 2559 3071 1777 2506 2923
1280 2559 3071 1884 2511 2917
1536 2559 3071 1998 2519 2918
1792 2559 3071 2110 2532 2940
2048 2559 3071 2211 2549 3010
2303 2559 3071 2375 2559 3022
2559 2559 3071 2554 2570 3025
2815 2559 3071 2740 2582 3028
3071 2559 3071 2930 2595 3032
3327 2559 3071 3125 2610 3035
3583 2559 3071 3257 2659 3013
3839 2559 3071 3424 2694 3023
4095 2559 3071 3649 2703 3043
0 2815 3071 1700 2742 2975
256 2815 3071 1711 2742 2974
512 2815 3071 1747 2742 2972
768 2815 3071 1809 2743 2968
1024 2815 3071 1894 2745 2964
1280 2815 3071 1994 2748 2962
1536 2815 3071 2102 2756 2965
1792 2815 3071 2208 2768 2979
2048 2815 3071 2299 2787 3020
2303 2815 3071 2443 2799 3038
2559 2815 3071 2617 2809 3041
2815 2815 3071 2797 2820 3044
3071 2815 3071 2983 2832 3047
3327 2815 3071 3174 2846 3051
3583 2815 3071 3337 2874 3051
3839 2815 3071 3483 2912 3062
4095 2815 3071 3700 2923 3073
0 3071 3071 1835 2983 3012
256 3071 3071 1845 2983 3012
512 3071 3071 1878 2983 3011
768 3071 3071 1935 2983 3009
1024 3071 3071 2014 2985 3009
1280 3071 3071 2109 2987 3009
1536 3071 3071 2211 2993 3013
1792 3071 3071 2313 3004 3022
2048 3071 3071 2401 3024 3040
2303 3071 3071 2516 3041 3055
2559 3071 3071 2684 3050 3058
2815 3071 3071 2860 3060 3061
3071 3071 3071 3041 3071 3065
3327 3071 3071 3228 3083 3069
3583 3071 3071 3419 3096 3073
3839 3071 3071 3550 3134 3104
4095 3071 3071 3756 3148 3106
0 3327 3071 1974 3224 3052
256 3327 3071 1982 3224 3052
512 3327 3071 2012 3224 3053
768 3327 3071 2065 3224 3054
1024 3327 3071 2138 3225 3055
1280 3327 3071 2227 3227 3058
1536 3327 3071 2325 3232 3062
1792 3327 3071 2425 3242 3068
2048 3327 3071 2515 3259 3074
2303 3327 3071 2594 3284 3075
2559 3327 3071 2757 3292 3077
2815 3327 3071 2927 3301 3080
3071 3327 3071 3104 3311 3084
3327 3327 3071 3286 3322 3088
3583 3327 3071 3474 3334 3092
3839 3327 3071 3628 3358 3140
4095 3327 3071 3817 3375 3142
0 3583 3071 2113 3466 3097
256 3583 3071 2121 3466 3097
512 3583 3071 2148 3466 3098
768 3583 3071 2197 3466 3100
1024 3583 3071 2266 3466 3104
1280 3583 3071 2349 3468 3108
1536 3583 3071 2443 3472 3114
1792 3583 3071 2541 3480 3118
2048 3583 3071 2632 3495 3118
2303 3583 3071 2706 3520 3105
2559 3583 3071 2834 3535 3098
2815 3583 3071 2999 3544 3101
3071 3583 3071 3171 3553 3105
3327 3583 3071 3349 3563 3108
3583 3583 3071 3532 3574 3112
3839 3583 3071 3720 3586 3117
4095 3583 3071 3881 3605 3180
0 3839 3071 2252 3708 3143
256 3839 3071 2259 3708 3144
512 3839 3071 2285 3708 3146
768 3839 3071 2331 3708 3149
1024 3839 3071 2395 3709 3154
1280 3839 3071 2474 3710 3160
1536 3839 3071 2564 3713 3166
1792 3839 3071 2660 3720 3171
2048 3839 3071 2754 3731 3170
2303 3839 3071 2848 3748 3162
2559 3839 3071 2963 3764 3153
2815 3839 3071 3095 3780 3143
3071 3839 3071 3242 3795 3127
3327 3839 3071 3416 3805 3131
3583 3839 3071 3595 3815 3135
3839 3839 3071 3778 3826 3139
4095 3839 3071 3951 3838 3221
0 4095 3071 2309 3969 3167
256 4095 3071 2315 3969 3168
512 4095 3071 2335 3970 3168
768 4095 3071 2371 3972 3169
1024 4095 3071 2424 3974 3170
1280 4095 3071 2493 3977 3171
1536 4095 3071 2578 3982 3174
1792 4095 3071 2678 3987 3176
2048 4095 3071 2791 3993 3179
2303 4095 3071 2915 4000 3182
2559 4095 3071 3051 4008 3185
2815 4095 3071 3195 4017 3188
3071 4095 3071 3347 4027 3191
3327 4095 3071 3507 4039 3193
3583 4095 3071 3673 4051 3194
3839 4095 3071 3845 4064 3191
4095 4095 3071 4022 4075 3166
0 0 3327 727 553 3184
256 0 3327 742 551 3186
512 0 3327 824 560 3181
768 0 3327 951 577 3174
1024 0 3327 1108 602 3165
1280 0 3327 1283 633 3156
1536 0 3327 1468 670 3148
1792 0 3327 1660 712 3142
2048 0 3327 1855 759 3137
2303 0 3327 2054 809 3136
2559 0 3327 2255 862 3136
2815 0 3327 2457 918 3138
3071 0 3327 2662 975 3142
3327 0 3327 2867 1035 3147
3583 0 3327 3074 1095 3154
3839 0 3327 3281 1157 3161
4095 0 3327 3490 1219 3170
0 256 3327 725 590 3188
256 256 3327 757 596 3178
512 256 3327 856 615 3144
768 256 3327 975 630 3139
1024 256 3327 1125 652 3134
1280 256 3327 1293 680 3129
1536 256 3327 1474 714 3125
1792 256 3327 1663 754 3123
2048 256 3327 1856 798 3122
2303 256 3327 2053 845 3123
2559 256 3327 2253 895 3126
2815 256 3327 2455 949 3129
3071 256 3327 2659 1004 3135
3327 256 3327 2865 1061 3142
3583 256 3327 3071 1120 3149
3839 256 3327 3279 1180 3158
4095 256 3327 3487 1242 3167
0 512 3327 762 720 3178
256 512 3327 793 724 3168
512 512 3327 889 740 3132
768 512 3327 1029 768 3073
1024 512 3327 1176 797 3038
1280 512 3327 1327 820 3046
1536 512 3327 1494 848 3054
1792 512 3327 1673 880 3063
2048 512 3327 1860 917 3072
2303 512 3327 2052 958 3082
2559 512 3327 2249 1002 3092
2815 512 3327 2449 1049 3102
3071 512 3327 2652 1098 3113
3327 512 3327 2856 1150 3124
3583 512 3327 3063 1204 3136
3839 512 3327 3270 1259 3147
4095 512 3327 3478 1316 3159
0 768 3327 821 903 3168
256 768 3327 848 906 3158
512 768 3327 936 917 3127
768 768 3327 1069 937 3071
1024 768 3327 1223 967 3003
1280 768 3327 1379 1005 2940
1536 768 3327 1529 1029 2961
1792 768 3327 1695 1056 2982
2048 768 3327 1871 1088 3003
2303 768 3327 2055 1122 3024
2559 768 3327 2247 1160 3044
2815 768 3327 2443 1201 3062
3071 768 3327 2643 1244 3080
3327 768 3327 2845 1290 3098
3583 768 3327 3050 1338 3114
3839 768 3327 3257 1387 3131
4095 768 3327 3465 1438 3147
0 1024 3327 898 1112 3157
256 1024 3327 923 1114 3149
512 1024 3327 1002 1122 3121
768 1024 3327 1125 1136 3073
1024 1024 3327 1271 1158 3012
1280 1024 3327 1423 1187 2951
1536 1024 3327 1572 1213 2942
1792 1024 3327 1729 1241 2949
2048 1024 3327 1896 1274 2958
2303 1024 3327 2070 1309 2974
2559 1024 3327 2253 1344 2999
2815 1024 3327 2443 1380 3024
3071 1024 3327 2638 1419 3048
3327 1024 3327 2837 1460 3071
3583 1024 3327 3040 1503 3093
3839 1024 3327 3244 1548 3113
4095 1024 3327 3460 1585 3140
0 1280 3327 994 1336 3144
256 1280 3327 1015 1337 3137
512 1280 3327 1086 1342 3113
768 1280 3327 1197 1352 3073
1024 1280 3327 1333 1367 3022
1280 1280 3327 1479 1389 2971
1536 1280 3327 1623 1411 2959
1792 1280 3327 1775 1434 2966
2048 1280 3327 1938 1462 2974
2303 1280 3327 2106 1494 2983
2559 1280 3327 2281 1529 2994
2815 1280 3327 2461 1568 3008
3071 1280 3327 2648 1606 3029
3327 1280 3327 2841 1645 3054
3583 1280 3327 3038 1685 3078
3839 1280 3327 3238 1727 3102
4095 1280 3327 3479 1735 3152
0 1536 3327 1097 1566 3140
256 1536 3327 1115 1567 3134
512 1536 3327 1178 1570 3114
768 1536 3327 1279 1577 3081
1024 1536 3327 1406 1588 3038
1280 1536 3327 1545 1603 2996
1536 1536 3327 1685 1622 2980
1792 1536 3327 1832 1642 2987
2048 1536 3327 1989 1665 2995
2303 1536 3327 2153 1692 3005
2559 1536 3327 2325 1722 3016
2815 1536 3327 2501 1756 3029
3071 1536 3327 2681 1793 3043
3327 1536 3327 2864 1832 3060
3583 1536 3327 3054 1872 3081
3839 1536 3327 3258 1904 3113
4095 1536 3327 3505 1906 3167
0 1792 3327 1211 1800 3137
256 1792 3327 1227 1800 3132
512 1792 3327 1282 1803 3117
768 1792 3327 1374 1807 3091
1024 1792 3327 1492 1815 3056
1280 1792 3327 1623 1827 3023
1536 1792 3327 1758 1842 3007
1792 1792 3327 1899 1858 3014
2048 1792 3327 2050 1879 3022
2303 1792 3327 2210 1902 3032
2559 1792 3327 2376 1928 3043
2815 1792 3327 2549 1957 3057
3071 1792 3327 2727 1988 3072
3327 1792 3327 2909 2022 3090
3583 1792 3327 3094 2058 3107
3839 1792 3327 3293 2089 3135
4095 1792 3327 3535 2092 3185
0 2048 3327 1333 2036 3139
256 2048 3327 1347 2036 3136
512 2048 3327 1396 2038 3124
768 2048 3327 1479 2041 3104
1024 2048 3327 1587 2046 3078
1280 2048 3327 1710 2055 3054
1536 2048 3327 1840 2067 3039
1792 2048 3327 1974 2082 3046
2048 2048 3327 2120 2099 3055
2303 2048 3327 2274 2119 3065
2559 2048 3327 2437 2141 3077
2815 2048 3327 2606 2166 3092
3071 2048 3327 2781 2193 3108
3327 2048 3327 2963 2221 3127
3583 2048 3327 3144 2254 3141
3839 2048 3327 3334 2286 3161
4095 2048 3327 3570 2291 3206
0 2303 3327 1455 2273 3153
256 2303 3327 1468 2273 3150
512 2303 3327 1512 2274 3141
768 2303 3327 1588 2276 3126
1024 2303 3327 1688 2280 3107
1280 2303 3327 1804 2286 3089
1536 2303 3327 1928 2296 3079
1792 2303 3327 2056 2308 3085
2048 2303 3327 2196 2323 3095
2303 2303 3327 2345 2341 3106
2559 2303 3327 2504 2360 3119
2815 2303 3327 2671 2381 3135
3071 2303 3327 2845 2403 3154
3327 2303 3327 3029 2424 3176
3583 2303 3327 3203 2457 3180
3839 2303 3327 3380 2491 3191
4095 2303 3327 3611 2497 3229
0 2559 3327 1585 2511 3170
256 2559 3327 1597 2511 3168
512 2559 3327 1636 2512 3162
768 2559 3327 1704 2513 3152
1024 2559 3327 1797 2516 3139
1280 2559 3327 1906 2521 3127
1536 2559 3327 2023 2529 3122
1792 2559 3327 2143 2540 3132
2048 2559 3327 2276 2553 3145
2303 2559 3327 2421 2568 3158
2559 2559 3327 2576 2584 3173
2815 2559 3327 2742 2601 3192
3071 2559 3327 2919 2617 3214
3327 2559 3327 3112 2630 3242
3583 2559 3327 3271 2666 3224
3839 2559 3327 3433 2704 3224
4095 2559 3327 3657 2711 3256
0 2815 3327 1718 2751 3195
256 2815 3327 1729 2751 3194
512 2815 3327 1765 2751 3190
768 2815 3327 1827 2752 3183
1024 2815 3327 1912 2754 3175
1280 2815 3327 2014 2757 3169
1536 2815 3327 2125 2764 3167
1792 2815 3327 2238 2774 3176
2048 2815 3327 2347 2789 3208
2303 2815 3327 2486 2802 3227
2559 2815 3327 2640 2815 3247
2815 2815 3327 2808 2826 3273
3071 2815 3327 2993 2838 3283
3327 2815 3327 3183 2851 3287
3583 2815 3327 3350 2879 3272
3839 2815 3327 3492 2921 3262
4095 2815 3327 3708 2931 3285
0 3071 3327 1852 2991 3227
256 3071 3327 1861 2991 3226
512 3071 3327 1894 2991 3224
768 3071 3327 1951 2992 3220
1024 3071 3327 2030 2993 3216
1280 3071 3327 2126 2996 3213
1536 3071 3327 2232 3001 3213
1792 3071 3327 2340 3010 3221
2048 3071 3327 2441 3025 3242
2303 3071 3327 2528 3046 3291
2559 3071 3327 2695 3055 3293
2815 3071 3327 2870 3065 3296
3071 3071 3327 3051 3076 3299
3327 3071 3327 3237 3088 3303
3583 3071 3327 3427 3101 3307
3839 3071 3327 3559 3142 3302
4095 3071 3327 3763 3155 3316
0 3327 3327 1989 3231 3263
256 3327 3327 1998 3231 3262
512 3327 3327 2028 3232 3262
768 3327 3327 2080 3232 3260
1024 3327 3327 2154 3233 3260
1280 3327 3327 2243 3235 3259
1536 3327 3327 2344 3239 3262
1792 3327 3327 2447 3247 3267
2048 3327 3327 2546 3261 3280
2303 3327 3327 2623 3285 3303
2559 3327 3327 2767 3297 3311
2815 3327 3327 2937 3306 3314
3071 3327 3327 3113 3316 3317
3327 3327 3327 3295 3327 3320
3583 3327 3327 3481 3339 3324
3839 3327 3327 3635 3365 3343
4095 3327 3327 3824 3381 3350
0 3583 3327 2127 3473 3303
256 3583 3327 2135 3473 3303
512 3583 3327 2163 3473 3304
768 3583 3327 2212 3473 3304
1024 3583 3327 2280 3473 3305
1280 3583 3327 2364 3475 3308
1536 3583 3327 2460 3479 3311
1792 3583 3327 2560 3486 3316
2048 3583 3327 2656 3498 3323
2303 3583 3327 2737 3520 3328
2559 3583 3327 2844 3540 3330
2815 3583 3327 3008 3548 3333
3071 3583 3327 3180 3557 3336
3327 3583 3327 3357 3567 3339
3583 3583 3327 3540 3578 3343
3839 3583 3327 3727 3590 3347
4095 3583 3327 3889 3611 3386
0 3839 3327 2266 3714 3347
256 3839 3327 2274 3714 3347
512 3839 3327 2299 3714 3348
768 3839 3327 2344 3714 3350
1024 3839 3327 2408 3715 3353
1280 3839 3327 2488 3716 3357
1536 3839 3327 2579 3719 3362
1792 3839 3327 2676 3725 3367
2048 3839 3327 2772 3736 3371
2303 3839 3327 2858 3754 3369
2559 3839 3327 2958 3773 3362
2815 3839 3327 3084 3791 3353
3071 3839 3327 3251 3799 3356
3327 3839 3327 3424 3809 3360
3583 3839 3327 3602 3819 3364
3839 3839 3327 3786 3830 3368
4095 3839 3327 3957 3843 3424
0 4095 3327 2327 3973 3381
256 4095 3327 2333 3973 3381
512 4095 3327 2352 3974 3382
768 4095 3327 2388 3975 3382
1024 4095 3327 2440 3978 3384
1280 4095 3327 2510 3981 3385
1536 4095 3327 2594 3985 3388
1792 4095 3327 2693 3991 3390
2048 4095 3327 2805 3997 3393
2303 4095 3327 2928 4004 3396
2559 4095 3327 3062 4012 3400
2815 4095 3327 3206 4021 3404
3071 4095 3327 3358 4031 3408
3327 4095 3327 3517 4042 3412
3583 4095 3327 3682 4054 3414
3839 4095 3327 3853 4067 3414
4095 4095 3327 4031 4081 3393
0 0 3583 783 595 3428
256 0 3583 795 593 3432
512 0 3583 871 602 3427
768 0 3583 992 617 3420
1024 0 3583 1143 640 3412
1280 0 3583 1313 668 3403
1536 0 3583 1495 703 3394
1792 0 3583 1684 743 3387
2048 0 3583 1877 788 3381
2303 0 3583 2074 836 3378
2559 0 3583 2273 887 3377
2815 0 3583 2475 941 3377
3071 0 3583 2678 997 3380
3327 0 3583 2882 1055 3384
3583 0 3583 3088 1114 3389
3839 0 3583 3295 1174 3396
4095 0 3583 3502 1236 3403
0 256 3583 781 629 3433
256 256 3583 809 634 3424
512 256 3583 902 652 3392
768 256 3583 1016 666 3387
1024 256 3583 1160 687 3382
1280 256 3583 1324 713 3377
1536 256 3583 1502 746 3371
1792 256 3583 1687 783 3368
2048 256 3583 1879 825 3365
2303 256 3583 2074 871 3365
2559 256 3583 2272 919 3366
2815 256 3583 2473 971 3368
3071 256 3583 2676 1025 3373
3327 256 3583 2880 1081 3378
3583 256 3583 3086 1139 3384
3839 256 3583 3292 1198 3392
4095 256 3583 3499 1258 3400
0 512 3583 814 751 3424
256 512 3583 842 755 3415
512 512 3583 933 770 3382
768 512 3583 1068 797 3326
1024 512 3583 1213 825 3289
1280 512 3583 1361 847 3294
1536 512 3583 1525 874 3299
1792 512 3583 1701 906 3306
2048 512 3583 1886 941 3313
2303 512 3583 2075 981 3321
2559 512 3583 2270 1023 3330
2815 512 3583 2469 1069 3338
3071 512 3583 2670 1118 3348
3327 512 3583 2873 1168 3358
3583 512 3583 3078 1221 3368
3839 512 3583 3284 1276 3379
4095 512 3583 3491 1332 3390
0 768 3583 868 927 3415
256 768 3583 894 930 3406
512 768 3583 979 941 3374
768 768 3583 1107 960 3323
1024 768 3583 1259 990 3254
1280 768 3583 1411 1023 3209
1536 768 3583 1562 1048 3216
1792 768 3583 1727 1077 3224
2048 768 3583 1900 1109 3240
2303 768 3583 2082 1143 3257
2559 768 3583 2271 1180 3276
2815 768 3583 2465 1219 3293
3071 768 3583 2663 1262 3310
3327 768 3583 2864 1306 3327
3583 768 3583 3067 1353 3343
3839 768 3583 3272 1402 3358
4095 768 3583 3479 1453 3373
0 1024 3583 941 1132 3404
256 1024 3583 964 1134 3396
512 1024 3583 1041 1141 3369
768 1024 3583 1161 1155 3321
1024 1024 3583 1306 1177 3260
1280 1024 3583 1453 1202 3218
1536 1024 3583 1600 1224 3221
1792 1024 3583 1760 1250 3225
2048 1024 3583 1929 1280 3230
2303 1024 3583 2104 1315 3236
2559 1024 3583 2284 1353 3243
2815 1024 3583 2469 1395 3253
3071 1024 3583 2660 1435 3271
3327 1024 3583 2857 1476 3293
3583 1024 3583 3057 1518 3315
3839 1024 3583 3260 1562 3335
4095 1024 3583 3470 1603 3359
0 1280 3583 1032 1352 3391
256 1280 3583 1053 1353 3384
512 1280 3583 1122 1358 3360
768 1280 3583 1231 1368 3319
1024 1280 3583 1365 1384 3268
1280 1280 3583 1507 1403 3228
1536 1280 3583 1648 1421 3232
1792 1280 3583 1803 1443 3236
2048 1280 3583 1968 1469 3241
2303 1280 3583 2139 1498 3247
2559 1280 3583 2316 1531 3254
2815 1280 3583 2497 1568 3261
3071 1280 3583 2681 1609 3270
3327 1280 3583 2867 1654 3280
3583 1280 3583 3057 1698 3295
3839 1280 3583 3255 1741 3317
4095 1280 3583 3488 1752 3369
0 1536 3583 1132 1579 3383
256 1536 3583 1151 1580 3377
512 1536 3583 1212 1584 3357
768 1536 3583 1311 1591 3324
1024 1536 3583 1437 1602 3280
1280 1536 3583 1572 1617 3243
1536 1536 3583 1708 1633 3246
1792 1536 3583 1857 1651 3250
2048 1536 3583 2016 1673 3255
2303 1536 3583 2183 1698 3261
2559 1536 3583 2356 1727 3268
2815 1536 3583 2534 1759 3275
3071 1536 3583 2714 1795 3284
3327 1536 3583 2897 1834 3294
3583 1536 3583 3082 1877 3305
3839 1536 3583 3271 1920 3321
4095 1536 3583 3513 1921 3384
0 1792 3583 1243 1812 3378
256 1792 3583 1259 1812 3373
512 1792 3583 1313 1815 3356
768 1792 3583 1403 1820 3329
1024 1792 3583 1519 1828 3293
1280 1792 3583 1648 1840 3262
1536 1792 3583 1778 1853 3263
1792 1792 3583 1920 1869 3267
2048 1792 3583 2074 1887 3272
2303 1792 3583 2235 1909 3278
2559 1792 3583 2404 1934 3285
2815 1792 3583 2578 1963 3293
3071 1792 3583 2755 1994 3302
3327 1792 3583 2935 2029 3312
3583 1792 3583 3117 2066 3324
3839 1792 3583 3304 2104 3340
4095 1792 3583 3544 2106 3401
0 2048 3583 1361 2047 3376
256 2048 3583 1375 2047 3373
512 2048 3583 1423 2049 3360
768 2048 3583 1505 2053 3339
1024 2048 3583 1612 2059 3310
1280 2048 3583 1735 2067 3282
1536 2048 3583 1857 2079 3284
1792 2048 3583 1993 2093 3288
2048 2048 3583 2141 2109 3293
2303 2048 3583 2297 2128 3299
2559 2048 3583 2460 2150 3306
2815 2048 3583 2629 2175 3315
3071 2048 3583 2803 2203 3324
3327 2048 3583 2979 2233 3335
3583 2048 3583 3159 2267 3347
3839 2048 3583 3344 2300 3365
4095 2048 3583 3579 2303 3421
0 2303 3583 1482 2283 3385
256 2303 3583 1494 2283 3382
512 2303 3583 1537 2284 3372
768 2303 3583 1611 2287 3356
1024 2303 3583 1711 2291 3334
1280 2303 3583 1828 2298 3311
1536 2303 3583 1946 2307 3308
1792 2303 3583 2075 2320 3312
2048 2303 3583 2216 2334 3318
2303 2303 3583 2366 2351 3324
2559 2303 3583 2524 2370 3332
2815 2303 3583 2689 2392 3340
3071 2303 3583 2858 2417 3350
3327 2303 3583 3031 2444 3362
3583 2303 3583 3207 2474 3375
3839 2303 3583 3391 2504 3393
4095 2303 3583 3620 2508 3444
0 2559 3583 1609 2521 3398
256 2559 3583 1620 2521 3396
512 2559 3583 1659 2522 3389
768 2559 3583 1727 2523 3376
1024 2559 3583 1818 2527 3361
1280 2559 3583 1928 2532 3344
1536 2559 3583 2044 2540 3337
1792 2559 3583 2166 2550 3342
2048 2559 3583 2300 2563 3347
2303 2559 3583 2444 2578 3354
2559 2559 3583 2597 2596 3363
2815 2559 3583 2756 2615 3372
3071 2559 3583 2921 2637 3383
3327 2559 3583 3091 2661 3396
3583 2559 3583 3265 2687 3410
3839 2559 3583 3444 2715 3426
4095 2559 3583 3665 2721 3469
0 2815 3583 1739 2760 3418
256 2815 3583 1749 2760 3417
512 2815 3583 1784 2760 3412
768 2815 3583 1846 2761 3403
1024 2815 3583 1932 2763 3392
1280 2815 3583 2034 2767 3381
1536 2815 3583 2148 2773 3373
1792 2815 3583 2264 2783 3377
2048 2815 3583 2392 2795 3383
2303 2815 3583 2529 2808 3391
2559 2815 3583 2676 2824 3400
2815 2815 3583 2830 2841 3411
3071 2815 3583 2991 2860 3424
3327 2815 3583 3159 2881 3438
3583 2815 3583 3334 2902 3456
3839 2815 3583 3503 2931 3462
4095 2815 3583 3716 2940 3497
0 3071 3583 1871 2999 3445
256 3071 3583 1881 2999 3444
512 3071 3583 1913 3000 3441
768 3071 3583 1970 3000 3435
1024 3071 3583 2048 3002 3428
1280 3071 3583 2145 3005 3422
1536 3071 3583 2253 3010 3417
1792 3071 3583 2365 3018 3420
2048 3071 3583 2486 3028 3428
2303 3071 3583 2617 3041 3437
2559 3071 3583 2758 3055 3448
2815 3071 3583 2908 3070 3461
3071 3071 3583 3066 3086 3477
3327 3071 3583 3235 3102 3497
3583 3071 3583 3421 3115 3522
3839 3071 3583 3570 3150 3503
4095 3071 3583 3771 3163 3528
0 3327 3583 2007 3239 3477
256 3327 3583 2015 3239 3476
512 3327 3583 2045 3239 3474
768 3327 3583 2097 3240 3471
1024 3327 3583 2171 3241 3468
1280 3327 3583 2261 3243 3465
1536 3327 3583 2363 3247 3463
1792 3327 3583 2470 3254 3467
2048 3327 3583 2576 3266 3479
2303 3327 3583 2684 3281 3500
2559 3327 3583 2817 3294 3516
2815 3327 3583 2960 3309 3536
3071 3327 3583 3123 3321 3551
3327 3327 3583 3304 3332 3555
3583 3327 3583 3490 3344 3558
3839 3327 3583 3646 3372 3547
4095 3327 3583 3832 3389 3560
0 3583 3583 2143 3480 3513
256 3583 3583 2151 3480 3513
512 3583 3583 2179 3480 3512
768 3583 3583 2227 3480 3511
1024 3583 3583 2296 3481 3510
1280 3583 3583 2380 3483 3510
1536 3583 3583 2477 3486 3511
1792 3583 3583 2580 3492 3515
2048 3583 3583 2682 3503 3524
2303 3583 3583 2775 3520 3539
2559 3583 3583 2855 3544 3564
2815 3583 3583 3019 3553 3566
3071 3583 3583 3189 3562 3569
3327 3583 3583 3366 3572 3572
3583 3583 3583 3548 3583 3576
3839 3583 3583 3735 3595 3579
4095 3583 3583 3896 3618 3595
0 3839 3583 2280 3721 3554
256 3839 3583 2288 3721 3554
512 3839 3583 2313 3721 3554
768 3839 3583 2358 3721 3555
1024 3839 3583 2422 3722 3556
1280 3839 3583 2502 3723 3557
1536 3839 3583 2595 3726 3560
1792 3839 3583 2694 3731 3565
2048 3839 3583 2793 3741 3571
2303 3839 3583 2886 3756 3578
2559 3839 3583 2958 3782 3583
2815 3839 3583 3094 3795 3585
3071 3839 3583 3260 3804 3588
3327 3839 3583 3433 3813 3591
3583 3839 3583 3611 3823 3595
3839 3839 3583 3793 3834 3598
4095 3839 3583 3965 3849 3632
0 4095 3583 2347 3977 3596
256 4095 3583 2353 3977 3596
512 4095 3583 2372 3978 3596
768 4095 3583 2408 3980 3597
1024 4095 3583 2460 3982 3599
1280 4095 3583 2528 3985 3601
1536 4095 3583 2612 3990 3603
1792 4095 3583 2710 3995 3606
2048 4095 3583 2821 4001 3609
2303 4095 3583 2943 4008 3613
2559 4095 3583 3076 4016 3617
2815 4095 3583 3219 4025 3621
3071 4095 3583 3370 4035 3626
3327 4095 3583 3527 4046 3631
3583 4095 3583 3691 4058 3634
3839 4095 3583 3861 4071 3637
4095 4095 3583 4038 4085 3622
0 0 3839 839 638 3673
256 0 3839 849 635 3677
512 0 3839 920 643 3673
768 0 3839 1034 657 3666
1024 0 3839 1179 678 3658
1280 0 3839 1344 705 3649
1536 0 3839 1522 738 3640
1792 0 3839 1709 776 3632
2048 0 3839 1900 818 3626
2303 0 3839 2095 864 3622
2559 0 3839 2293 914 3619
2815 0 3839 2493 966 3618
3071 0 3839 2695 1020 3619
3327 0 3839 2898 1077 3622
3583 0 3839 3103 1134 3626
3839 0 3839 3309 1194 3631
4095 0 3839 3515 1254 3638
0 256 3839 837 669 3677
256 256 3839 861 672 3671
512 256 3839 949 690 3641
768 256 3839 1057 703 3635
1024 256 3839 1196 722 3630
1280 256 3839 1356 747 3624
1536 256 3839 1530 778 3618
1792 256 3839 1713 814 3613
2048 256 3839 1903 854 3609
2303 256 3839 2096 898 3608
2559 256 3839 2293 945 3607
2815 256 3839 2492 995 3608
3071 256 3839 2694 1047 3611
3327 256 3839 2896 1102 3615
3583 256 3839 3101 1159 3620
3839 256 3839 3306 1216 3627
4095 256 3839 3513 1276 3634
0 512 3839 866 783 3671
256 512 3839 892 787 3662
512 512 3839 978 801 3631
768 512 3839 1108 827 3579
1024 512 3839 1249 854 3543
1280 512 3839 1395 876 3543
1536 512 3839 1557 902 3546
1792 512 3839 1730 931 3553
2048 512 3839 1912 966 3556
2303 512 3839 2100 1004 3564
2559 512 3839 2293 1046 3569
2815 512 3839 2489 1091 3576
3071 512 3839 2689 1138 3584
3327 512 3839 2891 1188 3593
3583 512 3839 3094 1240 3602
3839 512 3839 3299 1293 3612
4095 512 3839 3505 1349 3622
0 768 3839 917 952 3660
256 768 3839 942 955 3652
512 768 3839 1022 966 3623
768 768 3839 1146 985 3574
1024 768 3839 1290 1011 3521
1280 768 3839 1430 1030 3521
1536 768 3839 1585 1053 3523
1792 768 3839 1753 1080 3526
2048 768 3839 1930 1111 3529
2303 768 3839 2113 1147 3533
2559 768 3839 2301 1187 3537
2815 768 3839 2492 1229 3543
3071 768 3839 2688 1273 3553
3327 768 3839 2885 1321 3562
3583 768 3839 3085 1370 3573
3839 768 3839 3289 1418 3588
4095 768 3839 3494 1468 3602
0 1024 3839 986 1152 3650
256 1024 3839 1008 1154 3642
512 1024 3839 1082 1162 3616
768 1024 3839 1198 1176 3571
1024 1024 3839 1334 1195 3525
1280 1024 3839 1468 1210 3527
1536 1024 3839 1620 1229 3529
1792 1024 3839 1784 1252 3532
2048 1024 3839 1957 1278 3535
2303 1024 3839 2137 1308 3538
2559 1024 3839 2323 1342 3543
2815 1024 3839 2512 1380 3548
3071 1024 3839 2704 1421 3553
3327 1024 3839 2897 1466 3559
3583 1024 3839 3092 1514 3565
3839 1024 3839 3288 1564 3574
4095 1024 3839 3487 1616 3585
0 1280 3839 1073 1368 3636
256 1280 3839 1093 1370 3630
512 1280 3839 1159 1375 3607
768 1280 3839 1266 1386 3567
1024 1280 3839 1390 1399 3533
1280 1280 3839 1519 1412 3534
1536 1280 3839 1665 1427 3537
1792 1280 3839 1824 1446 3539
2048 1280 3839 1993 1469 3542
2303 1280 3839 2170 1494 3546
2559 1280 3839 2352 1524 3550
2815 1280 3839 2538 1556 3555
3071 1280 3839 2728 1592 3561
3327 1280 3839 2919 1632 3566
3583 1280 3839 3112 1674 3573
3839 1280 3839 3306 1720 3580
4095 1280 3839 3505 1765 3594
0 1536 3839 1168 1594 3628
256 1536 3839 1186 1595 3623
512 1536 3839 1245 1599 3603
768 1536 3839 1344 1606 3568
1024 1536 3839 1458 1616 3543
1280 1536 3839 1580 1626 3544
1536 1536 3839 1720 1640 3546
1792 1536 3839 1874 1656 3549
2048 1536 3839 2038 1675 3552
2303 1536 3839 2210 1697 3556
2559 1536 3839 2389 1722 3560
2815 1536 3839 2572 1750 3565
3071 1536 3839 2758 1782 3570
3327 1536 3839 2947 1816 3576
3583 1536 3839 3138 1854 3583
3839 1536 3839 3329 1895 3590
4095 1536 3839 3527 1934 3605
0 1792 3839 1275 1824 3621
256 1792 3839 1291 1825 3617
512 1792 3839 1344 1828 3600
768 1792 3839 1433 1833 3572
1024 1792 3839 1537 1841 3554
1280 1792 3839 1652 1850 3556
1536 1792 3839 1785 1861 3558
1792 1792 3839 1933 1875 3561
2048 1792 3839 2092 1891 3564
2303 1792 3839 2259 1911 3568
2559 1792 3839 2433 1933 3572
2815 1792 3839 2612 1957 3577
3071 1792 3839 2795 1985 3582
3327 1792 3839 2981 2016 3588
3583 1792 3839 3169 2049 3595
3839 1792 3839 3358 2086 3602
4095 1792 3839 3555 2120 3618
0 2048 3839 1391 2058 3617
256 2048 3839 1404 2059 3613
512 2048 3839 1452 2061 3600
768 2048 3839 1532 2065 3577
1024 2048 3839 1625 2071 3568
1280 2048 3839 1733 2078 3570
1536 2048 3839 1859 2088 3572
1792 2048 3839 2001 2100 3575
2048 2048 3839 2154 2115 3578
2303 2048 3839 2315 2132 3582
2559 2048 3839 2485 2151 3586
2815 2048 3839 2660 2173 3591
3071 2048 3839 2839 2197 3596
3327 2048 3839 3021 2225 3602
3583 2048 3839 3206 2255 3609
3839 2048 3839 3392 2288 3616
4095 2048 3839 3588 2317 3635
0 2303 3839 1508 2294 3622
256 2303 3839 1520 2294 3619
512 2303 3839 1564 2295 3608
768 2303 3839 1636 2298 3591
1024 2303 3839 1722 2303 3584
1280 2303 3839 1823 2310 3586
1536 2303 3839 1942 2318 3588
1792 2303 3839 2077 2329 3591
2048 2303 3839 2224 2342 3594
2303 2303 3839 2379 2357 3598
2559 2303 3839 2544 2374 3602
2815 2303 3839 2714 2394 3607
3071 2303 3839 2889 2416 3613
3327 2303 3839 3067 2440 3619
3583 2303 3839 3248 2467 3626
3839 2303 3839 3430 2497 3633
4095 2303 3839 3628 2521 3657
0 2559 3839 1633 2531 3630
256 2559 3839 1644 2531 3628
512 2559 3839 1683 2532 3620
768 2559 3839 1748 2534 3607
1024 2559 3839 1828 2538 3603
1280 2559 3839 1922 2544 3605
1536 2559 3839 2035 2552 3607
1792 2559 3839 2162 2562 3610
2048 2559 3839 2302 2573 3613
2303 2559 3839 2452 2586 3617
2559 2559 3839 2611 2602 3621
2815 2559 3839 2776 2619 3626
3071 2559 3839 2946 2639 3632
3327 2559 3839 3119 2662 3638
3583 2559 3839 3296 2686 3646
3839 2559 3839 3475 2714 3654
4095 2559 3839 3674 2732 3682
0 2815 3839 1761 2769 3646
256 2815 3839 1771 2769 3644
512 2815 3839 1806 2770 3638
768 2815 3839 1866 2771 3629
1024 2815 3839 1941 2775 3624
1280 2815 3839 2030 2780 3626
1536 2815 3839 2135 2787 3628
1792 2815 3839 2256 2796 3631
2048 2815 3839 2389 2806 3634
2303 2815 3839 2533 2818 3638
2559 2815 3839 2685 2832 3643
2815 2815 3839 2845 2848 3648
3071 2815 3839 3010 2866 3654
3327 2815 3839 3179 2887 3661
3583 2815 3839 3351 2910 3669
3839 2815 3839 3526 2935 3677
4095 2815 3839 3724 2950 3709
0 3071 3839 1890 3008 3668
256 3071 3839 1900 3008 3667
512 3071 3839 1932 3009 3662
768 3071 3839 1989 3009 3655
1024 3071 3839 2064 3012 3648
1280 3071 3839 2146 3017 3650
1536 3071 3839 2245 3023 3652
1792 3071 3839 2359 3031 3655
2048 3071 3839 2486 3040 3659
2303 3071 3839 2623 3051 3663
2559 3071 3839 2769 3064 3668
2815 3071 3839 2922 3079 3674
3071 3071 3839 3082 3096 3680
3327 3071 3839 3246 3114 3688
3583 3071 3839 3413 3135 3697
3839 3071 3839 3583 3159 3706
4095 3071 3839 3779 3172 3739
0 3327 3839 2024 3248 3695
256 3327 3839 2033 3248 3694
512 3327 3839 2062 3248 3692
768 3327 3839 2115 3249 3687
1024 3327 3839 2187 3250 3681
1280 3327 3839 2271 3253 3679
1536 3327 3839 2365 3259 3681
1792 3327 3839 2472 3266 3684
2048 3327 3839 2592 3275 3688
2303 3327 3839 2722 3285 3693
2559 3327 3839 2861 3297 3698
2815 3327 3839 3009 3310 3705
3071 3327 3839 3162 3326 3712
3327 3327 3839 3320 3343 3721
3583 3327 3839 3483 3363 3732
3839 3327 3839 3650 3383 3744
4095 3327 3839 3840 3397 3771
0 3583 3839 2159 3488 3728
256 3583 3839 2167 3488 3727
512 3583 3839 2195 3488 3726
768 3583 3839 2243 3488 3723
1024 3583 3839 2312 3489 3719
1280 3583 3839 2397 3491 3716
1536 3583 3839 2492 3495 3715
1792 3583 3839 2594 3501 3719
2048 3583 3839 2707 3509 3723
2303 3583 3839 2829 3519 3729
2559 3583 3839 2962 3530 3736
2815 3583 3839 3101 3543 3744
3071 3583 3839 3248 3557 3754
3327 3583 3839 3400 3574 3766
3583 3583 3839 3560 3590 3782
3839 3583 3839 3736 3604 3803
4095 3583 3839 3904 3625 3805
0 3839 3839 2295 3729 3765
256 3839 3839 2302 3729 3765
512 3839 3839 2327 3729 3764
768 3839 3839 2373 3729 3763
1024 3839 3839 2437 3730 3762
1280 3839 3839 2518 3731 3761
1536 3839 3839 2611 3733 3761
1792 3839 3839 2712 3738 3764
2048 3839 3839 2816 3746 3770
2303 3839 3839 2921 3758 3779
2559 3839 3839 3033 3772 3791
2815 3839 3839 3149 3789 3805
3071 3839 3839 3270 3808 3822
3327 3839 3839 3442 3818 3824
3583 3839 3839 3620 3828 3828
3839 3839 3839 3802 3839 3831
4095 3839 3839 3973 3856 3841
0 4095 3839 2372 3981 3811
256 4095 3839 2377 3981 3812
512 4095 3839 2396 3982 3812
768 4095 3839 2431 3984 3813
1024 4095 3839 2482 3986 3815
1280 4095 3839 2549 3990 3816
1536 4095 3839 2632 3994 3819
1792 4095 3839 2729 3999 3822
2048 4095 3839 2839 4005 3825
2303 4095 3839 2960 4012 3829
2559 4095 3839 3093 4020 3834
2815 4095 3839 3234 4029 3838
3071 4095 3839 3383 4040 3844
3327 4095 3839 3540 4051 3849
3583 4095 3839 3703 4063 3855
3839 4095 3839 3871 4076 3860
4095 4095 3839 4047 4090 3854
0 0 4095 895 680 3917
256 0 4095 903 677 3923
512 0 4095 969 684 3919
768 0 4095 1076 697 3914
1024 0 4095 1216 717 3905
1280 0 4095 1376 741 3898
1536 0 4095 1550 770 3893
1792 0 4095 1734 806 3885
2048 0 4095 1924 847 3876
2303 0 4095 2117 886 3877
2559 0 4095 2314 935 3870
2815 0 4095 2516 979 3877
3071 0 4095 2720 1027 3881
3327 0 4095 2924 1080 3883
3583 0 4095 3129 1136 3884
3839 0 4095 3337 1189 3891
4095 0 4095 3545 1246 3896
0 256 4095 893 710 3921
256 256 4095 913 712 3918
512 256 4095 996 728 3889
768 256 4095 1096 738 3890
1024 256 4095 1231 756 3883
1280 256 4095 1386 778 3881
1536 256 4095 1557 806 3878
1792 256 4095 1738 838 3874
2048 256 4095 1927 876 3870
2303 256 4095 2119 915 3870
2559 256 4095 2316 960 3868
2815 256 4095 2517 1002 3875
3071 256 4095 2721 1049 3879
3327 256 4095 2925 1101 3881
3583 256 4095 3130 1154 3885
3839 256 4095 3338 1206 3891
4095 256 4095 3546 1262 3896
0 512 4095 917 816 3917
256 512 4095 941 820 3910
512 512 4095 1019 832 3886
768 512 4095 1131 848 3862
1024 512 4095 1260 864 3857
1280 512 4095 1408 882 3858
1536 512 4095 1573 905 3860
1792 512 4095 1751 932 3862
2048 512 4095 1936 963 3864
2303 512 4095 2127 998 3867
2559 512 4095 2324 1035 3870
2815 512 4095 2523 1076 3873
3071 512 4095 2726 1120 3877
3327 512 4095 2930 1167 3881
3583 512 4095 3135 1215 3886
3839 512 4095 3342 1266 3891
4095 512 4095 3550 1319 3897
0 768 4095 967 979 3907
256 768 4095 989 982 3899
512 768 4095 1064 992 3874
768 768 4095 1164 1002 3862
1024 768 4095 1287 1014 3860
1280 768 4095 1432 1030 3861
1536 768 4095 1595 1048 3863
1792 768 4095 1769 1071 3865
2048 768 4095 1953 1097 3867
2303 768 4095 2142 1127 3870
2559 768 4095 2337 1160 3873
2815 768 4095 2535 1196 3876
3071 768 4095 2737 1235 3880
3327 768 4095 2940 1276 3884
3583 768 4095 3145 1320 3889
3839 768 4095 3351 1366 3894
4095 768 4095 3558 1414 3900
0 1024 4095 1030 1173 3898
256 1024 4095 1050 1175 3892
512 1024 4095 1115 1181 3876
768 1024 4095 1211 1190 3863
1024 1024 4095 1327 1199 3864
1280 1024 4095 1468 1211 3865
1536 1024 4095 1626 1227 3867
1792 1024 4095 1797 1246 3869
2048 1024 4095 1978 1268 3871
2303 1024 4095 2164 1293 3874
2559 1024 4095 2357 1321 3877
2815 1024 4095 2554 1352 3881
3071 1024 4095 2753 1385 3885
3327 1024 4095 2955 1422 3889
3583 1024 4095 3159 1460 3894
3839 1024 4095 3364 1501 3899
4095 1024 4095 3570 1545 3904
0 1280 4095 1110 1386 3888
256 1280 4095 1127 1387 3884
512 1280 4095 1183 1391 3874
768 1280 4095 1268 1397 3869
1024 1280 4095 1379 1404 3870
1280 1280 4095 1514 1415 3872
1536 1280 4095 1667 1428 3873
1792 1280 4095 1833 1443 3875
2048 1280 4095 2010 1462 3877
2303 1280 4095 2194 1483 3880
2559 1280 4095 2384 1507 3883
2815 1280 4095 2578 1533 3887
3071 1280 4095 2775 1562 3891
3327 1280 4095 2976 1594 3895
3583 1280 4095 3178 1628 3899
3839 1280 4095 3382 1664 3905
4095 1280 4095 3587 1702 3910
0 1536 4095 1202 1608 3879
256 1536 4095 1215 1609 3878
512 1536 4095 1260 1612 3877
768 1536 4095 1337 1616 3877
1024 1536 4095 1442 1622 3878
1280 1536 4095 1570 1631 3879
1536 1536 4095 1717 1642 3881
1792 1536 4095 1879 1655 3883
2048 1536 4095 2051 1671 3885
2303 1536 4095 2230 1689 3888
2559 1536 4095 2417 1709 3891
2815 1536 4095 2608 1732 3894
3071 1536 4095 2803 1757 3898
3327 1536 4095 3001 1785 3902
3583 1536 4095 3202 1814 3907
3839 1536 4095 3404 1846 3912
4095 1536 4095 3607 1880 3918
0 1792 4095 1292 1837 3886
256 1792 4095 1304 1837 3885
512 1792 4095 1345 1839 3886
768 1792 4095 1415 1843 3886
1024 1792 4095 1514 1849 3887
1280 1792 4095 1636 1856 3888
1536 1792 4095 1776 1865 3890
1792 1792 4095 1932 1877 3892
2048 1792 4095 2099 1890 3894
2303 1792 4095 2274 1906 3897
2559 1792 4095 2457 1923 3900
2815 1792 4095 2645 1943 3904
3071 1792 4095 2837 1965 3907
3327 1792 4095 3032 1989 3912
3583 1792 4095 3231 2015 3916
3839 1792 4095 3431 2043 3921
4095 1792 4095 3633 2073 3927
0 2048 4095 1389 2070 3896
256 2048 4095 1399 2070 3896
512 2048 4095 1437 2072 3897
768 2048 4095 1502 2075 3897
1024 2048 4095 1594 2080 3898
1280 2048 4095 1709 2087 3900
1536 2048 4095 1844 2095 3901
1792 2048 4095 1993 2105 3903
2048 2048 4095 2155 2116 3905
2303 2048 4095 2325 2130 3908
2559 2048 4095 2503 2145 3911
2815 2048 4095 2687 2163 3914
3071 2048 4095 2876 2182 3918
3327 2048 4095 3069 2203 3923
3583 2048 4095 3264 2226 3927
3839 2048 4095 3462 2251 3932
4095 2048 4095 3662 2278 3938
0 2303 4095 1491 2305 3909
256 2303 4095 1501 2306 3909
512 2303 4095 1535 2307 3909
768 2303 4095 1596 2310 3910
1024 2303 4095 1682 2314 3911
1280 2303 4095 1790 2320 3912
1536 2303 4095 1918 2327 3914
1792 2303 4095 2061 2336 3916
2048 2303 4095 2217 2346 3918
2303 2303 4095 2382 2358 3921
2559 2303 4095 2556 2372 3924
2815 2303 4095 2736 2387 3927
3071 2303 4095 2921 2404 3931
3327 2303 4095 3110 2423 3935
3583 2303 4095 3303 2443 3940
3839 2303 4095 3498 2466 3945
4095 2303 4095 3696 2490 3950
0 2559 4095 1599 2544 3923
256 2559 4095 1608 2544 3923
512 2559 4095 1639 2546 3924
768 2559 4095 1696 2548 3924
1024 2559 4095 1776 2552 3925
1280 2559 4095 1878 2557 3927
1536 2559 4095 1999 2563 3928
1792 2559 4095 2136 2571 3930
2048 2559 4095 2286 2580 3932
2303 2559 4095 2446 2591 3935
2559 2559 4095 2614 2603 3938
2815 2559 4095 2790 2617 3941
3071 2559 4095 2971 2632 3945
3327 2559 4095 3157 2649 3949
3583 2559 4095 3347 2667 3954
3839 2559 4095 3539 2687 3959
4095 2559 4095 3734 2709 3964
0 2815 4095 1711 2784 3940
256 2815 4095 1719 2785 3940
512 2815 4095 1748 2786 3940
768 2815 4095 1801 2788 3941
1024 2815 4095 1876 2791 3942
1280 2815 4095 1972 2796 3943
1536 2815 4095 2087 2801 3944
1792 2815 4095 2217 2808 3946
2048 2815 4095 2361 2817 3949
2303 2815 4095 2515 2826 3951
2559 2815 4095 2679 2837 3954
2815 2815 4095 2850 2849 3958
3071 2815 4095 3027 2863 3961
3327 2815 4095 3209 2878 3965
3583 2815 4095 3395 2895 3970
3839 2815 4095 3585 2913 3975
4095 2815 4095 3777 2933 3980
0 3071 4095 1826 3026 3958
256 3071 4095 1834 3026 3958
512 3071 4095 1861 3027 3958
768 3071 4095 1910 3029 3959
1024 3071 4095 1980 3032 3960
1280 3071 4095 2071 3036 3961
1536 3071 4095 2179 3041 3962
1792 3071 4095 2304 3048 3964
2048 3071 4095 2441 3055 3966
2303 3071 4095 2590 3064 3969
2559 3071 4095 2749 3073 3972
2815 3071 4095 2915 3085 3975
3071 3071 4095 3088 3097 3979
3327 3071 4095 3266 3111 3983
3583 3071 4095 3449 3126 3988
3839 3071 4095 3635 3142 3993
4095 3071 4095 3825 3160 3998
0 3327 4095 1944 3268 3977
256 3327 4095 1952 3269 3977
512 3327 4095 1977 3270 3978
768 3327 4095 2022 3271 3978
1024 3327 4095 2088 3274 3979
1280 3327 4095 2173 3278 3981
1536 3327 4095 2276 3282 3982
1792 3327 4095 2395 3288 3984
2048 3327 4095 2527 3295 3986
2303 3327 4095 2670 3303 3989
2559 3327 4095 2823 3312 3992
2815 3327 4095 2985 3322 3995
3071 3327 4095 3154 3333 3999
3327 3327 4095 3328 3346 4003
3583 3327 4095 3507 3359 4007
3839 3327 4095 3690 3374 4012
4095 3327 4095 3876 3391 4018
0 3583 4095 2065 3512 3999
256 3583 4095 2072 3512 3999
512 3583 4095 2095 3513 3999
768 3583 4095 2138 3515 4000
1024 3583 4095 2200 3517 4001
1280 3583 4095 2280 3520 4002
1536 3583 4095 2378 3525 4003
1792 3583 4095 2490 3530 4005
2048 3583 4095 2617 3536 4008
2303 3583 4095 2755 3543 4010
2559 3583 4095 2903 3551 4013
2815 3583 4095 3060 3560 4016
3071 3583 4095 3224 3571 4020
3327 3583 4095 3394 3582 4024
3583 3583 4095 3569 3595 4029
3839 3583 4095 3749 3609 4034
4095 3583 4095 3932 3624 4039
0 3839 4095 2187 3756 4022
256 3839 4095 2193 3756 4022
512 3839 4095 2215 3757 4023
768 3839 4095 2255 3758 4023
1024 3839 4095 2313 3761 4024
1280 3839 4095 2389 3764 4025
1536 3839 4095 2482 3768 4027
1792 3839 4095 2589 3772 4029
2048 3839 4095 2710 3778 4031
2303 3839 4095 2843 3784 4033
2559 3839 4095 2986 3792 4036
2815 3839 4095 3138 3800 4040
3071 3839 4095 3298 3810 4043
3327 3839 4095 3464 3820 4047
3583 3839 4095 3636 3832 4052
3839 3839 4095 3812 3845 4057
4095 3839 4095 3992 3859 4062
0 4095 4095 2307 4001 4047
256 4095 4095 2313 4001 4047
512 4095 4095 2334 4002 4048
768 4095 4095 2372 4003 4048
1024 4095 4095 2427 4005 4049
1280 4095 4095 2499 4008 4050
1536 4095 4095 2587 4011 4052
1792 4095 4095 2690 4016 4054
2048 4095 4095 2806 4021 4056
2303 4095 4095 2933 4027 4058
2559 4095 4095 3071 4034 4061
2815 4095 4095 3219 4042 4065
3071 4095 4095 3374 4051 4068
3327 4095 4095 3537 4060 4072
3583 4095 4095 3705 4071 4077
3839 4095 4095 3878 4082 4081
4095 4095 4095 4056 4095 4087
