0 0 0 0 0 0
256 0 0 240 41 6
512 0 0 483 105 69
768 0 0 725 147 95
1024 0 0 966 180 102
1280 0 0 1204 214 78
1536 0 0 1443 251 59
1792 0 0 1682 292 54
2048 0 0 1921 326 0
2303 0 0 2160 382 71
2559 0 0 2399 426 75
2815 0 0 2637 467 64
3071 0 0 2879 492 0
3327 0 0 3114 550 35
3583 0 0 3352 590 0
3839 0 0 3589 635 0
4095 0 0 3824 680 0
0 256 0 83 253 40
256 256 0 249 254 29
512 256 0 484 261 28
768 256 0 723 273 24
1024 256 0 962 291 17
1280 256 0 1202 312 0
1536 256 0 1442 338 0
1792 256 0 1682 366 0
2048 256 0 1922 396 0
2303 256 0 2161 428 0
2559 256 0 2401 462 0
2815 256 0 2640 501 0
3071 256 0 2880 538 0
3327 256 0 3121 567 0
3583 256 0 3355 621 0
3839 256 0 3600 644 0
4095 256 0 3827 709 0
0 512 0 211 517 156
256 512 0 281 505 71
512 512 0 500 509 71
768 512 0 732 514 64
1024 512 0 969 522 55
1280 512 0 1207 533 53
1536 512 0 1446 547 41
1792 512 0 1685 563 23
2048 512 0 1925 582 0
2303 512 0 2163 602 0
2559 512 0 2403 625 0
2815 512 0 2643 650 0
3071 512 0 2883 675 0
3327 512 0 3123 703 0
3583 512 0 3362 732 0
3839 512 0 3602 762 0
4095 512 0 3820 830 83
0 768 0 263 770 172
256 768 0 327 757 96
512 768 0 524 758 92
768 768 0 748 762 92
1024 768 0 980 767 86
1280 768 0 1216 774 82
1536 768 0 1453 783 78
1792 768 0 1691 793 75
2048 768 0 1930 806 66
2303 768 0 2167 820 59
2559 768 0 2407 836 47
2815 768 0 2646 853 13
3071 768 0 2886 872 0
3327 768 0 3125 893 0
3583 768 0 3365 914 0
3839 768 0 3605 938 0
4095 768 0 3822 990 104
0 1024 0 325 1013 153
256 1024 0 388 1010 133
512 1024 0 561 1011 131
768 1024 0 773 1013 129
1024 1024 0 998 1016 123
1280 1024 0 1230 1021 123
1536 1024 0 1464 1027 115
1792 1024 0 1700 1034 109
2048 1024 0 1937 1044 111
2303 1024 0 2174 1054 100
2559 1024 0 2413 1066 93
2815 1024 0 2651 1079 87
3071 1024 0 2890 1093 79
3327 1024 0 3130 1109 65
3583 1024 0 3369 1126 47
3839 1024 0 3608 1144 0
4095 1024 0 3831 1178 111
0 1280 0 404 1263 173
256 1280 0 451 1260 154
512 1280 0 604 1261 153
768 1280 0 803 1263 152
1024 1280 0 1020 1265 150
1280 1280 0 1247 1269 149
1536 1280 0 1478 1274 145
1792 1280 0 1712 1280 142
2048 1280 0 1948 1287 141
2303 1280 0 2183 1295 135
2559 1280 0 2421 1304 131
2815 1280 0 2659 1314 125
3071 1280 0 2897 1326 120
3327 1280 0 3135 1338 113
3583 1280 0 3374 1352 105
3839 1280 0 3613 1366 95
4095 1280 0 3845 1386 112
0 1536 0 491 1515 210
256 1536 0 522 1512 186
512 1536 0 656 1512 185
768 1536 0 840 1514 185
1024 1536 0 1049 1516 182
1280 1536 0 1269 1519 181
1536 1536 0 1496 1523 179
1792 1536 0 1727 1528 174
2048 1536 0 1961 1534 175
2303 1536 0 2194 1540 169
2559 1536 0 2431 1547 164
2815 1536 0 2667 1556 163
3071 1536 0 2905 1565 157
3327 1536 0 3143 1575 152
3583 1536 0 3381 1586 146
3839 1536 0 3619 1599 141
4095 1536 0 3837 1618 182
0 1792 0 562 1763 223
256 1792 0 597 1763 219
512 1792 0 713 1764 216
768 1792 0 884 1765 216
1024 1792 0 1082 1767 214
1280 1792 0 1296 1769 213
1536 1792 0 1518 1773 210
1792 1792 0 1746 1777 208
2048 1792 0 1976 1781 207
2303 1792 0 2208 1787 201
2559 1792 0 2442 1793 200
2815 1792 0 2678 1800 197
3071 1792 0 2915 1808 191
3327 1792 0 3151 1817 190
3583 1792 0 3389 1826 182
3839 1792 0 3627 1836 177
4095 1792 0 3857 1848 188
0 2048 0 650 2014 260
256 2048 0 670 2014 246
512 2048 0 770 2015 239
768 2048 0 928 2016 238
1024 2048 0 1118 2018 238
1280 2048 0 1325 2020 237
1536 2048 0 1543 2023 236
1792 2048 0 1767 2026 235
2048 2048 0 1994 2030 233
2303 2048 0 2224 2035 231
2559 2048 0 2457 2040 229
2815 2048 0 2691 2046 226
3071 2048 0 2926 2053 224
3327 2048 0 3162 2060 221
3583 2048 0 3399 2069 217
3839 2048 0 3636 2077 213
4095 2048 0 3861 2086 228
0 2303 0 729 2262 291
256 2303 0 747 2264 279
512 2303 0 833 2266 269
768 2303 0 979 2267 268
1024 2303 0 1159 2268 268
1280 2303 0 1359 2270 267
1536 2303 0 1571 2272 267
1792 2303 0 1791 2275 266
2048 2303 0 2016 2279 264
2303 2303 0 2243 2283 263
2559 2303 0 2473 2288 262
2815 2303 0 2706 2293 259
3071 2303 0 2939 2299 258
3327 2303 0 3174 2305 255
3583 2303 0 3410 2312 252
3839 2303 0 3646 2320 250
4095 2303 0 3869 2325 264
0 2559 0 809 2511 323
256 2559 0 825 2514 313
512 2559 0 899 2517 299
768 2559 0 1034 2518 298
1024 2559 0 1205 2519 298
1280 2559 0 1397 2521 297
1536 2559 0 1603 2523 297
1792 2559 0 1818 2526 296
2048 2559 0 2039 2529 294
2303 2559 0 2264 2533 293
2559 2559 0 2492 2537 292
2815 2559 0 2723 2541 290
3071 2559 0 2955 2547 288
3327 2559 0 3188 2552 285
3583 2559 0 3423 2559 284
3839 2559 0 3658 2565 281
4095 2559 0 3870 2564 310
0 2815 0 890 2760 355
256 2815 0 904 2763 346
512 2815 0 967 2769 328
768 2815 0 1093 2770 328
1024 2815 0 1254 2771 328
1280 2815 0 1438 2772 327
1536 2815 0 1638 2774 326
1792 2815 0 1849 2777 326
2048 2815 0 2066 2779 324
2303 2815 0 2287 2783 324
2559 2815 0 2513 2786 322
2815 2815 0 2741 2791 320
3071 2815 0 2972 2795 319
3327 2815 0 3204 2800 317
3583 2815 0 3437 2806 315
3839 2815 0 3671 2812 313
4095 2815 0 3896 2813 324
0 3071 0 969 3008 387
256 3071 0 983 3012 379
512 3071 0 1037 3021 358
768 3071 0 1154 3021 358
1024 3071 0 1306 3022 358
1280 3071 0 1483 3024 357
1536 3071 0 1676 3025 357
1792 3071 0 1882 3028 356
2048 3071 0 2095 3030 355
2303 3071 0 2313 3033 354
2559 3071 0 2536 3036 353
2815 3071 0 2762 3040 351
3071 3071 0 2991 3044 350
3327 3071 0 3221 3049 348
3583 3071 0 3453 3054 346
3839 3071 0 3686 3059 345
4095 3071 0 3888 3045 384
0 3327 0 1049 3256 419
256 3327 0 1062 3260 412
512 3327 0 1108 3272 388
768 3327 0 1217 3273 388
1024 3327 0 1361 3274 388
1280 3327 0 1530 3275 387
1536 3327 0 1717 3277 387
1792 3327 0 1918 3279 386
2048 3327 0 2126 3281 385
2303 3327 0 2341 3284 384
2559 3327 0 2561 3287 383
2815 3327 0 2785 3290 382
3071 3327 0 3011 3294 380
3327 3327 0 3240 3298 378
3583 3327 0 3470 3303 377
3839 3327 0 3702 3308 375
4095 3327 0 3907 3292 410
0 3583 0 1129 3503 450
256 3583 0 1140 3507 444
512 3583 0 1182 3523 420
768 3583 0 1282 3525 418
1024 3583 0 1418 3526 417
1280 3583 0 1580 3527 417
1536 3583 0 1761 3528 417
1792 3583 0 1956 3530 416
2048 3583 0 2160 3532 415
2303 3583 0 2371 3534 414
2559 3583 0 2589 3537 413
2815 3583 0 2810 3540 412
3071 3583 0 3034 3544 411
3327 3583 0 3261 3548 409
3583 3583 0 3489 3552 408
3839 3583 0 3720 3556 406
4095 3583 0 3931 3543 430
0 3839 0 1208 3750 482
256 3839 0 1219 3755 476
512 3839 0 1258 3771 455
768 3839 0 1348 3776 448
1024 3839 0 1477 3777 448
1280 3839 0 1632 3778 447
1536 3839 0 1807 3780 447
1792 3839 0 1997 3781 446
2048 3839 0 2197 3783 445
2303 3839 0 2404 3785 445
2559 3839 0 2618 3788 444
2815 3839 0 2836 3791 442
3071 3839 0 3058 3794 442
3327 3839 0 3283 3798 440
3583 3839 0 3510 3801 439
3839 3839 0 3739 3806 437
4095 3839 0 3913 3752 508
0 4095 0 1288 3997 514
256 4095 0 1298 4001 509
512 4095 0 1338 4013 495
768 4095 0 1430 4008 501
1024 4095 0 1554 4001 510
1280 4095 0 1695 4010 501
1536 4095 0 1861 4012 499
1792 4095 0 2043 4010 502
2048 4095 0 2236 4012 502
2303 4095 0 2438 4028 484
2559 4095 0 2644 4014 502
2815 4095 0 2855 4012 507
3071 4095 0 3072 4015 505
3327 4095 0 3291 4018 504
3583 4095 0 3512 4020 504
3839 4095 0 3743 4034 491
4095 4095 0 3939 4002 530
0 0 256 59 47 246
256 0 256 244 57 246
512 0 256 485 111 252
768 0 256 726 152 259
1024 0 256 965 177 255
1280 0 256 1201 204 244
1536 0 256 1441 244 243
1792 0 256 1681 283 242
2048 0 256 1921 323 240
2303 0 256 2160 363 238
2559 0 256 2400 403 236
2815 0 256 2641 443 234
3071 0 256 2881 483 231
3327 0 256 3121 523 228
3583 0 256 3361 563 224
3839 0 256 3601 603 221
4095 0 256 3833 662 229
0 256 256 94 254 247
256 256 256 253 256 247
512 256 256 466 276 260
768 256 256 694 304 274
1024 256 256 937 325 277
1280 256 256 1180 349 277
1536 256 256 1423 373 273
1792 256 256 1666 399 269
2048 256 256 1908 427 265
2303 256 256 2149 457 261
2559 256 256 2390 488 256
2815 256 256 2631 520 252
3071 256 256 2872 554 248
3327 256 256 3113 588 244
3583 256 256 3354 624 239
3839 256 256 3595 659 235
4095 256 256 3841 679 218
0 512 256 216 518 282
256 512 256 305 500 277
512 512 256 499 507 287
768 512 256 720 519 290
1024 512 256 950 535 292
1280 512 256 1185 552 293
1536 512 256 1421 572 294
1792 512 256 1659 594 294
2048 512 256 1898 618 293
2303 512 256 2136 644 292
2559 512 256 2375 671 291
2815 512 256 2614 700 290
3071 512 256 2855 727 285
3327 512 256 3092 762 286
3583 512 256 3338 783 275
3839 512 256 3577 816 272
4095 512 256 3842 794 223
0 768 256 266 771 290
256 768 256 354 752 295
512 768 256 536 755 299
768 768 256 749 761 299
1024 768 256 974 769 300
1280 768 256 1204 781 300
1536 768 256 1437 794 300
1792 768 256 1672 809 300
2048 768 256 1908 826 299
2303 768 256 2145 845 298
2559 768 256 2382 865 298
2815 768 256 2621 886 296
3071 768 256 2859 910 295
3327 768 256 3097 934 292
3583 768 256 3336 960 290
3839 768 256 3575 988 288
4095 768 256 3842 966 235
0 1024 256 331 1014 284
256 1024 256 414 1004 303
512 1024 256 578 1005 308
768 1024 256 781 1009 308
1024 1024 256 999 1014 308
1280 1024 256 1225 1022 308
1536 1024 256 1455 1031 308
1792 1024 256 1688 1042 308
2048 1024 256 1922 1054 307
2303 1024 256 2156 1068 307
2559 1024 256 2393 1084 305
2815 1024 256 2630 1100 304
3071 1024 256 2867 1119 303
3327 1024 256 3105 1138 301
3583 1024 256 3343 1158 299
3839 1024 256 3581 1180 297
4095 1024 256 3848 1163 242
0 1280 256 397 1259 281
256 1280 256 476 1256 309
512 1280 256 628 1256 320
768 1280 256 818 1259 320
1024 1280 256 1028 1262 320
1280 1280 256 1249 1268 320
1536 1280 256 1476 1274 320
1792 1280 256 1706 1283 319
2048 1280 256 1938 1292 318
2303 1280 256 2170 1303 318
2559 1280 256 2405 1315 316
2815 1280 256 2641 1328 315
3071 1280 256 2877 1343 314
3327 1280 256 3114 1358 312
3583 1280 256 3351 1375 310
3839 1280 256 3589 1393 308
4095 1280 256 3853 1382 256
0 1536 256 479 1512 299
256 1536 256 540 1509 316
512 1536 256 683 1508 333
768 1536 256 859 1509 333
1024 1536 256 1061 1512 333
1280 1536 256 1277 1516 333
1536 1536 256 1499 1521 332
1792 1536 256 1726 1528 332
2048 1536 256 1956 1535 331
2303 1536 256 2187 1544 330
2559 1536 256 2420 1553 330
2815 1536 256 2654 1564 327
3071 1536 256 2889 1576 327
3327 1536 256 3125 1589 325
3583 1536 256 3362 1603 323
3839 1536 256 3598 1618 321
4095 1536 256 3856 1612 276
0 1792 256 555 1763 314
256 1792 256 610 1761 329
512 1792 256 743 1759 349
768 1792 256 906 1761 348
1024 1792 256 1099 1763 348
1280 1792 256 1307 1766 348
1536 1792 256 1525 1770 348
1792 1792 256 1749 1775 347
2048 1792 256 1976 1781 346
2303 1792 256 2205 1788 346
2559 1792 256 2436 1796 345
2815 1792 256 2669 1805 343
3071 1792 256 2903 1815 343
3327 1792 256 3138 1826 341
3583 1792 256 3373 1837 339
3839 1792 256 3609 1850 338
4095 1792 256 3865 1847 292
0 2048 256 633 2014 334
256 2048 256 680 2013 346
512 2048 256 806 2011 371
768 2048 256 957 2012 371
1024 2048 256 1140 2014 370
1280 2048 256 1341 2016 370
1536 2048 256 1554 2020 369
1792 2048 256 1774 2024 369
2048 2048 256 1998 2029 368
2303 2048 256 2225 2035 367
2559 2048 256 2455 2041 366
2815 2048 256 2686 2049 365
3071 2048 256 2919 2057 364
3327 2048 256 3152 2066 363
3583 2048 256 3387 2076 361
3839 2048 256 3622 2087 359
4095 2048 256 3873 2087 313
0 2303 256 711 2265 354
256 2303 256 752 2264 365
512 2303 256 866 2262 388
768 2303 256 1008 2263 389
1024 2303 256 1182 2264 389
1280 2303 256 1376 2266 388
1536 2303 256 1584 2269 388
1792 2303 256 1800 2273 388
2048 2303 256 2022 2277 386
2303 2303 256 2246 2282 386
2559 2303 256 2474 2287 385
2815 2303 256 2704 2293 384
3071 2303 256 2936 2300 384
3327 2303 256 3168 2308 382
3583 2303 256 3402 2317 380
3839 2303 256 3636 2326 380
4095 2303 256 3879 2327 339
0 2559 256 789 2517 376
256 2559 256 826 2516 387
512 2559 256 928 2514 405
768 2559 256 1062 2515 408
1024 2559 256 1227 2516 408
1280 2559 256 1415 2518 408
1536 2559 256 1617 2520 407
1792 2559 256 1829 2523 407
2048 2559 256 2047 2527 406
2303 2559 256 2269 2531 406
2559 2559 256 2495 2536 404
2815 2559 256 2724 2541 403
3071 2559 256 2954 2547 403
3327 2559 256 3185 2553 401
3583 2559 256 3418 2561 400
3839 2559 256 3652 2569 398
4095 2559 256 3885 2570 368
0 2815 256 868 2768 399
256 2815 256 901 2768 409
512 2815 256 992 2766 424
768 2815 256 1119 2767 429
1024 2815 256 1275 2768 429
1280 2815 256 1456 2769 429
1536 2815 256 1653 2772 428
1792 2815 256 1860 2774 428
2048 2815 256 2075 2777 427
2303 2815 256 2294 2781 426
2559 2815 256 2518 2785 425
2815 2815 256 2744 2789 424
3071 2815 256 2973 2795 423
3327 2815 256 3203 2800 422
3583 2815 256 3435 2807 420
3839 2815 256 3668 2814 419
4095 2815 256 3905 2818 384
0 3071 256 946 3020 423
256 3071 256 975 3020 431
512 3071 256 1058 3019 445
768 3071 256 1178 3019 451
1024 3071 256 1327 3020 451
1280 3071 256 1500 3021 451
1536 3071 256 1691 3023 450
1792 3071 256 1894 3025 450
2048 3071 256 2105 3028 449
2303 3071 256 2321 3031 449
2559 3071 256 2542 3035 448
2815 3071 256 2766 3039 447
3071 3071 256 2993 3043 446
3327 3071 256 3222 3048 444
3583 3071 256 3453 3054 443
3839 3071 256 3684 3060 442
4095 3071 256 3901 3053 430
0 3327 256 1025 3272 448
256 3327 256 1049 3272 453
512 3327 256 1126 3271 466
768 3327 256 1240 3270 474
1024 3327 256 1381 3271 474
1280 3327 256 1547 3273 474
1536 3327 256 1732 3274 473
1792 3327 256 1930 3276 473
2048 3327 256 2137 3279 472
2303 3327 256 2349 3282 472
2559 3327 256 2568 3285 471
2815 3327 256 2790 3289 470
3071 3327 256 3015 3293 469
3327 3327 256 3242 3297 467
3583 3327 256 3471 3302 466
3839 3327 256 3702 3308 465
4095 3327 256 3913 3296 459
0 3583 256 1104 3523 474
256 3583 256 1124 3524 476
512 3583 256 1194 3523 488
768 3583 256 1304 3522 498
1024 3583 256 1437 3523 498
1280 3583 256 1597 3524 498
1536 3583 256 1776 3526 497
1792 3583 256 1968 3528 497
2048 3583 256 2171 3530 496
2303 3583 256 2380 3532 496
2559 3583 256 2596 3535 495
2815 3583 256 2815 3539 494
3071 3583 256 3038 3542 493
3327 3583 256 3264 3547 492
3583 3583 256 3492 3551 490
3839 3583 256 3721 3556 489
4095 3583 256 3934 3545 482
0 3839 256 1186 3772 504
256 3839 256 1198 3776 499
512 3839 256 1264 3775 510
768 3839 256 1369 3774 523
1024 3839 256 1496 3775 522
1280 3839 256 1649 3776 522
1536 3839 256 1821 3777 522
1792 3839 256 2009 3779 521
2048 3839 256 2207 3781 521
2303 3839 256 2413 3783 520
2559 3839 256 2625 3786 519
2815 3839 256 2843 3789 518
3071 3839 256 3063 3793 518
3327 3839 256 3287 3796 516
3583 3839 256 3513 3800 515
3839 3839 256 3741 3805 514
4095 3839 256 3915 3754 550
0 4095 256 1269 4018 535
256 4095 256 1284 4018 536
512 4095 256 1336 4016 537
768 4095 256 1427 4014 541
1024 4095 256 1551 4008 547
1280 4095 256 1690 4022 532
1536 4095 256 1860 4017 539
1792 4095 256 2042 4019 538
2048 4095 256 2236 4017 541
2303 4095 256 2438 4032 527
2559 4095 256 2646 4025 536
2815 4095 256 2858 4019 544
3071 4095 256 3075 4022 543
3327 4095 256 3295 4025 542
3583 4095 256 3516 4027 542
3839 4095 256 3750 4043 528
4095 4095 256 3940 4003 571
0 0 512 194 186 510
256 0 512 258 95 488
512 0 512 491 130 494
768 0 512 730 160 496
1024 0 512 964 178 491
1280 0 512 1203 215 491
1536 0 512 1442 254 491
1792 0 512 1682 291 490
2048 0 512 1922 330 489
2303 0 512 2161 369 489
2559 0 512 2401 408 488
2815 0 512 2641 448 487
3071 0 512 2881 487 486
3327 0 512 3121 527 484
3583 0 512 3361 567 483
3839 0 512 3601 606 481
4095 0 512 3840 649 480
0 256 512 205 303 510
256 256 512 271 268 464
512 256 512 474 287 471
768 256 512 700 312 486
1024 256 512 939 333 495
1280 256 512 1182 355 499
1536 256 512 1425 378 499
1792 256 512 1667 404 499
2048 256 512 1909 431 498
2303 256 512 2150 461 497
2559 256 512 2391 492 495
2815 256 512 2632 524 494
3071 256 512 2873 557 492
3327 256 512 3114 592 490
3583 256 512 3355 627 489
3839 256 512 3595 662 487
4095 256 512 3841 683 481
0 512 512 292 547 536
256 512 512 307 507 492
512 512 512 507 512 494
768 512 512 737 518 494
1024 512 512 927 555 517
1280 512 512 1149 585 529
1536 512 512 1387 610 532
1792 512 512 1629 632 531
2048 512 512 1873 653 529
2303 512 512 2116 675 526
2559 512 512 2360 697 523
2815 512 512 2604 721 519
3071 512 512 2847 745 516
3327 512 512 3089 771 513
3583 512 512 3332 797 509
3839 512 512 3574 825 506
4095 512 512 3843 796 482
0 768 512 300 786 526
256 768 512 359 756 504
512 768 512 554 754 519
768 768 512 753 762 529
1024 768 512 960 777 542
1280 768 512 1173 799 554
1536 768 512 1392 825 563
1792 768 512 1615 854 571
2048 768 512 1843 884 578
2303 768 512 2078 910 577
2559 768 512 2321 933 572
2815 768 512 2564 955 566
3071 768 512 2808 976 560
3327 768 512 3052 998 554
3583 768 512 3296 1020 548
3839 768 512 3540 1043 543
4095 768 512 3845 965 486
0 1024 512 391 1040 540
256 1024 512 411 1007 509
512 1024 512 621 998 553
768 1024 512 806 1003 564
1024 1024 512 1004 1013 569
1280 1024 512 1213 1027 575
1536 1024 512 1428 1044 580
1792 1024 512 1649 1065 585
2048 1024 512 1873 1087 589
2303 1024 512 2099 1112 593
2559 1024 512 2328 1138 596
2815 1024 512 2558 1166 600
3071 1024 512 2790 1196 602
3327 1024 512 3023 1226 605
3583 1024 512 3260 1254 603
3839 1024 512 3511 1267 588
4095 1024 512 3848 1166 491
0 1280 512 428 1268 521
256 1280 512 477 1258 518
512 1280 512 671 1250 562
768 1280 512 861 1249 588
1024 1280 512 1051 1256 590
1280 1280 512 1255 1265 593
1536 1280 512 1467 1278 596
1792 1280 512 1684 1292 599
2048 1280 512 1906 1309 602
2303 1280 512 2129 1328 605
2559 1280 512 2356 1349 607
2815 1280 512 2584 1371 610
3071 1280 512 2814 1395 612
3327 1280 512 3045 1420 614
3583 1280 512 3276 1447 616
3839 1280 512 3518 1465 607
4095 1280 512 3852 1384 497
0 1536 512 508 1518 531
256 1536 512 538 1511 522
512 1536 512 720 1503 567
768 1536 512 916 1498 606
1024 1536 512 1099 1503 607
1280 1536 512 1297 1510 609
1536 1536 512 1506 1518 611
1792 1536 512 1720 1529 613
2048 1536 512 1939 1542 615
2303 1536 512 2161 1556 616
2559 1536 512 2385 1573 619
2815 1536 512 2612 1590 620
3071 1536 512 2840 1610 622
3327 1536 512 3069 1630 624
3583 1536 512 3300 1652 626
3839 1536 512 3531 1675 627
4095 1536 512 3858 1613 505
0 1792 512 573 1765 533
256 1792 512 610 1762 533
512 1792 512 773 1756 572
768 1792 512 971 1749 620
1024 1792 512 1146 1753 622
1280 1792 512 1339 1757 623
1536 1792 512 1544 1764 624
1792 1792 512 1756 1772 625
2048 1792 512 1973 1781 626
2303 1792 512 2192 1793 628
2559 1792 512 2416 1805 629
2815 1792 512 2641 1819 631
3071 1792 512 2868 1835 632
3327 1792 512 3096 1852 634
3583 1792 512 3326 1870 635
3839 1792 512 3556 1889 636
4095 1792 512 3865 1849 515
0 2048 512 645 2015 540
256 2048 512 682 2014 543
512 2048 512 829 2008 580
768 2048 512 1022 2002 630
1024 2048 512 1193 2003 634
1280 2048 512 1381 2007 635
1536 2048 512 1581 2012 636
1792 2048 512 1791 2018 636
2048 2048 512 2005 2026 637
2303 2048 512 2224 2034 638
2559 2048 512 2446 2044 639
2815 2048 512 2670 2055 639
3071 2048 512 2896 2068 640
3327 2048 512 3124 2082 642
3583 2048 512 3353 2096 642
3839 2048 512 3582 2112 644
4095 2048 512 3874 2088 525
0 2303 512 722 2265 553
256 2303 512 754 2265 554
512 2303 512 889 2260 589
768 2303 512 1073 2253 638
1024 2303 512 1239 2254 645
1280 2303 512 1421 2257 645
1536 2303 512 1618 2261 645
1792 2303 512 1824 2266 645
2048 2303 512 2037 2272 646
2303 2303 512 2254 2278 647
2559 2303 512 2474 2286 647
2815 2303 512 2698 2295 647
3071 2303 512 2923 2306 648
3327 2303 512 3150 2317 649
3583 2303 512 3379 2329 649
3839 2303 512 3608 2342 650
4095 2303 512 3883 2330 539
0 2559 512 797 2516 564
256 2559 512 828 2516 568
512 2559 512 950 2512 599
768 2559 512 1126 2506 647
1024 2559 512 1287 2506 655
1280 2559 512 1463 2509 656
1536 2559 512 1655 2512 656
1792 2559 512 1858 2516 656
2048 2559 512 2068 2520 656
2303 2559 512 2283 2526 656
2559 2559 512 2502 2533 656
2815 2559 512 2725 2540 656
3071 2559 512 2949 2548 657
3327 2559 512 3176 2557 656
3583 2559 512 3404 2567 657
3839 2559 512 3633 2578 657
4095 2559 512 3894 2574 554
0 2815 512 875 2768 578
256 2815 512 903 2768 582
512 2815 512 1015 2765 612
768 2815 512 1180 2759 657
1024 2815 512 1336 2759 667
1280 2815 512 1506 2761 667
1536 2815 512 1694 2763 667
1792 2815 512 1893 2767 667
2048 2815 512 2100 2770 667
2303 2815 512 2313 2775 667
2559 2815 512 2530 2780 667
2815 2815 512 2751 2787 667
3071 2815 512 2975 2793 667
3327 2815 512 3200 2801 667
3583 2815 512 3428 2809 666
3839 2815 512 3656 2818 666
4095 2815 512 3906 2819 568
0 3071 512 952 3019 593
256 3071 512 978 3020 598
512 3071 512 1081 3017 626
768 3071 512 1237 3012 668
1024 3071 512 1388 3011 680
1280 3071 512 1552 3013 680
1536 3071 512 1734 3015 680
1792 3071 512 1929 3018 680
2048 3071 512 2133 3021 680
2303 3071 512 2343 3025 680
2559 3071 512 2559 3029 679
2815 3071 512 2778 3035 679
3071 3071 512 3000 3041 679
3327 3071 512 3225 3047 678
3583 3071 512 3451 3054 678
3839 3071 512 3679 3062 678
4095 3071 512 3920 3066 583
0 3327 512 1029 3271 609
256 3327 512 1055 3272 615
512 3327 512 1149 3269 640
768 3327 512 1295 3264 680
1024 3327 512 1441 3263 694
1280 3327 512 1599 3265 694
1536 3327 512 1776 3267 694
1792 3327 512 1967 3269 693
2048 3327 512 2167 3272 693
2303 3327 512 2374 3275 693
2559 3327 512 2588 3279 693
2815 3327 512 2805 3284 692
3071 3327 512 3026 3289 692
3327 3327 512 3249 3295 691
3583 3327 512 3474 3301 691
3839 3327 512 3701 3308 690
4095 3327 512 3927 3307 606
0 3583 512 1107 3523 627
256 3583 512 1131 3524 632
512 3583 512 1218 3521 656
768 3583 512 1355 3517 693
1024 3583 512 1497 3516 709
1280 3583 512 1648 3517 709
1536 3583 512 1820 3519 709
1792 3583 512 2006 3521 708
2048 3583 512 2203 3523 708
2303 3583 512 2407 3526 708
2559 3583 512 2618 3530 707
2815 3583 512 2833 3534 707
3071 3583 512 3052 3538 707
3327 3583 512 3274 3543 706
3583 3583 512 3498 3549 706
3839 3583 512 3724 3555 705
4095 3583 512 3940 3551 627
0 3839 512 1186 3775 646
256 3839 512 1207 3775 651
512 3839 512 1289 3773 674
768 3839 512 1417 3769 708
1024 3839 512 1554 3768 725
1280 3839 512 1700 3769 725
1536 3839 512 1866 3771 724
1792 3839 512 2048 3772 724
2048 3839 512 2240 3775 724
2303 3839 512 2441 3777 724
2559 3839 512 2649 3780 723
2815 3839 512 2862 3784 723
3071 3839 512 3079 3788 722
3327 3839 512 3299 3792 722
3583 3839 512 3522 3797 721
3839 3839 512 3747 3803 721
4095 3839 512 3929 3768 673
0 4095 512 1271 4018 672
256 4095 512 1286 4019 672
512 4095 512 1335 4021 670
768 4095 512 1422 4023 669
1024 4095 512 1544 4022 670
1280 4095 512 1689 4030 664
1536 4095 512 1858 4029 665
1792 4095 512 2042 4030 665
2048 4095 512 2237 4030 666
2303 4095 512 2442 4036 666
2559 4095 512 2650 4038 663
2815 4095 512 2863 4033 668
3071 4095 512 3081 4035 668
3327 4095 512 3302 4038 668
3583 4095 512 3526 4041 667
3839 4095 512 3760 4055 657
4095 4095 512 3948 4013 693
0 0 768 199 186 748
256 0 768 285 132 735
512 0 768 507 174 743
768 0 768 740 190 744
1024 0 768 969 201 737
1280 0 768 1207 232 737
1536 0 768 1446 267 737
1792 0 768 1685 303 737
2048 0 768 1925 340 736
2303 0 768 2163 378 736
2559 0 768 2403 416 735
2815 0 768 2643 455 734
3071 0 768 2883 494 734
3327 0 768 3123 533 733
3583 0 768 3363 572 732
3839 0 768 3603 611 731
4095 0 768 3837 664 733
0 256 768 216 308 751
256 256 768 309 283 698
512 256 768 496 304 688
768 256 768 712 325 711
1024 256 768 947 344 727
1280 256 768 1188 365 735
1536 256 768 1429 387 739
1792 256 768 1670 412 741
2048 256 768 1912 439 741
2303 256 768 2152 468 741
2559 256 768 2393 499 741
2815 256 768 2634 530 740
3071 256 768 2874 563 739
3327 256 768 3115 597 738
3583 256 768 3356 631 737
3839 256 768 3596 667 736
4095 256 768 3839 695 733
0 512 768 270 542 762
256 512 768 337 514 720
512 512 768 519 519 733
768 512 768 739 528 732
1024 512 768 930 566 726
1280 512 768 1154 593 741
1536 512 768 1390 616 752
1792 512 768 1632 638 758
2048 512 768 1875 659 760
2303 512 768 2118 680 761
2559 512 768 2361 702 761
2815 512 768 2605 725 760
3071 512 768 2848 750 758
3327 512 768 3090 775 757
3583 512 768 3333 801 755
3839 512 768 3575 829 753
4095 512 768 3844 798 732
0 768 768 305 776 754
256 768 768 380 760 737
512 768 768 572 758 733
768 768 768 760 768 741
1024 768 768 989 773 741
1280 768 768 1207 789 748
1536 768 768 1390 832 775
1792 768 768 1608 864 789
2048 768 768 1841 891 795
2303 768 768 2079 915 798
2559 768 768 2321 937 798
2815 768 768 2564 959 796
3071 768 768 2808 980 794
3327 768 768 3052 1002 791
3583 768 768 3297 1024 787
3839 768 768 3540 1046 784
4095 768 768 3846 967 734
0 1024 768 380 1027 761
256 1024 768 425 1010 746
512 1024 768 626 1003 762
768 1024 768 783 1016 744
1024 1024 768 1006 1020 743
1280 1024 768 1236 1025 743
1536 1024 768 1447 1041 770
1792 1024 768 1653 1067 795
2048 1024 768 1856 1101 821
2303 1024 768 2069 1136 838
2559 1024 768 2296 1165 844
2815 1024 768 2532 1191 845
3071 1024 768 2771 1215 843
3327 1024 768 3013 1238 839
3583 1024 768 3256 1260 835
3839 1024 768 3511 1270 821
4095 1024 768 3849 1168 737
0 1280 768 439 1270 758
256 1280 768 486 1261 753
512 1280 768 674 1253 778
768 1280 768 873 1250 806
1024 1280 768 1051 1260 797
1280 1280 768 1255 1268 810
1536 1280 768 1462 1282 823
1792 1280 768 1672 1300 837
2048 1280 768 1884 1322 850
2303 1280 768 2098 1347 862
2559 1280 768 2315 1376 873
2815 1280 768 2535 1406 884
3071 1280 768 2757 1438 893
3327 1280 768 2988 1467 895
3583 1280 768 3226 1491 891
3839 1280 768 3517 1469 837
4095 1280 768 3854 1386 741
0 1536 768 507 1517 759
256 1536 768 551 1512 758
512 1536 768 723 1505 787
768 1536 768 930 1498 828
1024 1536 768 1116 1500 846
1280 1536 768 1307 1508 852
1536 1536 768 1506 1519 860
1792 1536 768 1712 1533 868
2048 1536 768 1922 1550 876
2303 1536 768 2135 1569 884
2559 1536 768 2351 1591 892
2815 1536 768 2570 1616 900
3071 1536 768 2791 1642 908
3327 1536 768 3013 1670 915
3583 1536 768 3240 1697 919
3839 1536 768 3525 1682 857
4095 1536 768 3859 1615 746
0 1792 768 580 1766 764
256 1792 768 618 1764 764
512 1792 768 775 1758 792
768 1792 768 980 1749 838
1024 1792 768 1180 1745 878
1280 1792 768 1362 1752 882
1536 1792 768 1556 1760 886
1792 1792 768 1758 1771 891
2048 1792 768 1965 1784 896
2303 1792 768 2176 1799 902
2559 1792 768 2391 1816 908
2815 1792 768 2609 1836 914
3071 1792 768 2828 1857 920
3327 1792 768 3050 1880 925
3583 1792 768 3273 1904 931
3839 1792 768 3534 1905 885
4095 1792 768 3866 1850 752
0 2048 768 651 2016 768
256 2048 768 690 2015 772
512 2048 768 833 2010 799
768 2048 768 1029 2002 844
1024 2048 768 1237 1995 895
1280 2048 768 1416 1999 903
1536 2048 768 1605 2005 906
1792 2048 768 1804 2014 909
2048 2048 768 2009 2024 912
2303 2048 768 2218 2036 916
2559 2048 768 2432 2049 920
2815 2048 768 2648 2065 924
3071 2048 768 2867 2082 928
3327 2048 768 3088 2100 933
3583 2048 768 3310 2120 938
3839 2048 768 3546 2135 921
4095 2048 768 3875 2089 759
0 2303 768 728 2266 776
256 2303 768 761 2266 779
512 2303 768 891 2261 805
768 2303 768 1078 2254 849
1024 2303 768 1287 2246 904
1280 2303 768 1467 2247 918
1536 2303 768 1652 2252 920
1792 2303 768 1847 2259 921
2048 2303 768 2051 2267 924
2303 2303 768 2258 2276 926
2559 2303 768 2471 2287 929
2815 2303 768 2687 2299 932
3071 2303 768 2905 2313 935
3327 2303 768 3125 2328 938
3583 2303 768 3347 2344 941
3839 2303 768 3571 2362 944
4095 2303 768 3884 2331 768
0 2559 768 803 2517 784
256 2559 768 834 2517 787
512 2559 768 953 2513 812
768 2559 768 1131 2507 855
1024 2559 768 1336 2498 910
1280 2559 768 1518 2498 930
1536 2559 768 1698 2502 931
1792 2559 768 1890 2507 932
2048 2559 768 2091 2513 934
2303 2559 768 2297 2521 935
2559 2559 768 2508 2530 937
2815 2559 768 2723 2540 939
3071 2559 768 2941 2551 941
3327 2559 768 3161 2563 943
3583 2559 768 3382 2576 945
3839 2559 768 3606 2591 948
4095 2559 768 3895 2575 778
0 2815 768 879 2769 793
256 2815 768 909 2769 797
512 2815 768 1018 2765 821
768 2815 768 1186 2759 861
1024 2815 768 1386 2751 916
1280 2815 768 1568 2749 941
1536 2815 768 1743 2753 942
1792 2815 768 1932 2757 942
2048 2815 768 2130 2762 943
2303 2815 768 2334 2768 944
2559 2815 768 2544 2775 945
2815 2815 768 2758 2783 946
3071 2815 768 2975 2793 948
3327 2815 768 3194 2803 949
3583 2815 768 3415 2814 951
3839 2815 768 3638 2826 952
4095 2815 768 3907 2820 790
0 3071 768 957 3020 804
256 3071 768 983 3021 808
512 3071 768 1084 3018 830
768 3071 768 1243 3012 869
1024 3071 768 1436 3004 922
1280 3071 768 1618 3001 951
1536 3071 768 1789 3004 952
1792 3071 768 1974 3008 952
2048 3071 768 2169 3012 953
2303 3071 768 2371 3017 953
2559 3071 768 2579 3023 954
2815 3071 768 2791 3030 955
3071 3071 768 3007 3037 956
3327 3071 768 3226 3046 956
3583 3071 768 3446 3055 957
3839 3071 768 3669 3065 959
4095 3071 768 3920 3067 803
0 3327 768 1034 3272 815
256 3327 768 1059 3272 820
512 3327 768 1152 3269 841
768 3327 768 1302 3264 878
1024 3327 768 1488 3257 929
1280 3327 768 1669 3254 962
1536 3327 768 1835 3256 962
1792 3327 768 2016 3259 962
2048 3327 768 2208 3262 962
2303 3327 768 2407 3267 963
2559 3327 768 2614 3272 963
2815 3327 768 2824 3278 963
3071 3327 768 3039 3284 964
3327 3327 768 3256 3291 964
3583 3327 768 3476 3299 965
3839 3327 768 3698 3308 966
4095 3327 768 3936 3314 810
0 3583 768 1112 3523 828
256 3583 768 1135 3524 832
512 3583 768 1222 3521 852
768 3583 768 1363 3517 888
1024 3583 768 1542 3510 937
1280 3583 768 1720 3506 972
1536 3583 768 1882 3508 972
1792 3583 768 2059 3511 972
2048 3583 768 2248 3514 972
2303 3583 768 2444 3517 973
2559 3583 768 2648 3522 973
2815 3583 768 2857 3527 973
3071 3583 768 3070 3532 973
3327 3583 768 3286 3538 973
3583 3583 768 3505 3545 974
3839 3583 768 3726 3553 974
4095 3583 768 3950 3560 822
0 3839 768 1190 3776 841
256 3839 768 1212 3776 846
512 3839 768 1292 3773 865
768 3839 768 1425 3769 899
1024 3839 768 1597 3763 946
1280 3839 768 1772 3759 982
1536 3839 768 1930 3760 983
1792 3839 768 2103 3762 983
2048 3839 768 2288 3765 983
2303 3839 768 2482 3768 983
2559 3839 768 2683 3772 983
2815 3839 768 2890 3776 984
3071 3839 768 3102 3781 984
3327 3839 768 3316 3787 983
3583 3839 768 3534 3793 984
3839 3839 768 3754 3799 984
4095 3839 768 3961 3802 841
0 4095 768 1278 4016 863
256 4095 768 1292 4016 863
512 4095 768 1340 4019 861
768 4095 768 1426 4023 859
1024 4095 768 1544 4028 856
1280 4095 768 1692 4031 855
1536 4095 768 1862 4032 857
1792 4095 768 2044 4033 856
2048 4095 768 2241 4035 857
2303 4095 768 2443 4037 857
2559 4095 768 2653 4039 855
2815 4095 768 2867 4041 853
3071 4095 768 3086 4044 852
3327 4095 768 3308 4047 852
3583 4095 768 3532 4050 852
3839 4095 768 3762 4056 858
4095 4095 768 3982 4052 854
0 0 1024 251 220 994
256 0 1024 324 189 987
512 0 1024 528 205 989
768 0 1024 744 203 983
1024 0 1024 976 230 982
1280 0 1024 1213 256 983
1536 0 1024 1450 289 983
1792 0 1024 1689 322 983
2048 0 1024 1928 356 982
2303 0 1024 2166 393 982
2559 0 1024 2405 429 982
2815 0 1024 2645 466 981
3071 0 1024 2885 504 981
3327 0 1024 3124 542 980
3583 0 1024 3364 581 980
3839 0 1024 3604 620 979
4095 0 1024 3830 689 984
0 256 1024 251 313 990
256 256 1024 343 303 947
512 256 1024 524 326 917
768 256 1024 731 342 942
1024 256 1024 959 360 960
1280 256 1024 1196 379 972
1536 256 1024 1435 401 978
1792 256 1024 1674 426 982
2048 256 1024 1915 451 984
2303 256 1024 2155 479 985
2559 256 1024 2395 509 985
2815 256 1024 2636 540 985
3071 256 1024 2876 572 985
3327 256 1024 3117 605 984
3583 256 1024 3357 639 984
3839 256 1024 3598 674 983
4095 256 1024 3834 713 983
0 512 1024 325 554 1006
256 512 1024 360 525 969
512 512 1024 553 536 910
768 512 1024 742 550 933
1024 512 1024 942 579 935
1280 512 1024 1164 604 956
1536 512 1024 1398 625 972
1792 512 1024 1637 646 984
2048 512 1024 1879 666 991
2303 512 1024 2121 687 995
2559 512 1024 2364 709 997
2815 512 1024 2607 732 998
3071 512 1024 2850 756 999
3327 512 1024 3092 781 998
3583 512 1024 3334 807 998
3839 512 1024 3576 834 997
4095 512 1024 3845 807 980
0 768 1024 348 785 999
256 768 1024 398 767 978
512 768 1024 595 767 944
768 768 1024 771 774 986
1024 768 1024 997 779 986
1280 768 1024 1197 806 976
1536 768 1024 1393 843 985
1792 768 1024 1612 872 999
2048 768 1024 1844 898 1010
2303 768 1024 2082 921 1018
2559 768 1024 2323 943 1022
2815 768 1024 2566 964 1024
3071 768 1024 2810 985 1025
3327 768 1024 3054 1006 1025
3583 768 1024 3298 1028 1024
3839 768 1024 3542 1051 1023
4095 768 1024 3847 973 981
0 1024 1024 442 1048 1017
256 1024 1024 436 1018 989
512 1024 1024 637 1010 978
768 1024 1024 810 1016 983
1024 1024 1024 1014 1024 988
1280 1024 1024 1242 1029 987
1536 1024 1024 1474 1035 987
1792 1024 1024 1662 1069 1009
2048 1024 1024 1854 1110 1034
2303 1024 1024 2069 1142 1048
2559 1024 1024 2297 1171 1057
2815 1024 1024 2533 1196 1062
3071 1024 1024 2772 1220 1064
3327 1024 1024 3014 1242 1064
3583 1024 1024 3257 1264 1062
3839 1024 1024 3514 1271 1051
4095 1024 1024 3850 1172 984
0 1280 1024 477 1279 1006
256 1280 1024 500 1265 992
512 1280 1024 686 1258 1000
768 1280 1024 882 1254 1013
1024 1280 1024 1036 1272 990
1280 1280 1024 1259 1276 990
1536 1280 1024 1488 1281 990
1792 1280 1024 1720 1287 990
2048 1280 1024 1955 1294 990
2303 1280 1024 2129 1336 1043
2559 1280 1024 2318 1379 1079
2815 1280 1024 2530 1413 1097
3071 1280 1024 2755 1444 1106
3327 1280 1024 2987 1471 1110
3583 1280 1024 3224 1496 1110
3839 1280 1024 3518 1471 1065
4095 1280 1024 3855 1389 986
0 1536 1024 547 1525 1009
256 1536 1024 557 1516 995
512 1536 1024 732 1509 1013
768 1536 1024 939 1501 1040
1024 1536 1024 1113 1506 1044
1280 1536 1024 1281 1524 994
1536 1536 1024 1506 1527 1009
1792 1536 1024 1725 1535 1031
2048 1536 1024 1938 1549 1051
2303 1536 1024 2149 1568 1071
2559 1536 1024 2360 1591 1089
2815 1536 1024 2572 1618 1107
3071 1536 1024 2784 1649 1124
3327 1536 1024 2994 1685 1146
3583 1536 1024 3236 1703 1136
3839 1536 1024 3526 1684 1082
4095 1536 1024 3860 1618 990
0 1792 1024 618 1771 1013
256 1792 1024 623 1767 999
512 1792 1024 783 1760 1021
768 1792 1024 989 1752 1056
1024 1792 1024 1185 1748 1085
1280 1792 1024 1353 1758 1072
1536 1792 1024 1553 1765 1083
1792 1792 1024 1757 1775 1095
2048 1792 1024 1964 1788 1107
2303 1792 1024 2171 1804 1120
2559 1792 1024 2382 1823 1132
2815 1792 1024 2594 1845 1145
3071 1792 1024 2809 1870 1157
3327 1792 1024 3024 1896 1169
3583 1792 1024 3253 1918 1167
3839 1792 1024 3536 1907 1105
4095 1792 1024 3867 1852 995
0 2048 1024 673 2018 1009
256 2048 1024 698 2017 1007
512 2048 1024 842 2012 1029
768 2048 1024 1038 2003 1066
1024 2048 1024 1241 1997 1105
1280 2048 1024 1428 1998 1126
1536 2048 1024 1613 2005 1131
1792 2048 1024 1808 2014 1139
2048 2048 1024 2008 2025 1147
2303 2048 1024 2213 2039 1155
2559 2048 1024 2421 2055 1164
2815 2048 1024 2632 2073 1173
3071 2048 1024 2845 2093 1182
3327 2048 1024 3060 2115 1191
3583 2048 1024 3277 2139 1200
3839 2048 1024 3547 2136 1135
4095 2048 1024 3876 2091 1000
0 2303 1024 754 2265 1018
256 2303 1024 764 2268 1010
512 2303 1024 896 2263 1033
768 2303 1024 1086 2255 1071
1024 2303 1024 1291 2247 1116
1280 2303 1024 1491 2243 1156
1536 2303 1024 1673 2248 1165
1792 2303 1024 1861 2255 1170
2048 2303 1024 2058 2265 1175
2303 2303 1024 2259 2276 1181
2559 2303 1024 2465 2289 1187
2815 2303 1024 2675 2304 1193
3071 2303 1024 2887 2321 1200
3327 2303 1024 3101 2339 1207
3583 2303 1024 3317 2359 1214
3839 2303 1024 3561 2369 1174
4095 2303 1024 3885 2332 1006
0 2559 1024 823 2516 1021
256 2559 1024 839 2519 1018
512 2559 1024 960 2515 1039
768 2559 1024 1139 2508 1077
1024 2559 1024 1340 2500 1123
1280 2559 1024 1546 2493 1171
1536 2559 1024 1731 2495 1189
1792 2559 1024 1915 2501 1192
2048 2559 1024 2107 2509 1196
2303 2559 1024 2306 2518 1200
2559 2559 1024 2510 2529 1204
2815 2559 1024 2718 2541 1209
3071 2559 1024 2930 2555 1214
3327 2559 1024 3143 2570 1219
3583 2559 1024 3359 2587 1224
3839 2559 1024 3580 2603 1223
4095 2559 1024 3896 2576 1014
0 2815 1024 896 2767 1027
256 2815 1024 914 2771 1026
512 2815 1024 1024 2767 1046
768 2815 1024 1193 2760 1082
1024 2815 1024 1390 2752 1129
1280 2815 1024 1597 2745 1180
1536 2815 1024 1786 2743 1208
1792 2815 1024 1966 2749 1210
2048 2815 1024 2156 2755 1212
2303 2815 1024 2352 2763 1215
2559 2815 1024 2554 2771 1218
2815 2815 1024 2761 2782 1221
3071 2815 1024 2971 2793 1225
3327 2815 1024 3184 2806 1228
3583 2815 1024 3400 2820 1232
3839 2815 1024 3617 2835 1236
4095 2815 1024 3908 2822 1022
0 3071 1024 973 3017 1035
256 3071 1024 987 3022 1033
512 3071 1024 1089 3019 1053
768 3071 1024 1249 3013 1088
1024 3071 1024 1441 3005 1134
1280 3071 1024 1647 2997 1187
1536 3071 1024 1841 2994 1223
1792 3071 1024 2016 2998 1224
2048 3071 1024 2203 3003 1226
2303 3071 1024 2396 3010 1228
2559 3071 1024 2597 3017 1230
2815 3071 1024 2802 3025 1232
3071 3071 1024 3011 3035 1235
3327 3071 1024 3224 3046 1237
3583 3071 1024 3438 3057 1240
3839 3071 1024 3655 3070 1243
4095 3071 1024 3921 3068 1034
0 3327 1024 1046 3270 1042
256 3327 1024 1064 3274 1043
512 3327 1024 1157 3271 1061
768 3327 1024 1307 3265 1094
1024 3327 1024 1493 3258 1139
1280 3327 1024 1696 3250 1192
1536 3327 1024 1894 3245 1236
1792 3327 1024 2066 3248 1237
2048 3327 1024 2249 3253 1238
2303 3327 1024 2440 3258 1239
2559 3327 1024 2639 3264 1241
2815 3327 1024 2842 3271 1242
3071 3327 1024 3050 3280 1244
3327 3327 1024 3261 3289 1246
3583 3327 1024 3475 3299 1248
3839 3327 1024 3692 3309 1250
4095 3327 1024 3936 3316 1047
0 3583 1024 1123 3520 1052
256 3583 1024 1139 3525 1052
512 3583 1024 1226 3523 1069
768 3583 1024 1368 3517 1101
1024 3583 1024 1546 3511 1145
1280 3583 1024 1745 3503 1198
1536 3583 1024 1944 3497 1245
1792 3583 1024 2114 3499 1248
2048 3583 1024 2294 3503 1249
2303 3583 1024 2483 3508 1250
2559 3583 1024 2679 3513 1251
2815 3583 1024 2881 3519 1252
3071 3583 1024 3088 3526 1253
3327 3583 1024 3298 3534 1254
3583 3583 1024 3511 3542 1256
3839 3583 1024 3727 3552 1257
4095 3583 1024 3953 3563 1077
0 3839 1024 1200 3772 1062
256 3839 1024 1215 3777 1062
512 3839 1024 1296 3774 1079
768 3839 1024 1430 3770 1110
1024 3839 1024 1602 3763 1152
1280 3839 1024 1796 3756 1204
1536 3839 1024 1994 3749 1252
1792 3839 1024 2163 3751 1258
2048 3839 1024 2340 3754 1259
2303 3839 1024 2526 3758 1260
2559 3839 1024 2720 3763 1260
2815 3839 1024 2920 3768 1261
3071 3839 1024 3125 3774 1262
3327 3839 1024 3334 3781 1263
3583 3839 1024 3546 3788 1264
3839 3839 1024 3761 3796 1265
4095 3839 1024 3971 3811 1055
0 4095 1024 1287 4012 1078
256 4095 1024 1300 4013 1077
512 4095 1024 1348 4016 1076
768 4095 1024 1432 4022 1073
1024 4095 1024 1549 4028 1071
1280 4095 1024 1697 4031 1071
1536 4095 1024 1865 4032 1072
1792 4095 1024 2048 4034 1071
2048 4095 1024 2243 4036 1072
2303 4095 1024 2446 4038 1072
2559 4095 1024 2655 4040 1070
2815 4095 1024 2870 4043 1069
3071 4095 1024 3090 4046 1071
3327 4095 1024 3312 4049 1071
3583 4095 1024 3536 4053 1070
3839 4095 1024 3763 4056 1072
4095 4095 1024 3982 4051 1070
0 0 1280 303 234 1235
256 0 1280 365 224 1232
512 0 1280 545 228 1231
768 0 1280 759 238 1229
1024 0 1280 988 259 1228
1280 0 1280 1222 283 1229
1536 0 1280 1457 312 1228
1792 0 1280 1695 343 1229
2048 0 1280 1933 375 1228
2303 0 1280 2170 409 1228
2559 0 1280 2409 444 1228
2815 0 1280 2648 480 1228
3071 0 1280 2888 517 1227
3327 0 1280 3127 554 1227
3583 0 1280 3367 591 1226
3839 0 1280 3606 629 1226
4095 0 1280 3827 706 1231
0 256 1280 285 319 1229
256 256 1280 383 329 1192
512 256 1280 556 350 1159
768 256 1280 754 363 1180
1024 256 1280 975 379 1198
1280 256 1280 1207 397 1211
1536 256 1280 1443 418 1218
1792 256 1280 1682 440 1223
2048 256 1280 1921 465 1226
2303 256 1280 2160 493 1228
2559 256 1280 2400 521 1229
2815 256 1280 2640 551 1229
3071 256 1280 2880 583 1230
3327 256 1280 3120 615 1229
3583 256 1280 3360 649 1229
3839 256 1280 3600 683 1229
4095 256 1280 3835 724 1229
0 512 1280 335 546 1236
256 512 1280 398 538 1210
512 512 1280 585 552 1138
768 512 1280 764 572 1131
1024 512 1280 962 595 1148
1280 512 1280 1179 616 1174
1536 512 1280 1409 636 1195
1792 512 1280 1646 656 1211
2048 512 1280 1886 676 1222
2303 512 1280 2127 696 1229
2559 512 1280 2369 718 1233
2815 512 1280 2611 740 1236
3071 512 1280 2853 764 1238
3327 512 1280 3095 788 1239
3583 512 1280 3337 814 1240
3839 512 1280 3579 841 1240
4095 512 1280 3847 813 1226
0 768 1280 373 784 1236
256 768 1280 431 776 1219
512 768 1280 619 778 1170
768 768 1280 796 787 1171
1024 768 1280 1007 787 1231
1280 768 1280 1198 823 1187
1536 768 1280 1400 855 1193
1792 768 1280 1620 882 1210
2048 768 1280 1851 906 1226
2303 768 1280 2088 928 1238
2559 768 1280 2328 949 1246
2815 768 1280 2570 970 1252
3071 768 1280 2814 991 1256
3327 768 1280 3057 1012 1258
3583 768 1280 3300 1034 1259
3839 768 1280 3544 1056 1259
4095 768 1280 3849 978 1227
0 1024 1280 444 1037 1243
256 1024 1280 470 1021 1229
512 1024 1280 656 1018 1203
768 1024 1280 843 1021 1188
1024 1024 1280 1024 1030 1232
1280 1024 1280 1250 1035 1232
1536 1024 1280 1480 1041 1232
1792 1024 1280 1657 1083 1230
2048 1024 1280 1855 1120 1244
2303 1024 1280 2072 1151 1258
2559 1024 1280 2300 1178 1270
2815 1024 1280 2536 1202 1278
3071 1024 1280 2775 1225 1284
3327 1024 1280 3016 1247 1287
3583 1024 1280 3259 1269 1289
3839 1024 1280 3516 1276 1283
4095 1024 1280 3853 1176 1229
0 1280 1280 483 1275 1239
256 1280 1280 529 1269 1233
512 1280 1280 703 1264 1225
768 1280 1280 898 1261 1220
1024 1280 1280 1046 1276 1235
1280 1280 1280 1267 1280 1234
1536 1280 1280 1495 1285 1234
1792 1280 1280 1726 1291 1234
2048 1280 1280 1959 1298 1234
2303 1280 1280 2122 1348 1269
2559 1280 1280 2317 1387 1292
2815 1280 1280 2531 1421 1308
3071 1280 1280 2756 1450 1318
3327 1280 1280 2988 1476 1324
3583 1280 1280 3228 1499 1327
3839 1280 1280 3520 1475 1294
4095 1280 1280 3857 1393 1231
0 1536 1280 562 1526 1246
256 1536 1280 582 1519 1238
512 1536 1280 750 1513 1242
768 1536 1280 951 1506 1251
1024 1536 1280 1123 1511 1256
1280 1536 1280 1289 1528 1237
1536 1536 1280 1512 1532 1237
1792 1536 1280 1741 1536 1237
2048 1536 1280 1972 1542 1237
2303 1536 1280 2205 1549 1236
2559 1536 1280 2430 1561 1245
2815 1536 1280 2589 1615 1306
3071 1536 1280 2782 1656 1338
3327 1536 1280 2993 1691 1356
3583 1536 1280 3237 1707 1350
3839 1536 1280 3528 1687 1309
4095 1536 1280 3863 1620 1234
0 1792 1280 621 1772 1246
256 1792 1280 648 1769 1242
512 1792 1280 802 1763 1254
768 1792 1280 998 1755 1273
1024 1792 1280 1193 1752 1292
1280 1792 1280 1341 1768 1268
1536 1792 1280 1534 1780 1240
1792 1792 1280 1759 1784 1240
2048 1792 1280 1988 1789 1240
2303 1792 1280 2219 1794 1240
2559 1792 1280 2440 1805 1257
2815 1792 1280 2653 1823 1281
3071 1792 1280 2859 1849 1309
3327 1792 1280 3025 1901 1376
3583 1792 1280 3254 1922 1377
3839 1792 1280 3537 1910 1328
4095 1792 1280 3870 1855 1238
0 2048 1280 682 2020 1247
256 2048 1280 718 2019 1248
512 2048 1280 858 2014 1263
768 2048 1280 1047 2007 1287
1024 2048 1280 1248 2000 1316
1280 2048 1280 1431 2002 1330
1536 2048 1280 1578 2022 1276
1792 2048 1280 1794 2026 1292
2048 2048 1280 2008 2032 1309
2303 2048 1280 2219 2043 1325
2559 2048 1280 2431 2056 1341
2815 2048 1280 2643 2073 1356
3071 2048 1280 2855 2093 1371
3327 2048 1280 3068 2116 1387
3583 2048 1280 3276 2144 1409
3839 2048 1280 3549 2139 1353
4095 2048 1280 3878 2093 1241
0 2303 1280 761 2268 1253
256 2303 1280 783 2270 1252
512 2303 1280 914 2265 1269
768 2303 1280 1095 2257 1296
1024 2303 1280 1298 2250 1331
1280 2303 1280 1496 2246 1363
1536 2303 1280 1668 2253 1360
1792 2303 1280 1856 2261 1362
2048 2303 1280 2056 2269 1372
2303 2303 1280 2258 2280 1383
2559 2303 1280 2464 2293 1395
2815 2303 1280 2672 2308 1406
3071 2303 1280 2881 2326 1418
3327 2303 1280 3092 2346 1429
3583 2303 1280 3305 2368 1442
3839 2303 1280 3563 2371 1386
4095 2303 1280 3887 2334 1247
0 2559 1280 830 2519 1256
256 2559 1280 856 2521 1257
512 2559 1280 974 2516 1275
768 2559 1280 1146 2510 1303
1024 2559 1280 1346 2502 1341
1280 2559 1280 1552 2495 1382
1536 2559 1280 1741 2495 1406
1792 2559 1280 1922 2502 1411
2048 2559 1280 2112 2509 1418
2303 2559 1280 2308 2519 1425
2559 2559 1280 2510 2531 1433
2815 2559 1280 2714 2544 1442
3071 2559 1280 2922 2559 1450
3327 2559 1280 3131 2576 1459
3583 2559 1280 3343 2595 1469
3839 2559 1280 3579 2606 1430
4095 2559 1280 3898 2578 1252
0 2815 1280 906 2769 1262
256 2815 1280 927 2772 1263
512 2815 1280 1037 2768 1281
768 2815 1280 1201 2762 1310
1024 2815 1280 1397 2754 1349
1280 2815 1280 1603 2746 1394
1536 2815 1280 1802 2742 1432
1792 2815 1280 1985 2745 1446
2048 2815 1280 2170 2752 1451
2303 2815 1280 2361 2761 1457
2559 2815 1280 2559 2771 1462
2815 2815 1280 2761 2782 1469
3071 2815 1280 2967 2795 1475
3327 2815 1280 3175 2810 1482
3583 2815 1280 3386 2826 1489
3839 2815 1280 3601 2843 1489
4095 2815 1280 3910 2823 1259
0 3071 1280 979 3021 1268
256 3071 1280 1000 3024 1269
512 3071 1280 1101 3020 1286
768 3071 1280 1256 3014 1315
1024 3071 1280 1446 3007 1354
1280 3071 1280 1652 2998 1402
1536 3071 1280 1857 2992 1447
1792 3071 1280 2046 2992 1474
2048 3071 1280 2226 2998 1477
2303 3071 1280 2414 3005 1481
2559 3071 1280 2609 3014 1485
2815 3071 1280 2809 3023 1490
3071 3071 1280 3012 3035 1495
3327 3071 1280 3219 3047 1500
3583 3071 1280 3429 3061 1505
3839 3071 1280 3641 3076 1511
4095 3071 1280 3924 3070 1268
0 3327 1280 1053 3273 1274
256 3327 1280 1075 3275 1276
512 3327 1280 1168 3272 1293
768 3327 1280 1315 3266 1321
1024 3327 1280 1498 3259 1359
1280 3327 1280 1701 3251 1407
1536 3327 1280 1908 3244 1457
1792 3327 1280 2105 3240 1495
2048 3327 1280 2281 3245 1498
2303 3327 1280 2466 3252 1501
2559 3327 1280 2658 3259 1504
2815 3327 1280 2856 3267 1507
3071 3327 1280 3058 3277 1511
3327 3327 1280 3263 3287 1514
3583 3327 1280 3472 3299 1519
3839 3327 1280 3683 3312 1523
4095 3327 1280 3938 3317 1279
0 3583 1280 1131 3523 1282
256 3583 1280 1149 3527 1283
512 3583 1280 1237 3523 1300
768 3583 1280 1375 3519 1327
1024 3583 1280 1551 3512 1365
1280 3583 1280 1750 3504 1412
1536 3583 1280 1957 3496 1464
1792 3583 1280 2159 3491 1510
2048 3583 1280 2334 3494 1515
2303 3583 1280 2516 3500 1517
2559 3583 1280 2706 3506 1519
2815 3583 1280 2901 3513 1522
3071 3583 1280 3102 3521 1524
3327 3583 1280 3306 3530 1527
3583 3583 1280 3514 3541 1530
3839 3583 1280 3724 3552 1534
4095 3583 1280 3953 3564 1324
0 3839 1280 1206 3775 1289
256 3839 1280 1225 3778 1291
512 3839 1280 1306 3775 1307
768 3839 1280 1437 3771 1333
1024 3839 1280 1606 3764 1370
1280 3839 1280 1801 3757 1417
1536 3839 1280 2007 3748 1470
1792 3839 1280 2212 3742 1522
2048 3839 1280 2387 3744 1529
2303 3839 1280 2565 3749 1531
2559 3839 1280 2753 3754 1533
2815 3839 1280 2946 3760 1534
3071 3839 1280 3145 3768 1536
3327 3839 1280 3348 3775 1539
3583 3839 1280 3555 3784 1541
3839 3839 1280 3765 3794 1543
4095 3839 1280 3976 3808 1427
0 4095 1280 1298 4007 1304
256 4095 1280 1311 4009 1303
512 4095 1280 1357 4014 1302
768 4095 1280 1439 4022 1300
1024 4095 1280 1554 4031 1297
1280 4095 1280 1703 4032 1298
1536 4095 1280 1870 4034 1298
1792 4095 1280 2052 4035 1298
2048 4095 1280 2247 4037 1298
2303 4095 1280 2449 4039 1298
2559 4095 1280 2658 4041 1298
2815 4095 1280 2873 4044 1297
3071 4095 1280 3092 4047 1298
3327 4095 1280 3314 4050 1297
3583 4095 1280 3539 4054 1298
3839 4095 1280 3765 4058 1298
4095 4095 1280 3981 4049 1297
0 0 1536 352 264 1477
256 0 1536 405 260 1476
512 0 1536 568 263 1475
768 0 1536 777 276 1474
1024 0 1536 1001 294 1473
1280 0 1536 1232 315 1474
1536 0 1536 1466 341 1474
1792 0 1536 1701 369 1474
2048 0 1536 1939 398 1474
2303 0 1536 2175 430 1474
2559 0 1536 2414 464 1474
2815 0 1536 2653 497 1474
3071 0 1536 2891 533 1474
3327 0 1536 3131 569 1473
3583 0 1536 3370 605 1473
3839 0 1536 3609 642 1473
4095 0 1536 3842 694 1473
0 256 1536 342 348 1476
256 256 1536 423 355 1446
512 256 1536 591 376 1405
768 256 1536 779 387 1423
1024 256 1536 994 401 1439
1280 256 1536 1221 418 1451
1536 256 1536 1454 438 1459
1792 256 1536 1690 460 1465
2048 256 1536 1928 483 1469
2303 256 1536 2165 510 1471
2559 256 1536 2404 537 1473
2815 256 1536 2644 566 1474
3071 256 1536 2883 597 1474
3327 256 1536 3123 629 1475
3583 256 1536 3363 661 1475
3839 256 1536 3603 695 1475
4095 256 1536 3848 715 1472
0 512 1536 386 562 1479
256 512 1536 436 554 1457
512 512 1536 619 569 1382
768 512 1536 796 594 1341
1024 512 1536 987 613 1368
1280 512 1536 1199 632 1397
1536 512 1536 1425 650 1422
1792 512 1536 1658 668 1440
2048 512 1536 1895 688 1454
2303 512 1536 2134 708 1463
2559 512 1536 2375 729 1470
2815 512 1536 2616 751 1474
3071 512 1536 2857 774 1477
3327 512 1536 3099 799 1480
3583 512 1536 3340 824 1481
3839 512 1536 3581 850 1482
4095 512 1536 3849 823 1473
0 768 1536 412 792 1479
256 768 1536 467 786 1462
512 768 1536 647 791 1408
768 768 1536 829 804 1365
1024 768 1536 1017 807 1433
1280 768 1536 1209 841 1391
1536 768 1536 1413 869 1403
1792 768 1536 1632 893 1423
2048 768 1536 1862 916 1443
2303 768 1536 2096 937 1459
2559 768 1536 2335 958 1471
2815 768 1536 2576 979 1480
3071 768 1536 2818 999 1486
3327 768 1536 3061 1020 1491
3583 768 1536 3304 1041 1494
3839 768 1536 3547 1063 1496
4095 768 1536 3852 986 1474
0 1024 1536 485 1044 1485
256 1024 1536 497 1029 1475
512 1024 1536 681 1027 1434
768 1024 1536 870 1032 1398
1024 1024 1536 1038 1037 1471
1280 1024 1536 1260 1042 1478
1536 1024 1536 1476 1057 1463
1792 1024 1536 1658 1098 1443
2048 1024 1536 1861 1131 1453
2303 1024 1536 2078 1160 1468
2559 1024 1536 2307 1186 1482
2815 1024 1536 2541 1210 1494
3071 1024 1536 2779 1232 1503
3327 1024 1536 3020 1254 1510
3583 1024 1536 3263 1275 1515
3839 1024 1536 3517 1284 1514
4095 1024 1536 3855 1183 1475
0 1280 1536 529 1285 1485
256 1280 1536 551 1275 1477
512 1280 1536 722 1271 1456
768 1280 1536 917 1270 1433
1024 1280 1536 1083 1278 1447
1280 1280 1536 1277 1285 1479
1536 1280 1536 1503 1290 1479
1792 1280 1536 1733 1296 1479
2048 1280 1536 1945 1315 1478
2303 1280 1536 2118 1360 1487
2559 1280 1536 2318 1397 1503
2815 1280 1536 2533 1429 1517
3071 1280 1536 2759 1457 1529
3327 1280 1536 2992 1483 1538
3583 1280 1536 3231 1505 1544
3839 1280 1536 3523 1480 1524
4095 1280 1536 3860 1398 1477
0 1536 1536 587 1530 1486
256 1536 1536 605 1524 1481
512 1536 1536 766 1519 1473
768 1536 1536 965 1513 1465
1024 1536 1536 1145 1516 1467
1280 1536 1536 1298 1532 1481
1536 1536 1536 1520 1536 1481
1792 1536 1536 1748 1541 1481
2048 1536 1536 1978 1546 1481
2303 1536 1536 2210 1553 1481
2559 1536 1536 2412 1578 1496
2815 1536 1536 2583 1626 1528
3071 1536 1536 2780 1665 1551
3327 1536 1536 2993 1698 1566
3583 1536 1536 3240 1712 1564
3839 1536 1536 3530 1692 1536
4095 1536 1536 3865 1625 1479
0 1792 1536 658 1777 1490
256 1792 1536 662 1774 1484
512 1792 1536 812 1768 1486
768 1792 1536 1008 1761 1491
1024 1792 1536 1205 1758 1499
1280 1792 1536 1354 1772 1495
1536 1792 1536 1542 1784 1484
1792 1792 1536 1766 1788 1484
2048 1792 1536 1994 1792 1484
2303 1792 1536 2224 1798 1483
2559 1792 1536 2456 1804 1483
2815 1792 1536 2691 1811 1483
3071 1792 1536 2851 1859 1542
3327 1792 1536 3023 1908 1588
3583 1792 1536 3256 1927 1588
3839 1792 1536 3540 1914 1553
4095 1792 1536 3872 1859 1482
0 2048 1536 708 2023 1490
256 2048 1536 734 2023 1489
512 2048 1536 869 2018 1496
768 2048 1536 1058 2011 1510
1024 2048 1536 1259 2004 1527
1280 2048 1536 1439 2007 1537
1536 2048 1536 1566 2032 1487
1792 2048 1536 1787 2036 1487
2048 2048 1536 2012 2040 1487
2303 2048 1536 2240 2044 1487
2559 2048 1536 2471 2050 1486
2815 2048 1536 2703 2056 1486
3071 2048 1536 2937 2062 1486
3327 2048 1536 3065 2122 1602
3583 2048 1536 3277 2148 1618
3839 2048 1536 3552 2142 1574
4095 2048 1536 3880 2096 1485
0 2303 1536 785 2270 1494
256 2303 1536 797 2273 1492
512 2303 1536 922 2268 1503
768 2303 1536 1104 2261 1522
1024 2303 1536 1308 2253 1547
1280 2303 1536 1504 2249 1571
1536 2303 1536 1668 2259 1564
1792 2303 1536 1811 2284 1490
2048 2303 1536 2033 2287 1490
2303 2303 1536 2258 2290 1503
2559 2303 1536 2481 2296 1523
2815 2303 1536 2699 2306 1542
3071 2303 1536 2915 2319 1560
3327 2303 1536 3128 2337 1580
3583 2303 1536 3304 2373 1649
3839 2303 1536 3565 2373 1602
4095 2303 1536 3889 2337 1490
0 2559 1536 855 2519 1498
256 2559 1536 866 2524 1496
512 2559 1536 982 2520 1508
768 2559 1536 1155 2513 1531
1024 2559 1536 1356 2504 1561
1280 2559 1536 1559 2498 1593
1536 2559 1536 1745 2499 1612
1792 2559 1536 1901 2513 1582
2048 2559 1536 2094 2522 1577
2303 2559 1536 2300 2528 1591
2559 2559 1536 2509 2537 1605
2815 2559 1536 2718 2548 1619
3071 2559 1536 2927 2562 1633
3327 2559 1536 3138 2578 1646
3583 2559 1536 3344 2599 1670
3839 2559 1536 3582 2609 1639
4095 2559 1536 3900 2580 1494
0 2815 1536 922 2771 1501
256 2815 1536 940 2774 1502
512 2815 1536 1046 2771 1515
768 2815 1536 1210 2764 1539
1024 2815 1536 1406 2756 1572
1280 2815 1536 1611 2748 1609
1536 2815 1536 1807 2745 1640
1792 2815 1536 1985 2749 1648
2048 2815 1536 2163 2759 1642
2303 2815 1536 2358 2766 1651
2559 2815 1536 2557 2775 1661
2815 2815 1536 2760 2786 1672
3071 2815 1536 2965 2799 1682
3327 2815 1536 3172 2814 1693
3583 2815 1536 3381 2831 1704
3839 2815 1536 3602 2846 1691
4095 2815 1536 3913 2825 1499
0 3071 1536 998 3019 1507
256 3071 1536 1010 3026 1506
512 3071 1536 1108 3023 1520
768 3071 1536 1263 3017 1544
1024 3071 1536 1454 3009 1578
1280 3071 1536 1660 3000 1620
1536 3071 1536 1862 2994 1658
1792 3071 1536 2053 2993 1685
2048 3071 1536 2232 2999 1690
2303 3071 1536 2419 3006 1697
2559 3071 1536 2612 3015 1704
2815 3071 1536 2810 3025 1712
3071 3071 1536 3012 3037 1720
3327 3071 1536 3216 3050 1728
3583 3071 1536 3423 3065 1737
3839 3071 1536 3632 3081 1745
4095 3071 1536 3926 3072 1507
0 3327 1536 1069 3272 1512
256 3327 1536 1085 3277 1512
512 3327 1536 1176 3274 1526
768 3327 1536 1322 3268 1550
1024 3327 1536 1506 3261 1585
1280 3327 1536 1708 3252 1627
1536 3327 1536 1913 3245 1670
1792 3327 1536 2113 3241 1709
2048 3327 1536 2298 3243 1727
2303 3327 1536 2479 3250 1732
2559 3327 1536 2668 3257 1738
2815 3327 1536 2862 3266 1744
3071 3327 1536 3061 3277 1750
3327 3327 1536 3263 3288 1756
3583 3327 1536 3468 3301 1763
3839 3327 1536 3676 3316 1770
4095 3327 1536 3941 3319 1514
0 3583 1536 1144 3522 1518
256 3583 1536 1159 3528 1518
512 3583 1536 1244 3525 1532
768 3583 1536 1382 3520 1556
1024 3583 1536 1559 3513 1590
1280 3583 1536 1758 3505 1633
1536 3583 1536 1963 3497 1679
1792 3583 1536 2167 3491 1724
2048 3583 1536 2360 3490 1756
2303 3583 1536 2538 3495 1761
2559 3583 1536 2723 3502 1765
2815 3583 1536 2915 3510 1769
3071 3583 1536 3111 3519 1774
3327 3583 1536 3311 3529 1779
3583 3583 1536 3515 3541 1784
3839 3583 1536 3721 3553 1790
4095 3583 1536 3956 3566 1547
0 3839 1536 1220 3773 1524
256 3839 1536 1233 3780 1525
512 3839 1536 1311 3777 1537
768 3839 1536 1443 3772 1561
1024 3839 1536 1613 3766 1595
1280 3839 1536 1808 3758 1639
1536 3839 1536 2012 3750 1685
1792 3839 1536 2219 3742 1735
2048 3839 1536 2419 3738 1777
2303 3839 1536 2596 3742 1784
2559 3839 1536 2778 3748 1787
2815 3839 1536 2966 3755 1790
3071 3839 1536 3160 3763 1794
3327 3839 1536 3359 3772 1798
3583 3839 1536 3561 3782 1802
3839 3839 1536 3766 3793 1806
4095 3839 1536 3974 3807 1767
0 4095 1536 1311 4003 1535
256 4095 1536 1324 4005 1535
512 4095 1536 1367 4013 1533
768 4095 1536 1446 4026 1531
1024 4095 1536 1563 4033 1531
1280 4095 1536 1710 4034 1531
1536 4095 1536 1876 4035 1531
1792 4095 1536 2058 4036 1531
2048 4095 1536 2251 4038 1530
2303 4095 1536 2453 4040 1531
2559 4095 1536 2662 4043 1531
2815 4095 1536 2877 4045 1531
3071 4095 1536 3096 4048 1531
3327 4095 1536 3317 4052 1529
3583 4095 1536 3542 4055 1531
3839 4095 1536 3768 4059 1532
4095 4095 1536 3980 4046 1530
0 0 1792 410 307 1722
256 0 1792 453 303 1721
512 0 1792 599 304 1720
768 0 1792 799 314 1720
1024 0 1792 1017 330 1719
1280 0 1792 1245 349 1720
1536 0 1792 1476 372 1720
1792 0 1792 1710 397 1720
2048 0 1792 1946 424 1720
2303 0 1792 2182 455 1720
2559 0 1792 2419 486 1720
2815 0 1792 2657 518 1720
3071 0 1792 2896 552 1720
3327 0 1792 3135 586 1719
3583 0 1792 3373 622 1719
3839 0 1792 3613 658 1719
4095 0 1792 3838 721 1719
0 256 1792 395 378 1721
256 256 1792 467 385 1695
512 256 1792 626 405 1655
768 256 1792 807 414 1669
1024 256 1792 1015 428 1682
1280 256 1792 1237 443 1693
1536 256 1792 1466 461 1701
1792 256 1792 1700 482 1707
2048 256 1792 1936 504 1712
2303 256 1792 2172 530 1714
2559 256 1792 2410 556 1716
2815 256 1792 2649 584 1718
3071 256 1792 2888 614 1719
3327 256 1792 3127 644 1719
3583 256 1792 3367 676 1720
3839 256 1792 3606 709 1720
4095 256 1792 3843 744 1719
0 512 1792 425 575 1722
256 512 1792 479 573 1703
512 512 1792 653 589 1631
768 512 1792 833 616 1567
1024 512 1792 1015 632 1595
1280 512 1792 1221 649 1626
1536 512 1792 1442 666 1652
1792 512 1792 1672 684 1672
2048 512 1792 1906 702 1687
2303 512 1792 2143 721 1698
2559 512 1792 2382 742 1706
2815 512 1792 2622 763 1712
3071 512 1792 2863 786 1717
3327 512 1792 3103 810 1720
3583 512 1792 3344 835 1722
3839 512 1792 3585 861 1724
4095 512 1792 3853 834 1719
0 768 1792 455 802 1723
256 768 1792 506 799 1709
512 768 1792 677 805 1652
768 768 1792 862 820 1589
1024 768 1792 1039 833 1606
1280 768 1792 1229 860 1596
1536 768 1792 1432 884 1615
1792 768 1792 1648 907 1639
2048 768 1792 1875 928 1662
2303 768 1792 2107 948 1681
2559 768 1792 2344 968 1696
2815 768 1792 2584 988 1708
3071 768 1792 2825 1008 1717
3327 768 1792 3066 1029 1724
3583 768 1792 3309 1050 1728
3839 768 1792 3551 1072 1732
4095 768 1792 3855 995 1720
0 1024 1792 523 1050 1725
256 1024 1792 533 1038 1720
512 1024 1792 704 1038 1677
768 1024 1792 897 1044 1622
1024 1024 1792 1072 1055 1621
1280 1024 1792 1272 1050 1723
1536 1024 1792 1474 1078 1669
1792 1024 1792 1665 1114 1650
2048 1024 1792 1871 1144 1661
2303 1024 1792 2088 1171 1678
2559 1024 1792 2316 1196 1696
2815 1024 1792 2549 1219 1711
3071 1024 1792 2786 1240 1724
3327 1024 1792 3026 1262 1734
3583 1024 1792 3268 1282 1741
3839 1024 1792 3522 1290 1744
4095 1024 1792 3858 1190 1721
0 1280 1792 555 1288 1726
256 1280 1792 585 1282 1720
512 1280 1792 744 1280 1693
768 1280 1792 938 1280 1655
1024 1280 1792 1117 1287 1643
1280 1280 1792 1289 1292 1724
1536 1280 1792 1513 1297 1724
1792 1280 1792 1741 1303 1724
2048 1280 1792 1934 1334 1703
2303 1280 1792 2118 1374 1700
2559 1280 1792 2322 1408 1711
2815 1280 1792 2539 1438 1726
3071 1280 1792 2765 1465 1740
3327 1280 1792 2997 1490 1752
3583 1280 1792 3233 1514 1762
3839 1280 1792 3527 1487 1753
4095 1280 1792 3862 1404 1723
0 1536 1792 625 1536 1728
256 1536 1792 630 1530 1726
512 1536 1792 785 1526 1709
768 1536 1792 981 1522 1687
1024 1536 1792 1169 1523 1674
1280 1536 1792 1313 1537 1722
1536 1536 1792 1530 1541 1726
1792 1536 1792 1756 1546 1726
2048 1536 1792 1985 1552 1726
2303 1536 1792 2216 1558 1726
2559 1536 1792 2399 1595 1730
2815 1536 1792 2580 1638 1745
3071 1536 1792 2781 1675 1761
3327 1536 1792 2996 1707 1776
3583 1536 1792 3243 1719 1779
3839 1536 1792 3534 1697 1764
4095 1536 1792 3868 1630 1724
0 1792 1792 686 1781 1730
256 1792 1792 688 1778 1729
512 1792 1792 831 1774 1722
768 1792 1792 1023 1768 1714
1024 1792 1792 1220 1765 1708
1280 1792 1792 1384 1774 1716
1536 1792 1792 1551 1788 1728
1792 1792 1792 1774 1792 1728
2048 1792 1792 2001 1797 1728
2303 1792 1792 2230 1802 1728
2559 1792 1792 2462 1808 1728
2815 1792 1792 2696 1815 1728
3071 1792 1792 2844 1871 1768
3327 1792 1792 3024 1916 1798
3583 1792 1792 3259 1933 1801
3839 1792 1792 3544 1918 1778
4095 1792 1792 3875 1863 1727
0 2048 1792 731 2027 1732
256 2048 1792 758 2027 1731
512 2048 1792 888 2022 1732
768 2048 1792 1073 2016 1734
1024 2048 1792 1272 2010 1739
1280 2048 1792 1454 2012 1745
1536 2048 1792 1576 2036 1731
1792 2048 1792 1795 2039 1731
2048 2048 1792 2019 2043 1731
2303 2048 1792 2246 2048 1730
2559 2048 1792 2476 2053 1730
2815 2048 1792 2708 2059 1730
3071 2048 1792 2922 2075 1746
3327 2048 1792 3062 2131 1817
3583 2048 1792 3279 2154 1827
3839 2048 1792 3555 2146 1796
4095 2048 1792 3883 2100 1729
0 2303 1792 816 2272 1736
256 2303 1792 816 2276 1734
512 2303 1792 937 2272 1739
768 2303 1792 1117 2266 1749
1024 2303 1792 1320 2258 1763
1280 2303 1792 1515 2254 1778
1536 2303 1792 1676 2264 1776
1792 2303 1792 1819 2287 1734
2048 2303 1792 2040 2290 1734
2303 2303 1792 2264 2295 1733
2559 2303 1792 2492 2299 1733
2815 2303 1792 2723 2304 1733
3071 2303 1792 2955 2310 1733
3327 2303 1792 3118 2346 1815
3583 2303 1792 3305 2378 1857
3839 2303 1792 3569 2377 1820
4095 2303 1792 3892 2340 1733
0 2559 1792 875 2522 1738
256 2559 1792 885 2527 1738
512 2559 1792 998 2523 1746
768 2559 1792 1170 2516 1761
1024 2559 1792 1369 2508 1782
1280 2559 1792 1569 2502 1804
1536 2559 1792 1752 2503 1818
1792 2559 1792 1899 2520 1791
2048 2559 1792 2063 2539 1737
2303 2559 1792 2285 2543 1737
2559 2559 1792 2511 2547 1737
2815 2559 1792 2740 2552 1736
3071 2559 1792 2970 2557 1736
3327 2559 1792 3197 2564 1746
3583 2559 1792 3341 2605 1884
3839 2559 1792 3585 2612 1852
4095 2559 1792 3903 2583 1737
0 2815 1792 944 2771 1742
256 2815 1792 955 2777 1742
512 2815 1792 1060 2774 1752
768 2815 1792 1223 2767 1770
1024 2815 1792 1418 2759 1795
1280 2815 1792 1619 2752 1823
1536 2815 1792 1815 2748 1848
1792 2815 1792 1987 2754 1853
2048 2815 1792 2127 2776 1794
2303 2815 1792 2324 2785 1777
2559 2815 1792 2543 2789 1795
2815 2815 1792 2760 2795 1812
3071 2815 1792 2975 2804 1829
3327 2815 1792 3188 2815 1845
3583 2815 1792 3400 2830 1863
3839 2815 1792 3604 2849 1895
4095 2815 1792 3916 2828 1741
0 3071 1792 1019 3018 1747
256 3071 1792 1023 3029 1746
512 3071 1792 1121 3025 1757
768 3071 1792 1277 3019 1777
1024 3071 1792 1467 3011 1805
1280 3071 1792 1668 3003 1837
1536 3071 1792 1869 2997 1870
1792 3071 1792 2058 2997 1891
2048 3071 1792 2223 3007 1881
2303 3071 1792 2397 3019 1860
2559 3071 1792 2600 3025 1872
2815 3071 1792 2805 3033 1885
3071 3071 1792 3011 3043 1898
3327 3071 1792 3218 3055 1910
3583 3071 1792 3426 3068 1923
3839 3071 1792 3631 3085 1950
4095 3071 1792 3929 3074 1748
0 3327 1792 1085 3273 1751
256 3327 1792 1099 3279 1752
512 3327 1792 1189 3276 1763
768 3327 1792 1335 3270 1784
1024 3327 1792 1517 3263 1813
1280 3327 1792 1716 3255 1847
1536 3327 1792 1920 3247 1885
1792 3327 1792 2118 3244 1917
2048 3327 1792 2299 3247 1931
2303 3327 1792 2471 3256 1922
2559 3327 1792 2663 3263 1930
2815 3327 1792 2860 3271 1940
3071 3327 1792 3060 3281 1950
3327 3327 1792 3262 3292 1960
3583 3327 1792 3467 3305 1970
3839 3327 1792 3673 3320 1980
4095 3327 1792 3944 3321 1753
0 3583 1792 1162 3520 1756
256 3583 1792 1170 3531 1756
512 3583 1792 1254 3528 1768
768 3583 1792 1393 3522 1789
1024 3583 1792 1571 3515 1820
1280 3583 1792 1766 3507 1856
1536 3583 1792 1970 3499 1896
1792 3583 1792 2173 3493 1935
2048 3583 1792 2365 3492 1964
2303 3583 1792 2542 3497 1970
2559 3583 1792 2727 3504 1976
2815 3583 1792 2918 3512 1983
3071 3583 1792 3113 3521 1991
3327 3583 1792 3312 3531 1999
3583 3583 1792 3514 3543 2007
3839 3583 1792 3718 3556 2015
4095 3583 1792 3960 3568 1767
0 3839 1792 1235 3772 1762
256 3839 1792 1244 3782 1762
512 3839 1792 1323 3779 1774
768 3839 1792 1455 3774 1795
1024 3839 1792 1624 3767 1825
1280 3839 1792 1815 3760 1862
1536 3839 1792 2018 3751 1904
1792 3839 1792 2224 3744 1948
2048 3839 1792 2423 3740 1985
2303 3839 1792 2610 3741 2007
2559 3839 1792 2790 3747 2013
2815 3839 1792 2976 3754 2018
3071 3839 1792 3168 3763 2024
3327 3839 1792 3364 3772 2030
3583 3839 1792 3563 3783 2037
3839 3839 1792 3765 3795 2044
4095 3839 1792 3970 3808 2042
0 4095 1792 1324 4002 1769
256 4095 1792 1335 4007 1768
512 4095 1792 1373 4022 1768
768 4095 1792 1453 4034 1767
1024 4095 1792 1573 4034 1768
1280 4095 1792 1718 4035 1768
1536 4095 1792 1882 4037 1767
1792 4095 1792 2065 4038 1768
2048 4095 1792 2257 4040 1767
2303 4095 1792 2459 4042 1767
2559 4095 1792 2668 4044 1768
2815 4095 1792 2882 4047 1768
3071 4095 1792 3100 4050 1768
3327 4095 1792 3321 4053 1767
3583 4095 1792 3545 4057 1769
3839 4095 1792 3771 4061 1770
4095 4095 1792 3979 4044 1766
0 0 2048 468 351 1966
256 0 2048 505 347 1966
512 0 2048 633 345 1966
768 0 2048 824 354 1966
1024 0 2048 1036 367 1966
1280 0 2048 1260 384 1966
1536 0 2048 1488 404 1966
1792 0 2048 1721 427 1966
2048 0 2048 1955 452 1966
2303 0 2048 2190 480 1966
2559 0 2048 2426 509 1966
2815 0 2048 2664 540 1966
3071 0 2048 2901 572 1966
3327 0 2048 3140 605 1966
3583 0 2048 3378 639 1965
3839 0 2048 3617 674 1965
4095 0 2048 3840 739 1964
0 256 2048 448 410 1967
256 256 2048 513 418 1944
512 256 2048 662 434 1909
768 256 2048 836 444 1916
1024 256 2048 1038 456 1927
1280 256 2048 1255 470 1937
1536 256 2048 1481 487 1945
1792 256 2048 1712 506 1951
2048 256 2048 1946 527 1955
2303 256 2048 2181 551 1958
2559 256 2048 2418 576 1961
2815 256 2048 2656 603 1962
3071 256 2048 2894 632 1963
3327 256 2048 3133 661 1964
3583 256 2048 3372 692 1965
3839 256 2048 3611 724 1965
4095 256 2048 3851 752 1964
0 512 2048 471 593 1967
256 512 2048 525 593 1950
512 512 2048 689 610 1883
768 512 2048 871 639 1805
1024 512 2048 1047 653 1830
1280 512 2048 1247 668 1859
1536 512 2048 1463 684 1885
1792 512 2048 1688 701 1906
2048 512 2048 1920 718 1922
2303 512 2048 2154 737 1935
2559 512 2048 2391 757 1944
2815 512 2048 2630 777 1951
3071 512 2048 2870 800 1956
3327 512 2048 3110 823 1960
3583 512 2048 3350 848 1963
3839 512 2048 3590 874 1966
4095 512 2048 3857 846 1965
0 768 2048 497 813 1968
256 768 2048 549 813 1953
512 768 2048 709 820 1899
768 768 2048 895 836 1827
1024 768 2048 1071 859 1793
1280 768 2048 1255 880 1806
1536 768 2048 1454 901 1831
1792 768 2048 1667 921 1859
2048 768 2048 1891 941 1884
2303 768 2048 2120 961 1906
2559 768 2048 2355 980 1923
2815 768 2048 2593 999 1937
3071 768 2048 2833 1019 1948
3327 768 2048 3073 1039 1957
3583 768 2048 3315 1060 1963
3839 768 2048 3556 1081 1968
4095 768 2048 3859 1005 1966
0 1024 2048 547 1053 1968
256 1024 2048 578 1048 1961
512 1024 2048 735 1050 1919
768 1024 2048 925 1057 1857
1024 1024 2048 1105 1072 1820
1280 1024 2048 1287 1070 1921
1536 1024 2048 1484 1100 1865
1792 1024 2048 1678 1131 1856
2048 1024 2048 1884 1158 1870
2303 1024 2048 2101 1183 1891
2559 1024 2048 2327 1207 1911
2815 1024 2048 2559 1229 1929
3071 1024 2048 2795 1250 1945
3327 1024 2048 3034 1270 1957
3583 1024 2048 3274 1291 1967
3839 1024 2048 3525 1301 1975
4095 1024 2048 3863 1197 1967
0 1280 2048 583 1292 1970
256 1280 2048 624 1290 1963
512 1280 2048 773 1289 1931
768 1280 2048 961 1291 1886
1024 1280 2048 1146 1298 1852
1280 1280 2048 1315 1306 1902
1536 1280 2048 1524 1305 1970
1792 1280 2048 1751 1311 1970
2048 1280 2048 1932 1353 1914
2303 1280 2048 2123 1389 1908
2559 1280 2048 2329 1420 1920
2815 1280 2048 2547 1449 1936
3071 1280 2048 2773 1475 1952
3327 1280 2048 3004 1499 1967
3583 1280 2048 3241 1520 1979
3839 1280 2048 3531 1495 1982
4095 1280 2048 3867 1410 1968
0 1536 2048 640 1538 1971
256 1536 2048 671 1535 1967
512 1536 2048 812 1533 1947
768 1536 2048 1000 1531 1915
1024 1536 2048 1191 1533 1887
1280 1536 2048 1359 1542 1903
1536 1536 2048 1542 1548 1971
1792 1536 2048 1766 1552 1971
2048 1536 2048 1994 1558 1971
2303 1536 2048 2224 1564 1971
2559 1536 2048 2392 1611 1952
2815 1536 2048 2580 1651 1957
3071 1536 2048 2784 1685 1970
3327 1536 2048 3000 1716 1985
3583 1536 2048 3248 1727 1995
3839 1536 2048 3538 1704 1992
4095 1536 2048 3873 1635 1969
0 1792 2048 701 1784 1972
256 1792 2048 724 1783 1971
512 1792 2048 859 1780 1959
768 1792 2048 1043 1775 1940
1024 1792 2048 1238 1773 1922
1280 1792 2048 1414 1779 1922
1536 1792 2048 1563 1793 1973
1792 1792 2048 1783 1797 1973
2048 1792 2048 2009 1802 1973
2303 1792 2048 2237 1807 1973
2559 1792 2048 2468 1814 1973
2815 1792 2048 2701 1821 1972
3071 1792 2048 2843 1881 1988
3327 1792 2048 3027 1924 2006
3583 1792 2048 3263 1940 2014
3839 1792 2048 3548 1925 2004
4095 1792 2048 3879 1867 1971
0 2048 2048 752 2032 1975
256 2048 2048 787 2031 1974
512 2048 2048 913 2027 1969
768 2048 2048 1091 2022 1961
1024 2048 2048 1287 2017 1954
1280 2048 2048 1472 2018 1953
1536 2048 2048 1614 2034 1968
1792 2048 2048 1804 2044 1975
2048 2048 2048 2027 2048 1975
2303 2048 2048 2253 2053 1975
2559 2048 2048 2483 2058 1975
2815 2048 2048 2714 2064 1975
3071 2048 2048 2910 2089 1991
3327 2048 2048 3063 2139 2028
3583 2048 2048 3283 2160 2038
3839 2048 2048 3559 2152 2020
4095 2048 2048 3888 2104 1974
0 2303 2048 822 2279 1977
256 2303 2048 846 2280 1978
512 2303 2048 964 2276 1978
768 2303 2048 1137 2270 1978
1024 2303 2048 1335 2263 1981
1280 2303 2048 1529 2260 1986
1536 2303 2048 1693 2268 1990
1792 2303 2048 1828 2291 1978
2048 2303 2048 2048 2294 1978
2303 2303 2048 2271 2298 1978
2559 2303 2048 2499 2303 1977
2815 2303 2048 2729 2308 1977
3071 2303 2048 2960 2314 1977
3327 2303 2048 3113 2356 2040
3583 2303 2048 3308 2384 2065
3839 2303 2048 3572 2382 2041
4095 2303 2048 3897 2344 1977
0 2559 2048 887 2529 1981
256 2559 2048 912 2530 1982
512 2559 2048 1021 2526 1985
768 2559 2048 1186 2520 1992
1024 2559 2048 1380 2513 2002
1280 2559 2048 1580 2507 2015
1536 2559 2048 1764 2508 2025
1792 2559 2048 1905 2525 2010
2048 2559 2048 2071 2543 1981
2303 2559 2048 2292 2546 1980
2559 2559 2048 2517 2550 1980
2815 2559 2048 2745 2555 1980
3071 2559 2048 2975 2560 1980
3327 2559 2048 3199 2569 1991
3583 2559 2048 3341 2611 2094
3839 2559 2048 3589 2617 2068
4095 2559 2048 3908 2586 1980
0 2815 2048 954 2779 1984
256 2815 2048 980 2780 1986
512 2815 2048 1082 2776 1992
768 2815 2048 1239 2771 2003
1024 2815 2048 1429 2763 2018
1280 2815 2048 1630 2756 2038
1536 2815 2048 1825 2753 2056
1792 2815 2048 1994 2759 2060
2048 2815 2048 2121 2784 2008
2303 2815 2048 2315 2795 1984
2559 2815 2048 2538 2799 1984
2815 2815 2048 2764 2803 1983
3071 2815 2048 2992 2807 1983
3327 2815 2048 3223 2812 1983
3583 2815 2048 3394 2837 2096
3839 2815 2048 3608 2853 2104
4095 2815 2048 3920 2831 1983
0 3071 2048 1028 3028 1987
256 3071 2048 1047 3031 1989
512 3071 2048 1142 3027 1997
768 3071 2048 1292 3022 2011
1024 3071 2048 1476 3015 2030
1280 3071 2048 1677 3007 2055
1536 3071 2048 1879 3001 2081
1792 3071 2048 2065 3001 2098
2048 3071 2048 2224 3012 2086
2303 3071 2048 2344 3043 1993
2559 3071 2048 2561 3047 1987
2815 3071 2048 2784 3051 1987
3071 3071 2048 3011 3054 2004
3327 3071 2048 3234 3060 2025
3583 3071 2048 3453 3068 2044
3839 3071 2048 3633 3090 2153
4095 3071 2048 3933 3077 1988
0 3327 2048 1096 3281 1992
256 3327 2048 1120 3281 1994
512 3327 2048 1207 3278 2003
768 3327 2048 1348 3273 2018
1024 3327 2048 1527 3266 2040
1280 3327 2048 1725 3258 2068
1536 3327 2048 1930 3250 2099
1792 3327 2048 2125 3247 2126
2048 3327 2048 2303 3251 2136
2303 3327 2048 2455 3266 2105
2559 3327 2048 2627 3282 2066
2815 3327 2048 2839 3286 2081
3071 3327 2048 3051 3292 2096
3327 3327 2048 3262 3300 2112
3583 3327 2048 3473 3310 2127
3839 3327 2048 3683 3323 2144
4095 3327 2048 3948 3323 1994
0 3583 2048 1172 3529 1996
256 3583 2048 1189 3532 1998
512 3583 2048 1273 3530 2008
768 3583 2048 1407 3525 2024
1024 3583 2048 1580 3518 2048
1280 3583 2048 1775 3510 2079
1536 3583 2048 1979 3502 2114
1792 3583 2048 2180 3496 2147
2048 3583 2048 2370 3495 2170
2303 3583 2048 2541 3502 2170
2559 3583 2048 2705 3516 2142
2815 3583 2048 2903 3522 2153
3071 3583 2048 3105 3529 2165
3327 3583 2048 3308 3538 2176
3583 3583 2048 3513 3549 2188
3839 3583 2048 3719 3561 2201
4095 3583 2048 3964 3571 2006
0 3839 2048 1245 3780 2001
256 3839 2048 1262 3784 2003
512 3839 2048 1340 3781 2013
768 3839 2048 1467 3776 2030
1024 3839 2048 1632 3770 2054
1280 3839 2048 1823 3762 2086
1536 3839 2048 2027 3754 2124
1792 3839 2048 2231 3746 2162
2048 3839 2048 2429 3743 2194
2303 3839 2048 2612 3744 2212
2559 3839 2048 2787 3752 2211
2815 3839 2048 2973 3760 2214
3071 3839 2048 3164 3768 2219
3327 3839 2048 3362 3777 2228
3583 3839 2048 3562 3787 2237
3839 3839 2048 3764 3799 2247
4095 3839 2048 3968 3811 2259
0 4095 2048 1318 4033 2006
256 4095 2048 1331 4034 2006
512 4095 2048 1379 4035 2006
768 4095 2048 1467 4036 2007
1024 4095 2048 1585 4036 2007
1280 4095 2048 1728 4037 2007
1536 4095 2048 1893 4039 2007
1792 4095 2048 2073 4040 2007
2048 4095 2048 2265 4042 2007
2303 4095 2048 2465 4044 2007
2559 4095 2048 2674 4046 2007
2815 4095 2048 2887 4049 2007
3071 4095 2048 3105 4052 2007
3327 4095 2048 3326 4055 2007
3583 4095 2048 3549 4059 2007
3839 4095 2048 3775 4063 2008
4095 4095 2048 3986 4050 2003
0 0 2303 525 394 2209
256 0 2303 558 391 2210
512 0 2303 671 386 2211
768 0 2303 851 394 2211
1024 0 2303 1058 406 2210
1280 0 2303 1276 421 2211
1536 0 2303 1502 439 2211
1792 0 2303 1732 461 2210
2048 0 2303 1965 483 2211
2303 0 2303 2198 510 2211
2559 0 2303 2434 537 2211
2815 0 2303 2670 566 2211
3071 0 2303 2907 597 2211
3327 0 2303 3145 628 2211
3583 0 2303 3383 661 2210
3839 0 2303 3621 695 2210
4095 0 2303 3846 754 2207
0 256 2303 502 444 2212
256 256 2303 561 451 2191
512 256 2303 699 466 2161
768 256 2303 867 475 2164
1024 256 2303 1062 486 2172
1280 256 2303 1275 499 2181
1536 256 2303 1497 515 2188
1792 256 2303 1725 533 2193
2048 256 2303 1957 553 2198
2303 256 2303 2190 576 2201
2559 256 2303 2426 600 2204
2815 256 2303 2663 626 2206
3071 256 2303 2900 653 2207
3327 256 2303 3138 682 2208
3583 256 2303 3377 711 2209
3839 256 2303 3615 743 2209
4095 256 2303 3851 776 2208
0 512 2303 523 615 2211
256 512 2303 570 616 2197
512 512 2303 726 632 2134
768 512 2303 908 663 2050
1024 512 2303 1079 676 2069
1280 512 2303 1274 689 2097
1536 512 2303 1485 704 2121
1792 512 2303 1706 719 2141
2048 512 2303 1935 736 2158
2303 512 2303 2167 754 2171
2559 512 2303 2402 774 2181
2815 512 2303 2639 794 2189
3071 512 2303 2877 816 2195
3327 512 2303 3116 839 2200
3583 512 2303 3356 863 2204
3839 512 2303 3595 888 2207
4095 512 2303 3861 862 2210
0 768 2303 545 829 2212
256 768 2303 593 829 2199
512 768 2303 745 837 2146
768 768 2303 928 854 2072
1024 768 2303 1107 880 2011
1280 768 2303 1285 900 2022
1536 768 2303 1480 919 2051
1792 768 2303 1689 938 2081
2048 768 2303 1909 956 2108
2303 768 2303 2136 974 2132
2559 768 2303 2368 993 2151
2815 768 2303 2604 1012 2167
3071 768 2303 2842 1031 2180
3327 768 2303 3081 1051 2189
3583 768 2303 3322 1071 2197
3839 768 2303 3563 1093 2204
4095 768 2303 3863 1018 2211
0 1024 2303 600 1066 2210
256 1024 2303 616 1060 2209
512 1024 2303 769 1063 2162
768 1024 2303 955 1071 2098
1024 1024 2303 1138 1088 2040
1280 1024 2303 1313 1102 2056
1536 1024 2303 1502 1122 2061
1792 1024 2303 1697 1149 2062
2048 1024 2303 1902 1174 2081
2303 1024 2303 2117 1197 2104
2559 1024 2303 2341 1219 2128
2815 1024 2303 2571 1240 2149
3071 1024 2303 2806 1260 2166
3327 1024 2303 3043 1280 2181
3583 1024 2303 3282 1301 2193
3839 1024 2303 3533 1309 2204
4095 1024 2303 3866 1209 2212
0 1280 2303 632 1303 2212
256 1280 2303 658 1299 2209
512 1280 2303 803 1299 2174
768 1280 2303 988 1303 2121
1024 1280 2303 1175 1311 2072
1280 1280 2303 1348 1323 2072
1536 1280 2303 1538 1314 2214
1792 1280 2303 1751 1333 2171
2048 1280 2303 1938 1372 2118
2303 1280 2303 2133 1404 2114
2559 1280 2303 2340 1434 2127
2815 1280 2303 2558 1460 2145
3071 1280 2303 2783 1485 2164
3327 1280 2303 3013 1509 2181
3583 1280 2303 3248 1531 2196
3839 1280 2303 3535 1505 2210
4095 1280 2303 3871 1419 2213
0 1536 2303 687 1547 2212
256 1536 2303 701 1543 2214
512 1536 2303 840 1542 2187
768 1536 2303 1024 1541 2147
1024 1536 2303 1215 1544 2108
1280 1536 2303 1392 1553 2096
1536 1536 2303 1556 1556 2207
1792 1536 2303 1777 1560 2216
2048 1536 2303 2003 1565 2215
2303 1536 2303 2214 1585 2194
2559 1536 2303 2391 1628 2165
2815 1536 2303 2584 1665 2166
3071 1536 2303 2790 1697 2178
3327 1536 2303 3007 1726 2193
3583 1536 2303 3253 1737 2209
3839 1536 2303 3543 1713 2219
4095 1536 2303 3876 1643 2214
0 1792 2303 750 1791 2212
256 1792 2303 751 1790 2217
512 1792 2303 880 1787 2200
768 1792 2303 1064 1784 2171
1024 1792 2303 1258 1783 2141
1280 1792 2303 1441 1787 2127
1536 1792 2303 1597 1798 2175
1792 1792 2303 1795 1803 2217
2048 1792 2303 2019 1808 2217
2303 1792 2303 2246 1813 2217
2559 1792 2303 2476 1820 2217
2815 1792 2303 2682 1842 2209
3071 1792 2303 2847 1892 2204
3327 1792 2303 3032 1934 2214
3583 1792 2303 3268 1949 2227
3839 1792 2303 3552 1932 2230
4095 1792 2303 3883 1874 2216
0 2048 2303 790 2037 2217
256 2048 2303 813 2037 2218
512 2048 2303 934 2034 2207
768 2048 2303 1109 2029 2191
1024 2048 2303 1304 2026 2172
1280 2048 2303 1492 2026 2161
1536 2048 2303 1653 2036 2176
1792 2048 2303 1815 2049 2219
2048 2048 2303 2037 2053 2219
2303 2048 2303 2261 2058 2219
2559 2048 2303 2490 2063 2219
2815 2048 2303 2721 2069 2219
3071 2048 2303 2908 2099 2221
3327 2048 2303 3066 2148 2237
3583 2048 2303 3288 2168 2248
3839 2048 2303 3564 2158 2244
4095 2048 2303 3891 2110 2218
0 2303 2303 865 2281 2216
256 2303 2303 866 2285 2221
512 2303 2303 981 2282 2217
768 2303 2303 1152 2276 2209
1024 2303 2303 1348 2271 2200
1280 2303 2303 1544 2268 2195
1536 2303 2303 1717 2273 2199
1792 2303 2303 1839 2295 2221
2048 2303 2303 2057 2299 2221
2303 2303 2303 2280 2303 2221
2559 2303 2303 2506 2308 2221
2815 2303 2303 2735 2313 2221
3071 2303 2303 2966 2319 2221
3327 2303 2303 3112 2365 2257
3583 2303 2303 3312 2391 2273
3839 2303 2303 3577 2388 2262
4095 2303 2303 3901 2349 2220
0 2559 2303 925 2528 2220
256 2559 2303 929 2535 2224
512 2559 2303 1036 2531 2223
768 2559 2303 1199 2526 2223
1024 2559 2303 1393 2519 2223
1280 2559 2303 1593 2514 2226
1536 2559 2303 1779 2514 2231
1792 2559 2303 1928 2527 2233
2048 2559 2303 2081 2547 2224
2303 2559 2303 2300 2550 2224
2559 2559 2303 2525 2554 2223
2815 2559 2303 2752 2559 2223
3071 2559 2303 2981 2564 2223
3327 2559 2303 3183 2581 2249
3583 2559 2303 3344 2618 2301
3839 2559 2303 3594 2622 2285
4095 2559 2303 3911 2591 2223
0 2815 2303 986 2778 2224
256 2815 2303 998 2784 2227
512 2815 2303 1098 2781 2230
768 2815 2303 1254 2775 2234
1024 2815 2303 1442 2768 2242
1280 2815 2303 1642 2761 2252
1536 2815 2303 1837 2758 2263
1792 2815 2303 2007 2764 2268
2048 2815 2303 2128 2789 2239
2303 2815 2303 2323 2798 2226
2559 2815 2303 2545 2802 2226
2815 2815 2303 2770 2806 2226
3071 2815 2303 2998 2811 2226
3327 2815 2303 3228 2816 2226
3583 2815 2303 3390 2845 2319
3839 2815 2303 3613 2858 2316
4095 2815 2303 3924 2835 2227
0 3071 2303 1061 3022 2226
256 3071 2303 1064 3033 2230
512 3071 2303 1155 3032 2235
768 3071 2303 1304 3026 2243
1024 3071 2303 1488 3019 2256
1280 3071 2303 1689 3011 2272
1536 3071 2303 1890 3005 2291
1792 3071 2303 2075 3005 2304
2048 3071 2303 2230 3018 2296
2303 3071 2303 2349 3047 2230
2559 3071 2303 2568 3051 2229
2815 3071 2303 2791 3054 2229
3071 3071 2303 3017 3059 2229
3327 3071 2303 3245 3063 2229
3583 3071 2303 3475 3068 2229
3839 3071 2303 3637 3095 2357
4095 3071 2303 3937 3080 2231
0 3327 2303 1123 3277 2231
256 3327 2303 1134 3285 2234
512 3327 2303 1221 3282 2240
768 3327 2303 1362 3277 2251
1024 3327 2303 1540 3270 2268
1280 3327 2303 1738 3262 2289
1536 3327 2303 1941 3254 2313
1792 3327 2303 2134 3251 2333
2048 3327 2303 2310 3255 2342
2303 3327 2303 2454 3273 2312
2559 3327 2303 2593 3300 2233
2815 3327 2303 2813 3303 2233
3071 3327 2303 3037 3307 2233
3327 3327 2303 3264 3311 2233
3583 3327 2303 3492 3316 2232
3839 3327 2303 3675 3329 2390
4095 3327 2303 3952 3326 2235
0 3583 2303 1196 3525 2235
256 3583 2303 1203 3536 2238
512 3583 2303 1285 3533 2245
768 3583 2303 1419 3528 2258
1024 3583 2303 1591 3521 2277
1280 3583 2303 1786 3513 2302
1536 3583 2303 1990 3505 2330
1792 3583 2303 2189 3499 2357
2048 3583 2303 2377 3499 2376
2303 3583 2303 2543 3507 2374
2559 3583 2303 2683 3529 2320
2815 3583 2303 2850 3548 2258
3071 3583 2303 3074 3549 2277
3327 3583 2303 3295 3553 2296
3583 3583 2303 3513 3559 2314
3839 3583 2303 3729 3567 2332
4095 3583 2303 3968 3573 2244
0 3839 2303 1269 3773 2239
256 3839 2303 1274 3786 2242
512 3839 2303 1350 3784 2249
768 3839 2303 1477 3779 2264
1024 3839 2303 1644 3773 2285
1280 3839 2303 1835 3765 2312
1536 3839 2303 2037 3756 2343
1792 3839 2303 2240 3750 2374
2048 3839 2303 2436 3746 2403
2303 3839 2303 2617 3748 2417
2559 3839 2303 2788 3757 2414
2815 3839 2303 2968 3766 2408
3071 3839 2303 3154 3777 2397
3327 3839 2303 3349 3788 2384
3583 3839 2303 3555 3796 2393
3839 3839 2303 3764 3806 2407
4095 3839 2303 3971 3816 2437
0 4095 2303 1343 4022 2243
256 4095 2303 1356 4023 2243
512 4095 2303 1401 4026 2244
768 4095 2303 1482 4032 2245
1024 4095 2303 1596 4037 2246
1280 4095 2303 1739 4040 2246
1536 4095 2303 1903 4041 2247
1792 4095 2303 2081 4043 2246
2048 4095 2303 2274 4044 2247
2303 4095 2303 2473 4046 2246
2559 4095 2303 2680 4049 2246
2815 4095 2303 2893 4051 2246
3071 4095 2303 3111 4054 2247
3327 4095 2303 3331 4057 2247
3583 4095 2303 3554 4061 2247
3839 4095 2303 3780 4065 2247
4095 4095 2303 4004 4067 2244
0 0 2559 583 437 2452
256 0 2559 612 435 2454
512 0 2559 710 428 2457
768 0 2559 882 435 2457
1024 0 2559 1081 445 2457
1280 0 2559 1295 459 2457
1536 0 2559 1518 476 2456
1792 0 2559 1745 495 2457
2048 0 2559 1976 516 2457
2303 0 2559 2208 540 2457
2559 0 2559 2443 566 2457
2815 0 2559 2678 593 2457
3071 0 2559 2915 622 2457
3327 0 2559 3152 652 2457
3583 0 2559 3389 684 2456
3839 0 2559 3627 716 2456
4095 0 2559 3858 761 2454
0 256 2559 557 480 2457
256 256 2559 610 486 2439
512 256 2559 737 499 2414
768 256 2559 899 509 2412
1024 256 2559 1089 518 2419
1280 256 2559 1296 530 2427
1536 256 2559 1515 545 2432
1792 256 2559 1740 562 2438
2048 256 2559 1970 581 2442
2303 256 2559 2201 602 2445
2559 256 2559 2436 625 2448
2815 256 2559 2671 650 2450
3071 256 2559 2908 676 2452
3327 256 2559 3145 703 2453
3583 256 2559 3383 733 2454
3839 256 2559 3621 762 2454
4095 256 2559 3865 781 2456
0 512 2559 572 639 2458
256 512 2559 620 641 2442
512 512 2559 765 657 2385
768 512 2559 945 687 2302
1024 512 2559 1113 700 2313
1280 512 2559 1302 712 2338
1536 512 2559 1508 725 2361
1792 512 2559 1726 740 2380
2048 512 2559 1951 756 2397
2303 512 2559 2180 774 2410
2559 512 2559 2414 793 2421
2815 512 2559 2649 812 2429
3071 512 2559 2886 834 2436
3327 512 2559 3124 856 2441
3583 512 2559 3363 879 2445
3839 512 2559 3602 904 2449
4095 512 2559 3866 879 2456
0 768 2559 594 846 2458
256 768 2559 639 847 2445
512 768 2559 782 855 2396
768 768 2559 963 873 2320
1024 768 2559 1144 901 2246
1280 768 2559 1318 922 2246
1536 768 2559 1508 938 2278
1792 768 2559 1713 955 2308
2048 768 2559 1930 973 2337
2303 768 2559 2153 990 2361
2559 768 2559 2383 1008 2382
2815 768 2559 2617 1026 2399
3071 768 2559 2853 1045 2413
3327 768 2559 3091 1065 2424
3583 768 2559 3330 1084 2433
3839 768 2559 3570 1105 2440
4095 768 2559 3868 1032 2457
0 1024 2559 637 1076 2456
256 1024 2559 662 1073 2453
512 1024 2559 803 1077 2410
768 1024 2559 986 1087 2342
1024 1024 2559 1171 1104 2274
1280 1024 2559 1347 1125 2247
1536 1024 2559 1528 1144 2261
1792 1024 2559 1720 1167 2272
2048 1024 2559 1923 1190 2295
2303 1024 2559 2136 1211 2322
2559 1024 2559 2358 1232 2347
2815 1024 2559 2586 1252 2370
3071 1024 2559 2818 1272 2390
3327 1024 2559 3054 1292 2407
3583 1024 2559 3292 1312 2421
3839 1024 2559 3536 1326 2434
4095 1024 2559 3871 1220 2457
0 1280 2559 669 1311 2458
256 1280 2559 701 1310 2453
512 1280 2559 836 1311 2418
768 1280 2559 1016 1315 2363
1024 1280 2559 1204 1325 2304
1280 1280 2559 1381 1340 2274
1536 1280 2559 1559 1348 2322
1792 1280 2559 1757 1361 2343
2048 1280 2559 1950 1391 2320
2303 1280 2559 2147 1421 2321
2559 1280 2559 2355 1448 2337
2815 1280 2559 2571 1473 2357
3071 1280 2559 2795 1497 2378
3327 1280 2559 3024 1519 2398
3583 1280 2559 3258 1541 2415
3839 1280 2559 3541 1517 2439
4095 1280 2559 3876 1429 2458
0 1536 2559 724 1554 2456
256 1536 2559 739 1552 2459
512 1536 2559 869 1551 2431
768 1536 2559 1049 1552 2386
1024 1536 2559 1240 1556 2337
1280 1536 2559 1422 1565 2305
1536 1536 2559 1592 1575 2344
1792 1536 2559 1788 1578 2407
2048 1536 2559 2009 1580 2440
2303 1536 2559 2209 1607 2401
2559 1536 2559 2395 1646 2373
2815 1536 2559 2592 1679 2374
3071 1536 2559 2799 1710 2386
3327 1536 2559 3016 1738 2403
3583 1536 2559 3259 1749 2424
3839 1536 2559 3548 1723 2447
4095 1536 2559 3881 1650 2459
0 1792 2559 776 1797 2457
256 1792 2559 787 1797 2461
512 1792 2559 910 1795 2441
768 1792 2559 1085 1793 2409
1024 1792 2559 1280 1793 2368
1280 1792 2559 1466 1798 2340
1536 1792 2559 1635 1808 2355
1792 1792 2559 1807 1810 2462
2048 1792 2559 2030 1815 2462
2303 1792 2559 2255 1820 2462
2559 1792 2559 2485 1826 2462
2815 1792 2559 2671 1862 2431
3071 1792 2559 2851 1904 2419
3327 1792 2559 3039 1945 2422
3583 1792 2559 3275 1959 2440
3839 1792 2559 3558 1941 2456
4095 1792 2559 3888 1880 2461
0 2048 2559 818 2043 2463
256 2048 2559 846 2043 2461
512 2048 2559 961 2041 2448
768 2048 2559 1131 2037 2425
1024 2048 2559 1323 2035 2397
1280 2048 2559 1513 2036 2375
1536 2048 2559 1686 2043 2376
1792 2048 2559 1828 2055 2464
2048 2048 2559 2048 2059 2464
2303 2048 2559 2271 2064 2464
2559 2048 2559 2499 2069 2464
2815 2048 2559 2728 2075 2464
3071 2048 2559 2914 2107 2449
3327 2048 2559 3073 2158 2446
3583 2048 2559 3294 2177 2460
3839 2048 2559 3569 2166 2469
4095 2048 2559 3897 2115 2463
0 2303 2559 892 2287 2460
256 2303 2559 896 2290 2466
512 2303 2559 1006 2288 2457
768 2303 2559 1172 2283 2443
1024 2303 2559 1365 2279 2425
1280 2303 2559 1561 2276 2409
1536 2303 2559 1741 2280 2406
1792 2303 2559 1886 2294 2437
2048 2303 2559 2068 2304 2466
2303 2303 2559 2289 2308 2466
2559 2303 2559 2515 2313 2466
2815 2303 2559 2743 2318 2466
3071 2303 2559 2973 2324 2465
3327 2303 2559 3117 2374 2471
3583 2303 2559 3318 2399 2483
3839 2303 2559 3583 2395 2484
4095 2303 2559 3906 2354 2465
0 2559 2559 947 2535 2464
256 2559 2559 960 2539 2468
512 2559 2559 1062 2536 2464
768 2559 2559 1221 2531 2457
1024 2559 2559 1410 2526 2448
1280 2559 2559 1607 2521 2441
1536 2559 2559 1796 2521 2439
1792 2559 2559 1956 2530 2448
2048 2559 2559 2091 2551 2468
2303 2559 2559 2310 2555 2468
2559 2559 2559 2533 2559 2468
2815 2559 2559 2759 2564 2468
3071 2559 2559 2988 2569 2468
3327 2559 2559 3180 2591 2483
3583 2559 2559 3349 2626 2509
3839 2559 2559 3599 2628 2504
4095 2559 2559 3917 2595 2467
0 2815 2559 1012 2783 2467
256 2815 2559 1023 2788 2471
512 2815 2559 1120 2785 2470
768 2815 2559 1273 2780 2469
1024 2815 2559 1459 2774 2468
1280 2815 2559 1657 2768 2469
1536 2815 2559 1851 2764 2472
1792 2815 2559 2025 2769 2478
2048 2815 2559 2153 2790 2476
2303 2815 2559 2332 2803 2471
2559 2815 2559 2553 2806 2470
2815 2815 2559 2778 2810 2470
3071 2815 2559 3005 2815 2470
3327 2815 2559 3234 2820 2470
3583 2815 2559 3391 2853 2533
3839 2815 2559 3618 2864 2530
4095 2815 2559 3929 2839 2470
0 3071 2559 1080 3029 2469
256 3071 2559 1086 3038 2474
512 3071 2559 1178 3035 2476
768 3071 2559 1323 3030 2479
1024 3071 2559 1505 3024 2484
1280 3071 2559 1703 3016 2492
1536 3071 2559 1903 3011 2502
1792 3071 2559 2088 3011 2511
2048 3071 2559 2244 3022 2510
2303 3071 2559 2358 3051 2473
2559 3071 2559 2576 3054 2473
2815 3071 2559 2798 3058 2473
3071 3071 2559 3024 3062 2473
3327 3071 2559 3251 3067 2473
3583 3071 2559 3465 3076 2501
3839 3071 2559 3642 3100 2565
4095 3071 2559 3942 3084 2474
0 3327 2559 1143 3283 2474
256 3327 2559 1157 3288 2477
512 3327 2559 1242 3285 2481
768 3327 2559 1381 3280 2488
1024 3327 2559 1556 3274 2498
1280 3327 2559 1751 3266 2511
1536 3327 2559 1952 3259 2526
1792 3327 2559 2146 3256 2541
2048 3327 2559 2321 3260 2549
2303 3327 2559 2460 3278 2529
2559 3327 2559 2601 3303 2476
2815 3327 2559 2821 3306 2476
3071 3327 2559 3044 3310 2476
3327 3327 2559 3270 3314 2476
3583 3327 2559 3498 3319 2476
3839 3327 2559 3676 3335 2604
4095 3327 2559 3957 3330 2477
0 3583 2559 1217 3527 2476
256 3583 2559 1223 3539 2480
512 3583 2559 1304 3536 2486
768 3583 2559 1436 3531 2495
1024 3583 2559 1607 3524 2508
1280 3583 2559 1800 3517 2526
1536 3583 2559 2000 3509 2546
1792 3583 2559 2199 3504 2567
2048 3583 2559 2386 3503 2583
2303 3583 2559 2550 3512 2582
2559 3583 2559 2680 3536 2533
2815 3583 2559 2845 3555 2480
3071 3583 2559 3066 3559 2479
3327 3583 2559 3290 3563 2479
3583 3583 2559 3517 3567 2479
3839 3583 2559 3745 3571 2479
4095 3583 2559 3973 3577 2485
0 3839 2559 1285 3780 2481
256 3839 2559 1294 3789 2484
512 3839 2559 1370 3787 2490
768 3839 2559 1496 3782 2501
1024 3839 2559 1660 3776 2518
1280 3839 2559 1848 3768 2538
1536 3839 2559 2047 3760 2562
1792 3839 2559 2249 3753 2588
2048 3839 2559 2445 3750 2611
2303 3839 2559 2623 3752 2623
2559 3839 2559 2790 3762 2618
2815 3839 2559 2970 3772 2614
3071 3839 2559 3152 3784 2600
3327 3839 2559 3338 3799 2558
3583 3839 2559 3538 3815 2488
3839 3839 2559 3764 3818 2505
4095 3839 2559 3989 3823 2509
0 4095 2559 1368 4012 2480
256 4095 2559 1380 4014 2480
512 4095 2559 1422 4022 2482
768 4095 2559 1498 4034 2486
1024 4095 2559 1611 4042 2488
1280 4095 2559 1753 4042 2489
1536 4095 2559 1914 4044 2488
1792 4095 2559 2093 4045 2488
2048 4095 2559 2282 4047 2488
2303 4095 2559 2482 4049 2488
2559 4095 2559 2688 4051 2488
2815 4095 2559 2900 4054 2488
3071 4095 2559 3117 4057 2488
3327 4095 2559 3336 4060 2488
3583 4095 2559 3559 4064 2488
3839 4095 2559 3785 4067 2490
4095 4095 2559 4005 4065 2484
0 0 2815 641 481 2696
256 0 2815 667 479 2697
512 0 2815 755 471 2703
768 0 2815 915 476 2703
1024 0 2815 1107 485 2703
1280 0 2815 1316 497 2703
1536 0 2815 1535 512 2703
1792 0 2815 1760 530 2702
2048 0 2815 1989 550 2703
2303 0 2815 2219 572 2703
2559 0 2815 2453 596 2703
2815 0 2815 2687 622 2703
3071 0 2815 2923 649 2703
3327 0 2815 3159 678 2702
3583 0 2815 3396 708 2702
3839 0 2815 3633 739 2702
4095 0 2815 3852 804 2693
0 256 2815 612 516 2703
256 256 2815 660 523 2687
512 256 2815 777 533 2666
768 256 2815 933 543 2661
1024 256 2815 1117 552 2667
1280 256 2815 1319 563 2673
1536 256 2815 1534 577 2678
1792 256 2815 1757 592 2683
2048 256 2815 1984 610 2687
2303 256 2815 2214 630 2690
2559 256 2815 2447 652 2693
2815 256 2815 2681 675 2695
3071 256 2815 2917 701 2697
3327 256 2815 3153 727 2698
3583 256 2815 3390 755 2699
3839 256 2815 3628 784 2700
4095 256 2815 3859 820 2697
0 512 2815 626 665 2703
256 512 2815 668 668 2690
512 512 2815 806 683 2637
768 512 2815 982 712 2557
1024 512 2815 1147 726 2560
1280 512 2815 1331 736 2582
1536 512 2815 1533 749 2602
1792 512 2815 1747 763 2621
2048 512 2815 1969 778 2637
2303 512 2815 2196 795 2650
2559 512 2815 2427 813 2661
2815 512 2815 2661 832 2670
3071 512 2815 2896 853 2677
3327 512 2815 3133 875 2683
3583 512 2815 3371 897 2687
3839 512 2815 3609 922 2691
4095 512 2815 3872 896 2702
0 768 2815 644 864 2704
256 768 2815 687 866 2692
512 768 2815 821 875 2645
768 768 2815 998 893 2572
1024 768 2815 1181 921 2490
1280 768 2815 1354 944 2477
1536 768 2815 1538 959 2509
1792 768 2815 1739 974 2540
2048 768 2815 1952 990 2568
2303 768 2815 2172 1007 2593
2559 768 2815 2399 1024 2614
2815 768 2815 2631 1042 2632
3071 768 2815 2865 1060 2647
3327 768 2815 3102 1079 2659
3583 768 2815 3340 1099 2669
3839 768 2815 3578 1119 2678
4095 768 2815 3874 1046 2703
0 1024 2815 682 1090 2701
256 1024 2815 709 1088 2697
512 1024 2815 842 1092 2656
768 1024 2815 1019 1103 2590
1024 1024 2815 1205 1121 2515
1280 1024 2815 1382 1145 2464
1536 1024 2815 1559 1166 2467
1792 1024 2815 1747 1187 2487
2048 1024 2815 1947 1207 2513
2303 1024 2815 2157 1227 2542
2559 1024 2815 2376 1247 2570
2815 1024 2815 2602 1266 2594
3071 1024 2815 2832 1285 2616
3327 1024 2815 3066 1304 2634
3583 1024 2815 3303 1323 2650
3839 1024 2815 3544 1339 2664
4095 1024 2815 3877 1232 2703
0 1280 2815 714 1323 2703
256 1280 2815 744 1321 2698
512 1280 2815 872 1323 2663
768 1280 2815 1047 1329 2607
1024 1280 2815 1234 1339 2542
1280 1280 2815 1414 1356 2493
1536 1280 2815 1589 1372 2494
1792 1280 2815 1774 1390 2507
2048 1280 2815 1968 1411 2521
2303 1280 2815 2165 1438 2529
2559 1280 2815 2372 1463 2548
2815 1280 2815 2587 1487 2571
3071 1280 2815 2810 1509 2594
3327 1280 2815 3038 1531 2616
3583 1280 2815 3270 1552 2635
3839 1280 2815 3548 1530 2668
4095 1280 2815 3882 1438 2704
0 1536 2815 759 1562 2703
256 1536 2815 782 1561 2702
512 1536 2815 905 1561 2674
768 1536 2815 1077 1563 2628
1024 1536 2815 1267 1568 2572
1280 1536 2815 1451 1579 2526
1536 1536 2815 1625 1591 2525
1792 1536 2815 1807 1605 2543
2048 1536 2815 2002 1620 2561
2303 1536 2815 2206 1635 2582
2559 1536 2815 2404 1663 2577
2815 1536 2815 2603 1695 2581
3071 1536 2815 2811 1723 2595
3327 1536 2815 3028 1750 2613
3583 1536 2815 3266 1762 2639
3839 1536 2815 3555 1734 2675
4095 1536 2815 3888 1659 2705
0 1792 2815 813 1805 2701
256 1792 2815 825 1804 2706
512 1792 2815 944 1803 2683
768 1792 2815 1113 1803 2646
1024 1792 2815 1303 1804 2602
1280 1792 2815 1492 1810 2560
1536 1792 2815 1667 1820 2551
1792 1792 2815 1841 1829 2591
2048 1792 2815 2037 1840 2611
2303 1792 2815 2245 1849 2635
2559 1792 2815 2471 1852 2665
2815 1792 2815 2667 1882 2643
3071 1792 2815 2854 1921 2628
3327 1792 2815 3048 1957 2631
3583 1792 2815 3282 1971 2653
3839 1792 2815 3565 1950 2683
4095 1792 2815 3894 1888 2706
0 2048 2815 852 2050 2708
256 2048 2815 882 2050 2705
512 2048 2815 993 2048 2689
768 2048 2815 1156 2046 2661
1024 2048 2815 1344 2044 2627
1280 2048 2815 1535 2046 2595
1536 2048 2815 1714 2053 2581
1792 2048 2815 1875 2063 2627
2048 2048 2815 2064 2068 2681
2303 2048 2815 2282 2070 2709
2559 2048 2815 2508 2076 2709
2815 2048 2815 2737 2082 2709
3071 2048 2815 2929 2112 2681
3327 2048 2815 3082 2168 2655
3583 2048 2815 3301 2187 2671
3839 2048 2815 3576 2174 2693
4095 2048 2815 3903 2122 2708
0 2303 2815 919 2294 2705
256 2303 2815 931 2296 2710
512 2303 2815 1038 2294 2698
768 2303 2815 1198 2290 2678
1024 2303 2815 1384 2287 2654
1280 2303 2815 1579 2285 2629
1536 2303 2815 1764 2289 2614
1792 2303 2815 1926 2299 2633
2048 2303 2815 2080 2310 2711
2303 2303 2815 2300 2314 2711
2559 2303 2815 2524 2319 2711
2815 2303 2815 2752 2324 2711
3071 2303 2815 2981 2330 2710
3327 2303 2815 3125 2382 2683
3583 2303 2815 3325 2409 2692
3839 2303 2815 3589 2402 2707
4095 2303 2815 3912 2359 2710
0 2559 2815 978 2540 2707
256 2559 2815 990 2544 2712
512 2559 2815 1090 2542 2705
768 2559 2815 1245 2537 2692
1024 2559 2815 1430 2533 2676
1280 2559 2815 1625 2529 2660
1536 2559 2815 1815 2529 2650
1792 2559 2815 1985 2536 2655
2048 2559 2815 2115 2554 2703
2303 2559 2815 2320 2560 2713
2559 2559 2815 2542 2564 2713
2815 2559 2815 2768 2569 2713
3071 2559 2815 2996 2574 2712
3327 2559 2815 3184 2599 2709
3583 2559 2815 3356 2634 2718
3839 2559 2815 3605 2635 2724
4095 2559 2815 3923 2600 2712
0 2815 2815 1035 2790 2712
256 2815 2815 1054 2793 2715
512 2815 2815 1147 2790 2711
768 2815 2815 1295 2785 2704
1024 2815 2815 1477 2780 2696
1280 2815 2815 1673 2775 2688
1536 2815 2815 1867 2772 2683
1792 2815 2815 2045 2775 2685
2048 2815 2815 2190 2790 2699
2303 2815 2815 2343 2807 2715
2559 2815 2815 2563 2811 2715
2815 2815 2815 2786 2815 2715
3071 2815 2815 3013 2820 2715
3327 2815 2815 3241 2825 2715
3583 2815 2815 3396 2860 2744
3839 2815 2815 3624 2870 2746
4095 2815 2815 3935 2843 2714
0 3071 2815 1104 3035 2712
256 3071 2815 1114 3042 2718
512 3071 2815 1203 3040 2717
768 3071 2815 1345 3035 2715
1024 3071 2815 1522 3029 2713
1280 3071 2815 1718 3022 2713
1536 3071 2815 1916 3017 2714
1792 3071 2815 2104 3017 2718
2048 3071 2815 2265 3026 2723
2303 3071 2815 2371 3054 2718
2559 3071 2815 2585 3059 2717
2815 3071 2815 2807 3062 2717
3071 3071 2815 3031 3066 2717
3327 3071 2815 3258 3071 2717
3583 3071 2815 3458 3085 2747
3839 3071 2815 3648 3106 2776
4095 3071 2815 3948 3088 2718
0 3327 2815 1168 3286 2717
256 3327 2815 1181 3292 2721
512 3327 2815 1264 3289 2722
768 3327 2815 1399 3285 2724
1024 3327 2815 1571 3279 2728
1280 3327 2815 1764 3272 2733
1536 3327 2815 1964 3265 2741
1792 3327 2815 2158 3262 2750
2048 3327 2815 2335 3265 2757
2303 3327 2815 2475 3282 2750
2559 3327 2815 2610 3307 2720
2815 3327 2815 2829 3310 2720
3071 3327 2815 3052 3314 2720
3327 3327 2815 3277 3318 2720
3583 3327 2815 3504 3323 2720
3839 3327 2815 3680 3341 2812
4095 3327 2815 3963 3333 2721
0 3583 2815 1235 3536 2720
256 3583 2815 1249 3542 2724
512 3583 2815 1327 3539 2727
768 3583 2815 1456 3535 2732
1024 3583 2815 1622 3529 2740
1280 3583 2815 1812 3521 2750
1536 3583 2815 2012 3514 2763
1792 3583 2815 2211 3509 2778
2048 3583 2815 2398 3508 2790
2303 3583 2815 2561 3517 2791
2559 3583 2815 2684 3542 2756
2815 3583 2815 2853 3559 2723
3071 3583 2815 3074 3562 2723
3327 3583 2815 3297 3566 2723
3583 3583 2815 3523 3570 2723
3839 3583 2815 3751 3575 2722
4095 3583 2815 3979 3580 2726
0 3839 2815 1306 3784 2723
256 3839 2815 1316 3792 2727
512 3839 2815 1389 3790 2731
768 3839 2815 1512 3786 2739
1024 3839 2815 1673 3780 2749
1280 3839 2815 1859 3772 2764
1536 3839 2815 2058 3765 2782
1792 3839 2815 2261 3758 2801
2048 3839 2815 2456 3754 2820
2303 3839 2815 2633 3757 2830
2559 3839 2815 2795 3768 2825
2815 3839 2815 2972 3778 2821
3071 3839 2815 3152 3791 2806
3327 3839 2815 3334 3808 2760
3583 3839 2815 3543 3818 2726
3839 3839 2815 3770 3823 2726
4095 3839 2815 3996 3827 2736
0 4095 2815 1384 4021 2721
256 4095 2815 1392 4029 2725
512 4095 2815 1431 4043 2731
768 4095 2815 1514 4044 2731
1024 4095 2815 1628 4044 2731
1280 4095 2815 1768 4045 2731
1536 4095 2815 1927 4047 2731
1792 4095 2815 2105 4048 2731
2048 4095 2815 2293 4050 2731
2303 4095 2815 2491 4052 2731
2559 4095 2815 2697 4054 2731
2815 4095 2815 2908 4057 2731
3071 4095 2815 3124 4060 2731
3327 4095 2815 3343 4063 2730
3583 4095 2815 3566 4067 2731
3839 4095 2815 3790 4071 2732
4095 4095 2815 4007 4065 2725
0 0 3071 698 524 2938
256 0 3071 722 522 2940
512 0 3071 803 516 2947
768 0 3071 950 517 2949
1024 0 3071 1135 526 2949
1280 0 3071 1339 537 2949
1536 0 3071 1554 551 2948
1792 0 3071 1776 567 2948
2048 0 3071 2003 585 2949
2303 0 3071 2232 606 2948
2559 0 3071 2463 629 2948
2815 0 3071 2697 653 2948
3071 0 3071 2931 679 2948
3327 0 3071 3167 706 2948
3583 0 3071 3403 735 2948
3839 0 3071 3640 764 2948
4095 0 3071 3864 818 2940
0 256 3071 667 554 2949
256 256 3071 710 560 2934
512 256 3071 818 569 2918
768 256 3071 969 579 2909
1024 256 3071 1146 587 2914
1280 256 3071 1344 597 2919
1536 256 3071 1555 610 2924
1792 256 3071 1774 625 2928
2048 256 3071 1999 641 2932
2303 256 3071 2227 661 2935
2559 256 3071 2458 681 2938
2815 256 3071 2691 703 2940
3071 256 3071 2926 728 2941
3327 256 3071 3161 753 2943
3583 256 3071 3398 780 2944
3839 256 3071 3635 808 2945
4095 256 3071 3868 839 2942
0 512 3071 678 693 2949
256 512 3071 719 696 2936
512 512 3071 847 711 2888
768 512 3071 1020 739 2811
1024 512 3071 1181 752 2808
1280 512 3071 1361 762 2827
1536 512 3071 1559 774 2846
1792 512 3071 1769 787 2863
2048 512 3071 1988 802 2879
2303 512 3071 2212 818 2891
2559 512 3071 2441 835 2902
2815 512 3071 2673 854 2911
3071 512 3071 2907 874 2918
3327 512 3071 3143 895 2924
3583 512 3071 3380 917 2929
3839 512 3071 3617 941 2933
4095 512 3071 3878 917 2948
0 768 3071 696 885 2950
256 768 3071 735 887 2938
512 768 3071 862 896 2894
768 768 3071 1034 914 2823
1024 768 3071 1217 943 2739
1280 768 3071 1390 967 2713
1536 768 3071 1570 980 2744
1792 768 3071 1767 994 2774
2048 768 3071 1976 1009 2802
2303 768 3071 2193 1025 2827
2559 768 3071 2417 1042 2849
2815 768 3071 2647 1059 2867
3071 768 3071 2879 1077 2883
3327 768 3071 3114 1095 2895
3583 768 3071 3350 1114 2906
3839 768 3071 3588 1135 2915
4095 768 3071 3880 1064 2948
0 1024 3071 732 1106 2946
256 1024 3071 755 1104 2944
512 1024 3071 880 1109 2904
768 1024 3071 1053 1120 2838
1024 1024 3071 1238 1139 2761
1280 1024 3071 1418 1164 2696
1536 1024 3071 1592 1185 2695
1792 1024 3071 1776 1206 2707
2048 1024 3071 1973 1225 2735
2303 1024 3071 2180 1244 2766
2559 1024 3071 2397 1262 2794
2815 1024 3071 2620 1281 2820
3071 1024 3071 2848 1299 2843
3327 1024 3071 3080 1318 2863
3583 1024 3071 3315 1337 2880
3839 1024 3071 3556 1351 2896
4095 1024 3071 3883 1247 2949
0 1280 3071 760 1335 2948
256 1280 3071 788 1334 2944
512 1280 3071 908 1337 2910
768 1280 3071 1079 1343 2853
1024 1280 3071 1265 1354 2785
1280 1280 3071 1447 1372 2724
1536 1280 3071 1621 1390 2711
1792 1280 3071 1802 1408 2719
2048 1280 3071 1992 1431 2728
2303 1280 3071 2187 1455 2740
2559 1280 3071 2392 1479 2762
2815 1280 3071 2606 1501 2787
3071 1280 3071 2826 1523 2812
3327 1280 3071 3052 1544 2836
3583 1280 3071 3283 1564 2857
3839 1280 3071 3554 1545 2896
4095 1280 3071 3888 1451 2949
0 1536 3071 806 1573 2946
256 1536 3071 822 1572 2949
512 1536 3071 939 1572 2920
768 1536 3071 1108 1575 2871
1024 1536 3071 1294 1581 2813
1280 1536 3071 1481 1592 2756
1536 1536 3071 1657 1607 2731
1792 1536 3071 1835 1623 2739
2048 1536 3071 2022 1641 2749
2303 1536 3071 2215 1661 2761
2559 1536 3071 2414 1684 2775
2815 1536 3071 2617 1711 2788
3071 1536 3071 2826 1737 2804
3327 1536 3071 3042 1763 2825
3583 1536 3071 3275 1778 2853
3839 1536 3071 3562 1748 2902
4095 1536 3071 3893 1669 2950
0 1792 3071 857 1814 2944
256 1792 3071 862 1813 2953
512 1792 3071 975 1813 2929
768 1792 3071 1142 1813 2888
1024 1792 3071 1329 1815 2838
1280 1792 3071 1518 1822 2788
1536 1792 3071 1697 1833 2760
1792 1792 3071 1872 1845 2766
2048 1792 3071 2057 1860 2777
2303 1792 3071 2248 1877 2790
2559 1792 3071 2447 1895 2805
2815 1792 3071 2654 1914 2823
3071 1792 3071 2861 1937 2835
3327 1792 3071 3060 1970 2839
3583 1792 3071 3290 1984 2866
3839 1792 3071 3571 1962 2909
4095 1792 3071 3900 1896 2952
0 2048 3071 893 2057 2952
256 2048 3071 917 2057 2951
512 2048 3071 1023 2056 2932
768 2048 3071 1182 2055 2901
1024 2048 3071 1368 2054 2861
1280 2048 3071 1558 2057 2820
1536 2048 3071 1741 2064 2793
1792 2048 3071 1913 2074 2801
2048 2048 3071 2095 2086 2813
2303 2048 3071 2286 2099 2828
2559 2048 3071 2486 2113 2846
2815 2048 3071 2697 2125 2867
3071 2048 3071 2923 2132 2894
3327 2048 3071 3093 2179 2865
3583 2048 3071 3310 2199 2882
3839 2048 3071 3582 2185 2918
4095 2048 3071 3908 2129 2953
0 2303 3071 961 2299 2944
256 2303 3071 963 2303 2956
512 2303 3071 1064 2301 2942
768 2303 3071 1221 2298 2918
1024 2303 3071 1407 2296 2885
1280 2303 3071 1600 2295 2853
1536 2303 3071 1787 2299 2828
1792 2303 3071 1959 2307 2831
2048 2303 3071 2129 2317 2862
2303 2303 3071 2321 2327 2880
2559 2303 3071 2526 2335 2902
2815 2303 3071 2749 2339 2930
3071 2303 3071 2990 2336 2956
3327 2303 3071 3137 2391 2897
3583 2303 3071 3334 2419 2902
3839 2303 3071 3596 2412 2929
4095 2303 3071 3917 2366 2955
0 2559 3071 1013 2545 2949
256 2559 3071 1019 2550 2958
512 2559 3071 1115 2548 2948
768 2559 3071 1265 2545 2931
1024 2559 3071 1448 2541 2908
1280 2559 3071 1644 2538 2883
1536 2559 3071 1835 2538 2864
1792 2559 3071 2012 2544 2860
2048 2559 3071 2164 2556 2897
2303 2559 3071 2332 2566 2958
2559 2559 3071 2553 2570 2958
2815 2559 3071 2777 2574 2958
3071 2559 3071 3005 2580 2957
3327 2559 3071 3196 2605 2936
3583 2559 3071 3364 2643 2926
3839 2559 3071 3612 2643 2944
4095 2559 3071 3928 2606 2957
0 2815 3071 1070 2793 2953
256 2815 3071 1080 2798 2960
512 2815 3071 1172 2796 2953
768 2815 3071 1316 2792 2942
1024 2815 3071 1495 2787 2927
1280 2815 3071 1689 2782 2911
1536 2815 3071 1884 2780 2898
1792 2815 3071 2066 2783 2893
2048 2815 3071 2225 2793 2907
2303 2815 3071 2355 2812 2960
2559 2815 3071 2573 2816 2960
2815 2815 3071 2796 2820 2960
3071 2815 3071 3021 2825 2959
3327 2815 3071 3249 2830 2959
3583 2815 3071 3404 2869 2953
3839 2815 3071 3631 2878 2963
4095 2815 3071 3940 2849 2959
0 3071 3071 1140 3035 2950
256 3071 3071 1144 3044 2959
512 3071 3071 1223 3045 2959
768 3071 3071 1363 3041 2953
1024 3071 3071 1538 3035 2945
1280 3071 3071 1732 3030 2936
1536 3071 3071 1931 3025 2929
1792 3071 3071 2121 3024 2927
2048 3071 3071 2289 3031 2932
2303 3071 3071 2416 3051 2952
2559 3071 3071 2596 3063 2962
2815 3071 3071 2816 3067 2962
3071 3071 3071 3040 3071 2962
3327 3071 3071 3266 3076 2962
3583 3071 3071 3461 3093 2974
3839 3071 3071 3655 3113 2988
4095 3071 3071 3953 3093 2962
0 3327 3071 1195 3290 2959
256 3327 3071 1206 3296 2965
512 3327 3071 1286 3294 2964
768 3327 3071 1419 3290 2962
1024 3327 3071 1588 3284 2959
1280 3327 3071 1779 3278 2958
1536 3327 3071 1977 3272 2958
1792 3327 3071 2173 3269 2960
2048 3327 3071 2352 3271 2964
2303 3327 3071 2501 3285 2969
2559 3327 3071 2620 3311 2964
2815 3327 3071 2838 3314 2964
3071 3327 3071 3060 3318 2964
3327 3327 3071 3285 3322 2964
3583 3327 3071 3512 3327 2964
3839 3327 3071 3687 3348 3019
4095 3327 3071 3969 3338 2965
0 3583 3071 1266 3533 2958
256 3583 3071 1269 3546 2968
512 3583 3071 1346 3544 2968
768 3583 3071 1473 3540 2970
1024 3583 3071 1638 3534 2972
1280 3583 3071 1827 3527 2976
1536 3583 3071 2026 3520 2982
1792 3583 3071 2224 3515 2989
2048 3583 3071 2412 3514 2997
2303 3583 3071 2577 3522 3002
2559 3583 3071 2703 3544 2988
2815 3583 3071 2862 3563 2967
3071 3583 3071 3082 3566 2967
3327 3583 3071 3305 3570 2967
3583 3583 3071 3530 3574 2967
3839 3583 3071 3745 3580 3005
4095 3583 3071 3985 3584 2970
0 3839 3071 1333 3782 2962
256 3839 3071 1338 3794 2969
512 3839 3071 1408 3794 2973
768 3839 3071 1529 3790 2977
1024 3839 3071 1689 3784 2983
1280 3839 3071 1873 3777 2991
1536 3839 3071 2072 3770 3002
1792 3839 3071 2273 3763 3015
2048 3839 3071 2468 3760 3028
2303 3839 3071 2645 3762 3037
2559 3839 3071 2806 3773 3035
2815 3839 3071 2974 3785 3030
3071 3839 3071 3150 3799 3015
3327 3839 3071 3327 3818 2970
3583 3839 3071 3551 3822 2970
3839 3839 3071 3776 3826 2969
4095 3839 3071 4002 3831 2978
0 4095 3071 1402 4031 2965
256 4095 3071 1414 4032 2966
512 4095 3071 1458 4035 2967
768 4095 3071 1535 4040 2970
1024 4095 3071 1645 4046 2972
1280 4095 3071 1783 4049 2974
1536 4095 3071 1943 4050 2974
1792 4095 3071 2116 4052 2974
2048 4095 3071 2305 4053 2974
2303 4095 3071 2501 4055 2974
2559 4095 3071 2706 4058 2974
2815 4095 3071 2917 4060 2974
3071 4095 3071 3132 4063 2974
3327 4095 3071 3351 4067 2974
3583 4095 3071 3573 4070 2974
3839 4095 3071 3797 4074 2974
4095 4095 3071 4016 4071 2969
0 0 3327 756 567 3181
256 0 3327 778 566 3183
512 0 3327 852 560 3190
768 0 3327 987 559 3195
1024 0 3327 1165 566 3194
1280 0 3327 1364 576 3195
1536 0 3327 1575 589 3194
1792 0 3327 1794 604 3194
2048 0 3327 2018 621 3195
2303 0 3327 2245 640 3194
2559 0 3327 2476 661 3195
2815 0 3327 2708 684 3195
3071 0 3327 2941 709 3194
3327 0 3327 3176 735 3194
3583 0 3327 3411 762 3194
3839 0 3327 3648 791 3194
4095 0 3327 3879 828 3190
0 256 3327 722 592 3195
256 256 3327 762 598 3182
512 256 3327 861 605 3169
768 256 3327 1007 615 3158
1024 256 3327 1178 623 3161
1280 256 3327 1370 632 3166
1536 256 3327 1577 644 3170
1792 256 3327 1794 658 3174
2048 256 3327 2016 674 3177
2303 256 3327 2242 692 3180
2559 256 3327 2471 711 3183
2815 256 3327 2703 732 3185
3071 256 3327 2936 756 3186
3327 256 3327 3171 779 3188
3583 256 3327 3406 805 3189
3839 256 3327 3643 832 3190
4095 256 3327 3881 853 3191
0 512 3327 731 722 3196
256 512 3327 770 726 3183
512 512 3327 890 740 3138
768 512 3327 1058 767 3065
1024 512 3327 1217 780 3058
1280 512 3327 1392 789 3075
1536 512 3327 1586 800 3091
1792 512 3327 1792 813 3107
2048 512 3327 2008 827 3121
2303 512 3327 2230 842 3133
2559 512 3327 2457 859 3144
2815 512 3327 2687 877 3153
3071 512 3327 2919 897 3160
3327 512 3327 3154 917 3167
3583 512 3327 3389 939 3172
3839 512 3327 3626 962 3176
4095 512 3327 3886 937 3194
0 768 3327 747 907 3196
256 768 3327 785 910 3184
512 768 3327 903 919 3144
768 768 3327 1071 937 3075
1024 768 3327 1253 965 2991
1280 768 3327 1426 990 2956
1536 768 3327 1602 1002 2983
1792 768 3327 1795 1016 3012
2048 768 3327 2001 1030 3039
2303 768 3327 2215 1045 3063
2559 768 3327 2436 1061 3085
2815 768 3327 2663 1077 3103
3071 768 3327 2894 1095 3119
3327 768 3327 3126 1113 3132
3583 768 3327 3362 1131 3144
3839 768 3327 3598 1151 3153
4095 768 3327 3888 1081 3194
0 1024 3327 778 1122 3193
256 1024 3327 804 1121 3189
512 1024 3327 922 1127 3151
768 1024 3327 1088 1138 3088
1024 1024 3327 1273 1158 3010
1280 1024 3327 1450 1180 2954
1536 1024 3327 1624 1197 2957
1792 1024 3327 1809 1218 2961
2048 1024 3327 2002 1242 2968
2303 1024 3327 2205 1262 2992
2559 1024 3327 2419 1279 3021
2815 1024 3327 2639 1297 3048
3071 1024 3327 2865 1314 3072
3327 1024 3327 3095 1333 3093
3583 1024 3327 3328 1351 3111
3839 1024 3327 3566 1366 3128
4095 1024 3327 3891 1261 3195
0 1280 3327 805 1348 3195
256 1280 3327 835 1348 3189
512 1280 3327 948 1351 3156
768 1280 3327 1113 1358 3101
1024 1280 3327 1297 1370 3031
1280 1280 3327 1479 1388 2967
1536 1280 3327 1651 1402 2966
1792 1280 3327 1833 1419 2970
2048 1280 3327 2023 1440 2975
2303 1280 3327 2218 1464 2980
2559 1280 3327 2418 1491 2987
2815 1280 3327 2626 1517 3005
3071 1280 3327 2845 1537 3032
3327 1280 3327 3069 1557 3057
3583 1280 3327 3298 1577 3080
3839 1280 3327 3561 1562 3124
4095 1280 3327 3895 1463 3195
0 1536 3327 846 1584 3193
256 1536 3327 867 1583 3193
512 1536 3327 977 1584 3166
768 1536 3327 1139 1588 3117
1024 1536 3327 1325 1595 3054
1280 1536 3327 1511 1607 2992
1536 1536 3327 1684 1620 2977
1792 1536 3327 1862 1634 2981
2048 1536 3327 2049 1652 2986
2303 1536 3327 2242 1672 2992
2559 1536 3327 2440 1695 2999
2815 1536 3327 2641 1722 3007
3071 1536 3327 2844 1751 3018
3327 1536 3327 3058 1776 3038
3583 1536 3327 3284 1795 3066
3839 1536 3327 3569 1763 3128
4095 1536 3327 3901 1679 3196
0 1792 3327 890 1823 3193
256 1792 3327 907 1823 3196
512 1792 3327 1012 1823 3172
768 1792 3327 1171 1824 3132
1024 1792 3327 1356 1827 3078
1280 1792 3327 1545 1835 3022
1536 1792 3327 1724 1845 2991
1792 1792 3327 1898 1858 2995
2048 1792 3327 2082 1872 3001
2303 1792 3327 2271 1889 3007
2559 1792 3327 2467 1909 3015
2815 1792 3327 2666 1932 3024
3071 1792 3327 2868 1957 3034
3327 1792 3327 3073 1985 3047
3583 1792 3327 3300 1999 3077
3839 1792 3327 3578 1975 3134
4095 1792 3327 3907 1905 3197
0 2048 3327 929 2066 3199
256 2048 3327 957 2066 3195
512 2048 3327 1058 2065 3176
768 2048 3327 1211 2064 3143
1024 2048 3327 1393 2065 3099
1280 2048 3327 1583 2068 3051
1536 2048 3327 1768 2076 3013
1792 2048 3327 1940 2086 3014
2048 2048 3327 2120 2099 3019
2303 2048 3327 2306 2113 3026
2559 2048 3327 2499 2130 3035
2815 2048 3327 2696 2150 3045
3071 2048 3327 2897 2171 3057
3327 2048 3327 3103 2193 3072
3583 2048 3327 3319 2212 3092
3839 2048 3327 3590 2196 3142
4095 2048 3327 3916 2137 3199
0 2303 3327 989 2308 3194
256 2303 3327 1001 2310 3200
512 2303 3327 1097 2309 3185
768 2303 3327 1247 2307 3159
1024 2303 3327 1429 2305 3123
1280 2303 3327 1622 2306 3082
1536 2303 3327 1811 2309 3049
1792 2303 3327 1987 2317 3037
2048 2303 3327 2163 2328 3044
2303 2303 3327 2346 2341 3052
2559 2303 3327 2536 2355 3062
2815 2303 3327 2732 2371 3073
3071 2303 3327 2934 2388 3088
3327 2303 3327 3143 2405 3105
3583 2303 3327 3343 2431 3110
3839 2303 3327 3603 2422 3151
4095 2303 3327 3925 2373 3200
0 2559 3327 1041 2554 3198
256 2559 3327 1057 2556 3202
512 2559 3327 1148 2555 3190
768 2559 3327 1293 2552 3170
1024 2559 3327 1470 2549 3143
1280 2559 3327 1663 2547 3112
1536 2559 3327 1856 2548 3083
1792 2559 3327 2037 2553 3068
2048 2559 3327 2208 2562 3076
2303 2559 3327 2388 2573 3086
2559 2559 3327 2577 2585 3098
2815 2559 3327 2773 2598 3113
3071 2559 3327 2979 2609 3131
3327 2559 3327 3199 2617 3154
3583 2559 3327 3374 2653 3133
3839 2559 3327 3620 2653 3163
4095 2559 3327 3936 2612 3202
0 2815 3327 1099 2801 3200
256 2815 3327 1114 2804 3204
512 2815 3327 1201 2802 3195
768 2815 3327 1341 2799 3181
1024 2815 3327 1516 2795 3160
1280 2815 3327 1707 2791 3138
1536 2815 3327 1902 2789 3116
1792 2815 3327 2088 2791 3103
2048 2815 3327 2256 2799 3110
2303 2815 3327 2421 2810 3134
2559 2815 3327 2609 2820 3151
2815 2815 3327 2809 2828 3172
3071 2815 3327 3029 2831 3200
3327 2815 3327 3258 2835 3204
3583 2815 3327 3414 2877 3162
3839 2815 3327 3639 2886 3179
4095 2815 3327 3948 2854 3204
0 3071 3327 1161 3047 3200
256 3071 3327 1172 3052 3207
512 3071 3327 1254 3050 3201
768 3071 3327 1389 3047 3191
1024 3071 3327 1559 3042 3178
1280 3071 3327 1750 3037 3163
1536 3071 3327 1947 3033 3148
1792 3071 3327 2138 3033 3138
2048 3071 3327 2313 3038 3139
2303 3071 3327 2459 3052 3164
2559 3071 3327 2607 3068 3207
2815 3071 3327 2826 3072 3207
3071 3071 3327 3049 3076 3206
3327 3071 3327 3275 3081 3206
3583 3071 3327 3471 3099 3196
3839 3071 3327 3663 3121 3200
4095 3071 3327 3961 3098 3206
0 3327 3327 1220 3298 3206
256 3327 3327 1236 3301 3209
512 3327 3327 1315 3299 3206
768 3327 3327 1443 3295 3200
1024 3327 3327 1609 3290 3193
1280 3327 3327 1796 3284 3184
1536 3327 3327 1993 3279 3177
1792 3327 3327 2188 3276 3172
2048 3327 3327 2371 3278 3172
2303 3327 3327 2528 3288 3181
2559 3327 3327 2638 3314 3207
2815 3327 3327 2848 3319 3209
3071 3327 3327 3069 3323 3209
3327 3327 3327 3293 3327 3209
3583 3327 3327 3519 3332 3208
3839 3327 3327 3694 3356 3228
4095 3327 3327 3976 3342 3208
0 3583 3327 1288 3543 3205
256 3583 3327 1298 3550 3212
512 3583 3327 1372 3548 3210
768 3583 3327 1496 3544 3208
1024 3583 3327 1658 3539 3206
1280 3583 3327 1844 3533 3203
1536 3583 3327 2041 3526 3202
1792 3583 3327 2238 3522 3202
2048 3583 3327 2427 3521 3205
2303 3583 3327 2596 3527 3211
2559 3583 3327 2730 3545 3215
2815 3583 3327 2873 3567 3211
3071 3583 3327 3091 3570 3211
3327 3583 3327 3313 3574 3211
3583 3583 3327 3538 3578 3211
3839 3583 3327 3745 3587 3242
4095 3583 3327 3992 3588 3212
0 3839 3327 1353 3793 3209
256 3839 3327 1364 3800 3215
512 3839 3327 1435 3798 3215
768 3839 3327 1553 3794 3216
1024 3839 3327 1710 3788 3217
1280 3839 3327 1892 3782 3220
1536 3839 3327 2087 3775 3224
1792 3839 3327 2287 3769 3230
2048 3839 3327 2481 3766 3237
2303 3839 3327 2660 3768 3244
2559 3839 3327 2817 3779 3246
2815 3839 3327 2977 3793 3243
3071 3839 3327 3146 3809 3232
3327 3839 3327 3335 3822 3214
3583 3839 3327 3558 3826 3214
3839 3839 3327 3784 3830 3213
4095 3839 3327 4009 3835 3219
0 4095 3327 1434 4020 3198
256 4095 3327 1445 4023 3200
512 4095 3327 1484 4032 3206
768 4095 3327 1554 4048 3216
1024 4095 3327 1664 4051 3218
1280 4095 3327 1801 4052 3218
1536 4095 3327 1957 4054 3217
1792 4095 3327 2132 4055 3217
2048 4095 3327 2318 4057 3217
2303 4095 3327 2514 4059 3217
2559 4095 3327 2717 4061 3217
2815 4095 3327 2927 4064 3217
3071 4095 3327 3141 4067 3217
3327 4095 3327 3359 4070 3217
3583 4095 3327 3580 4074 3217
3839 4095 3327 3804 4077 3219
4095 4095 3327 4028 4081 3215
0 0 3583 813 610 3423
256 0 3583 834 609 3425
512 0 3583 903 604 3433
768 0 3583 1025 600 3441
1024 0 3583 1197 607 3441
1280 0 3583 1391 616 3441
1536 0 3583 1598 628 3440
1792 0 3583 1813 642 3440
2048 0 3583 2035 658 3440
2303 0 3583 2260 676 3440
2559 0 3583 2489 696 3440
2815 0 3583 2720 717 3440
3071 0 3583 2952 741 3440
3327 0 3583 3186 765 3440
3583 0 3583 3420 792 3440
3839 0 3583 3656 819 3440
4095 0 3583 3887 855 3436
0 256 3583 777 631 3441
256 256 3583 813 636 3429
512 256 3583 904 642 3420
768 256 3583 1045 652 3407
1024 256 3583 1210 659 3409
1280 256 3583 1398 668 3413
1536 256 3583 1601 679 3416
1792 256 3583 1814 692 3419
2048 256 3583 2034 707 3423
2303 256 3583 2257 724 3425
2559 256 3583 2485 743 3428
2815 256 3583 2715 763 3430
3071 256 3583 2947 785 3432
3327 256 3583 3181 808 3433
3583 256 3583 3416 833 3434
3839 256 3583 3651 859 3435
4095 256 3583 3891 875 3439
0 512 3583 786 754 3441
256 512 3583 821 757 3430
512 512 3583 935 771 3388
768 512 3583 1097 796 3319
1024 512 3583 1252 809 3310
1280 512 3583 1424 818 3323
1536 512 3583 1614 828 3337
1792 512 3583 1817 840 3352
2048 512 3583 2030 853 3365
2303 512 3583 2249 868 3377
2559 512 3583 2473 884 3387
2815 512 3583 2702 901 3396
3071 512 3583 2933 920 3403
3327 512 3583 3165 940 3409
3583 512 3583 3400 961 3415
3839 512 3583 3635 984 3419
4095 512 3583 3893 962 3439
0 768 3583 801 931 3441
256 768 3583 835 933 3431
512 768 3583 947 943 3392
768 768 3583 1109 961 3327
1024 768 3583 1286 986 3255
1280 768 3583 1453 1001 3247
1536 768 3583 1633 1018 3251
1792 768 3583 1825 1035 3260
2048 768 3583 2027 1051 3278
2303 768 3583 2238 1066 3301
2559 768 3583 2457 1081 3322
2815 768 3583 2681 1097 3341
3071 768 3583 2909 1114 3357
3327 768 3583 3141 1131 3371
3583 768 3583 3374 1150 3382
3839 768 3583 3609 1169 3392
4095 768 3583 3895 1102 3440
0 1024 3583 829 1140 3438
256 1024 3583 853 1140 3435
512 1024 3583 964 1146 3398
768 1024 3583 1125 1158 3338
1024 1024 3583 1306 1176 3265
1280 1024 3583 1473 1190 3250
1536 1024 3583 1650 1204 3252
1792 1024 3583 1840 1221 3253
2048 1024 3583 2037 1241 3255
2303 1024 3583 2239 1265 3257
2559 1024 3583 2445 1292 3260
2815 1024 3583 2660 1314 3279
3071 1024 3583 2884 1331 3303
3327 1024 3583 3112 1349 3324
3583 1024 3583 3343 1366 3343
3839 1024 3583 3578 1383 3360
4095 1024 3583 3898 1277 3440
0 1280 3583 856 1363 3439
256 1280 3583 881 1363 3436
512 1280 3583 989 1367 3403
768 1280 3583 1148 1374 3348
1024 1280 3583 1330 1387 3279
1280 1280 3583 1499 1399 3254
1536 1280 3583 1673 1410 3255
1792 1280 3583 1860 1424 3257
2048 1280 3583 2054 1441 3259
2303 1280 3583 2254 1461 3261
2559 1280 3583 2459 1485 3264
2815 1280 3583 2666 1511 3267
3071 1280 3583 2874 1542 3271
3327 1280 3583 3089 1570 3283
3583 1280 3583 3314 1591 3305
3839 1280 3583 3570 1581 3350
4095 1280 3583 3902 1477 3441
0 1536 3583 892 1596 3439
256 1536 3583 912 1595 3439
512 1536 3583 1018 1597 3410
768 1536 3583 1174 1601 3363
1024 1536 3583 1355 1609 3300
1280 1536 3583 1531 1619 3259
1536 1536 3583 1702 1629 3261
1792 1536 3583 1885 1641 3262
2048 1536 3583 2077 1655 3264
2303 1536 3583 2274 1672 3267
2559 1536 3583 2476 1692 3270
2815 1536 3583 2682 1715 3273
3071 1536 3583 2888 1742 3277
3327 1536 3583 3096 1772 3282
3583 1536 3583 3304 1805 3287
3839 1536 3583 3577 1779 3354
4095 1536 3583 3908 1691 3442
0 1792 3583 938 1833 3435
256 1792 3583 948 1833 3443
512 1792 3583 1051 1834 3417
768 1792 3583 1205 1836 3375
1024 1792 3583 1385 1840 3321
1280 1792 3583 1570 1848 3267
1536 1792 3583 1737 1856 3267
1792 1792 3583 1916 1866 3269
2048 1792 3583 2104 1878 3271
2303 1792 3583 2299 1893 3274
2559 1792 3583 2498 1910 3277
2815 1792 3583 2701 1930 3280
3071 1792 3583 2906 1954 3284
3327 1792 3583 3112 1980 3289
3583 1792 3583 3318 2010 3295
3839 1792 3583 3587 1990 3358
4095 1792 3583 3915 1915 3442
0 2048 3583 972 2075 3443
256 2048 3583 997 2075 3441
512 2048 3583 1093 2075 3420
768 2048 3583 1242 2075 3385
1024 2048 3583 1421 2076 3339
1280 2048 3583 1609 2080 3287
1536 2048 3583 1779 2087 3275
1792 2048 3583 1953 2096 3277
2048 2048 3583 2138 2107 3279
2303 2048 3583 2329 2120 3282
2559 2048 3583 2525 2135 3285
2815 2048 3583 2725 2153 3290
3071 2048 3583 2928 2173 3294
3327 2048 3583 3131 2197 3300
3583 2048 3583 3336 2223 3307
3839 2048 3583 3598 2209 3364
4095 2048 3583 3923 2146 3444
0 2303 3583 1031 2315 3436
256 2303 3583 1039 2318 3446
512 2303 3583 1133 2317 3429
768 2303 3583 1279 2316 3399
1024 2303 3583 1455 2315 3361
1280 2303 3583 1645 2316 3316
1536 2303 3583 1828 2321 3285
1792 2303 3583 1997 2329 3287
2048 2303 3583 2177 2338 3290
2303 2303 3583 2364 2350 3293
2559 2303 3583 2557 2363 3297
2815 2303 3583 2754 2379 3301
3071 2303 3583 2954 2397 3307
3327 2303 3583 3155 2418 3313
3583 2303 3583 3358 2441 3321
3839 2303 3583 3612 2434 3372
4095 2303 3583 3932 2381 3445
0 2559 3583 1085 2559 3436
256 2559 3583 1089 2564 3448
512 2559 3583 1179 2562 3434
768 2559 3583 1322 2560 3410
1024 2559 3583 1496 2558 3379
1280 2559 3583 1685 2557 3343
1536 2559 3583 1877 2558 3307
1792 2559 3583 2049 2564 3300
2048 2559 3583 2224 2573 3303
2303 2559 3583 2406 2583 3307
2559 2559 3583 2595 2595 3312
2815 2559 3583 2789 2609 3317
3071 2559 3583 2986 2625 3324
3327 2559 3583 3185 2644 3332
3583 2559 3583 3386 2664 3342
3839 2559 3583 3628 2663 3382
4095 2559 3583 3943 2619 3446
0 2815 3583 1133 2807 3444
256 2815 3583 1148 2810 3449
512 2815 3583 1232 2808 3438
768 2815 3583 1369 2806 3420
1024 2815 3583 1540 2802 3396
1280 2815 3583 1728 2800 3367
1536 2815 3583 1921 2799 3339
1792 2815 3583 2108 2801 3318
2048 2815 3583 2278 2809 3321
2303 2815 3583 2455 2818 3326
2559 2815 3583 2640 2829 3332
2815 2815 3583 2830 2841 3339
3071 2815 3583 3023 2855 3347
3327 2815 3583 3221 2871 3358
3583 2815 3583 3425 2887 3371
3839 2815 3583 3648 2896 3395
4095 2815 3583 3955 2860 3448
0 3071 3583 1199 3049 3439
256 3071 3583 1201 3058 3452
512 3071 3583 1282 3056 3444
768 3071 3583 1415 3053 3431
1024 3071 3583 1583 3049 3412
1280 3071 3583 1770 3045 3392
1536 3071 3583 1964 3042 3371
1792 3071 3583 2157 3042 3353
2048 3071 3583 2337 3046 3347
2303 3071 3583 2508 3054 3353
2559 3071 3583 2688 3064 3360
2815 3071 3583 2874 3075 3370
3071 3071 3583 3066 3087 3382
3327 3071 3583 3266 3099 3398
3583 3071 3583 3481 3107 3418
3839 3071 3583 3672 3130 3412
4095 3071 3583 3968 3103 3450
0 3327 3583 1254 3300 3446
256 3327 3583 1264 3306 3454
512 3327 3583 1340 3304 3449
768 3327 3583 1466 3301 3440
1024 3327 3583 1630 3296 3427
1280 3327 3583 1816 3291 3413
1536 3327 3583 2011 3287 3398
1792 3327 3583 2205 3284 3386
2048 3327 3583 2390 3286 3381
2303 3327 3583 2556 3294 3388
2559 3327 3583 2717 3306 3406
2815 3327 3583 2897 3317 3422
3071 3327 3583 3087 3327 3443
3327 3327 3583 3303 3332 3453
3583 3327 3583 3528 3337 3453
3839 3327 3583 3704 3364 3436
4095 3327 3583 3983 3347 3453
0 3583 3583 1318 3546 3447
256 3583 3583 1325 3555 3456
512 3583 3583 1398 3553 3453
768 3583 3583 1520 3549 3448
1024 3583 3583 1679 3545 3441
1280 3583 3583 1862 3539 3432
1536 3583 3583 2057 3533 3424
1792 3583 3583 2254 3529 3418
2048 3583 3583 2444 3528 3415
2303 3583 3583 2617 3533 3418
2559 3583 3583 2764 3547 3432
2815 3583 3583 2884 3572 3456
3071 3583 3583 3101 3575 3456
3327 3583 3583 3323 3579 3456
3583 3583 3583 3547 3583 3456
3839 3583 3583 3754 3594 3462
4095 3583 3583 3999 3593 3456
0 3839 3583 1384 3791 3447
256 3839 3583 1388 3804 3458
512 3839 3583 1457 3803 3458
768 3839 3583 1574 3799 3455
1024 3839 3583 1728 3794 3452
1280 3839 3583 1908 3788 3449
1536 3839 3583 2102 3781 3447
1792 3839 3583 2301 3776 3446
2048 3839 3583 2496 3773 3447
2303 3839 3583 2677 3774 3451
2559 3839 3583 2837 3784 3457
2815 3839 3583 2978 3802 3461
3071 3839 3583 3135 3820 3460
3327 3839 3583 3344 3826 3458
3583 3839 3583 3567 3830 3458
3839 3839 3583 3791 3834 3458
4095 3839 3583 4016 3839 3461
0 4095 3583 1446 4046 3455
256 4095 3583 1458 4047 3456
512 4095 3583 1501 4048 3457
768 4095 3583 1578 4051 3458
1024 4095 3583 1685 4054 3460
1280 4095 3583 1819 4056 3461
1536 4095 3583 1976 4058 3461
1792 4095 3583 2147 4059 3461
2048 4095 3583 2333 4061 3461
2303 4095 3583 2526 4063 3461
2559 4095 3583 2729 4065 3461
2815 4095 3583 2938 4068 3461
3071 4095 3583 3151 4071 3461
3327 4095 3583 3369 4074 3461
3583 4095 3583 3589 4078 3461
3839 4095 3583 3812 4081 3462
4095 4095 3583 4036 4085 3460
0 0 3839 871 654 3665
256 0 3839 890 652 3667
512 0 3839 954 648 3675
768 0 3839 1066 642 3687
1024 0 3839 1231 648 3686
1280 0 3839 1419 657 3686
1536 0 3839 1622 668 3686
1792 0 3839 1834 681 3686
2048 0 3839 2053 695 3686
2303 0 3839 2276 713 3686
2559 0 3839 2503 731 3686
2815 0 3839 2732 752 3686
3071 0 3839 2963 774 3686
3327 0 3839 3196 797 3686
3583 0 3839 3430 822 3686
3839 0 3839 3665 848 3686
4095 0 3839 3889 892 3675
0 256 3839 832 671 3687
256 256 3839 864 675 3678
512 256 3839 949 680 3670
768 256 3839 1083 689 3658
1024 256 3839 1245 697 3656
1280 256 3839 1428 705 3659
1536 256 3839 1626 715 3663
1792 256 3839 1836 728 3665
2048 256 3839 2053 742 3669
2303 256 3839 2274 758 3671
2559 256 3839 2500 775 3673
2815 256 3839 2729 795 3675
3071 256 3839 2960 816 3677
3327 256 3839 3192 838 3678
3583 256 3839 3426 861 3680
3839 256 3839 3660 886 3680
4095 256 3839 3900 901 3686
0 512 3839 841 786 3687
256 512 3839 873 789 3676
512 512 3839 980 803 3637
768 512 3839 1131 823 3584
1024 512 3839 1281 832 3582
1280 512 3839 1454 844 3580
1536 512 3839 1641 854 3593
1792 512 3839 1842 867 3600
2048 512 3839 2052 881 3610
2303 512 3839 2268 895 3621
2559 512 3839 2491 911 3630
2815 512 3839 2717 928 3639
3071 512 3839 2946 946 3646
3327 512 3839 3178 965 3652
3583 512 3839 3411 986 3658
3839 512 3839 3646 1008 3662
4095 512 3839 3901 987 3685
0 768 3839 854 956 3687
256 768 3839 887 959 3677
512 768 3839 992 968 3641
768 768 3839 1141 983 3590
1024 768 3839 1296 993 3575
1280 768 3839 1466 1003 3576
1536 768 3839 1653 1015 3576
1792 768 3839 1851 1030 3576
2048 768 3839 2057 1048 3577
2303 768 3839 2267 1068 3577
2559 768 3839 2483 1090 3581
2815 768 3839 2702 1114 3585
3071 768 3839 2928 1131 3599
3327 768 3839 3156 1151 3610
3583 768 3839 3388 1169 3622
3839 768 3839 3621 1188 3632
4095 768 3839 3903 1123 3685
0 1024 3839 879 1160 3685
256 1024 3839 903 1160 3681
512 1024 3839 1008 1166 3646
768 1024 3839 1159 1177 3595
1024 1024 3839 1314 1186 3576
1280 1024 3839 1481 1194 3577
1536 1024 3839 1666 1204 3577
1792 1024 3839 1862 1216 3577
2048 1024 3839 2067 1230 3578
2303 1024 3839 2276 1248 3578
2559 1024 3839 2490 1267 3579
2815 1024 3839 2706 1290 3580
3071 1024 3839 2924 1316 3580
3327 1024 3839 3144 1344 3581
3583 1024 3839 3366 1372 3586
3839 1024 3839 3593 1398 3595
4095 1024 3839 3906 1295 3686
0 1280 3839 902 1379 3687
256 1280 3839 930 1379 3681
512 1280 3839 1031 1383 3650
768 1280 3839 1185 1391 3597
1024 1280 3839 1338 1398 3578
1280 1280 3839 1502 1404 3578
1536 1280 3839 1684 1413 3578
1792 1280 3839 1878 1423 3579
2048 1280 3839 2081 1435 3579
2303 1280 3839 2288 1449 3580
2559 1280 3839 2501 1466 3580
2815 1280 3839 2716 1485 3581
3071 1280 3839 2933 1507 3582
3327 1280 3839 3151 1532 3583
3583 1280 3839 3370 1560 3584
3839 1280 3839 3591 1587 3589
4095 1280 3839 3911 1492 3686
0 1536 3839 940 1609 3683
256 1536 3839 958 1609 3685
512 1536 3839 1058 1611 3657
768 1536 3839 1209 1616 3610
1024 1536 3839 1368 1622 3580
1280 1536 3839 1528 1627 3580
1536 1536 3839 1707 1634 3580
1792 1536 3839 1898 1642 3580
2048 1536 3839 2098 1653 3581
2303 1536 3839 2304 1665 3582
2559 1536 3839 2514 1679 3582
2815 1536 3839 2728 1696 3583
3071 1536 3839 2944 1715 3584
3327 1536 3839 3161 1736 3585
3583 1536 3839 3378 1761 3586
3839 1536 3839 3596 1787 3589
4095 1536 3839 3916 1704 3687
0 1792 3839 981 1845 3681
256 1792 3839 993 1845 3688
512 1792 3839 1088 1846 3664
768 1792 3839 1237 1848 3622
1024 1792 3839 1403 1852 3583
1280 1792 3839 1560 1857 3582
1536 1792 3839 1735 1863 3582
1792 1792 3839 1923 1870 3583
2048 1792 3839 2120 1879 3583
2303 1792 3839 2323 1890 3584
2559 1792 3839 2531 1902 3584
2815 1792 3839 2743 1916 3585
3071 1792 3839 2957 1933 3586
3327 1792 3839 3172 1952 3587
3583 1792 3839 3388 1974 3589
3839 1792 3839 3604 1999 3590
4095 1792 3839 3923 1926 3688
0 2048 3839 1014 2084 3689
256 2048 3839 1038 2085 3686
512 2048 3839 1130 2085 3666
768 2048 3839 1274 2086 3630
1024 2048 3839 1446 2088 3586
1280 2048 3839 1598 2092 3585
1536 2048 3839 1768 2097 3585
1792 2048 3839 1952 2103 3585
2048 2048 3839 2146 2111 3586
2303 2048 3839 2346 2120 3587
2559 2048 3839 2552 2131 3587
2815 2048 3839 2762 2144 3588
3071 2048 3839 2973 2159 3589
3327 2048 3839 3187 2176 3591
3583 2048 3839 3401 2195 3592
3839 2048 3839 3615 2217 3594
4095 2048 3839 3931 2155 3689
0 2303 3839 1072 2324 3680
256 2303 3839 1077 2327 3692
512 2303 3839 1166 2326 3675
768 2303 3839 1308 2325 3643
1024 2303 3839 1481 2326 3603
1280 2303 3839 1642 2329 3588
1536 2303 3839 1808 2333 3588
1792 2303 3839 1987 2339 3589
2048 2303 3839 2177 2346 3589
2303 2303 3839 2374 2354 3590
2559 2303 3839 2577 2364 3591
2815 2303 3839 2784 2375 3592
3071 2303 3839 2993 2388 3593
3327 2303 3839 3204 2404 3595
3583 2303 3839 3416 2422 3596
3839 2303 3839 3629 2441 3600
4095 2303 3839 3940 2389 3690
0 2559 3839 1119 2568 3684
256 2559 3839 1128 2571 3693
512 2559 3839 1213 2570 3679
768 2559 3839 1350 2569 3654
1024 2559 3839 1521 2567 3618
1280 2559 3839 1694 2568 3592
1536 2559 3839 1854 2572 3592
1792 2559 3839 2028 2577 3593
2048 2559 3839 2214 2583 3593
2303 2559 3839 2407 2591 3594
2559 2559 3839 2606 2599 3595
2815 2559 3839 2810 2610 3597
3071 2559 3839 3016 2622 3598
3327 2559 3839 3225 2636 3600
3583 2559 3839 3434 2653 3602
3839 2559 3839 3643 2671 3605
4095 2559 3839 3951 2627 3691
0 2815 3839 1171 2813 3687
256 2815 3839 1182 2817 3694
512 2815 3839 1263 2816 3682
768 2815 3839 1396 2813 3662
1024 2815 3839 1564 2811 3634
1280 2815 3839 1746 2809 3603
1536 2815 3839 1908 2812 3597
1792 2815 3839 2077 2817 3598
2048 2815 3839 2258 2822 3599
2303 2815 3839 2446 2829 3600
2559 2815 3839 2642 2837 3601
2815 2815 3839 2842 2847 3603
3071 2815 3839 3045 2858 3604
3327 2815 3839 3250 2871 3607
3583 2815 3839 3455 2887 3609
3839 2815 3839 3661 2905 3613
4095 2815 3839 3963 2867 3693
0 3071 3839 1232 3055 3682
256 3071 3839 1237 3063 3695
512 3071 3839 1311 3063 3689
768 3071 3839 1439 3060 3673
1024 3071 3839 1604 3057 3651
1280 3071 3839 1791 3053 3624
1536 3071 3839 1973 3052 3604
1792 3071 3839 2136 3056 3605
2048 3071 3839 2311 3062 3606
2303 3071 3839 2494 3068 3607
2559 3071 3839 2685 3075 3609
2815 3071 3839 2881 3084 3611
3071 3071 3839 3079 3095 3613
3327 3071 3839 3280 3107 3616
3583 3071 3839 3482 3122 3620
3839 3071 3839 3684 3139 3625
4095 3071 3839 3976 3110 3694
0 3327 3839 1284 3307 3692
256 3327 3839 1296 3312 3698
512 3327 3839 1370 3310 3692
768 3327 3839 1492 3307 3680
1024 3327 3839 1652 3303 3664
1280 3327 3839 1834 3299 3645
1536 3327 3839 2028 3295 3624
1792 3327 3839 2207 3296 3614
2048 3327 3839 2376 3300 3615
2303 3327 3839 2553 3306 3617
2559 3327 3839 2738 3313 3619
2815 3327 3839 2929 3321 3622
3071 3327 3839 3122 3331 3626
3327 3327 3839 3319 3343 3630
3583 3327 3839 3516 3357 3636
3839 3327 3839 3715 3373 3644
4095 3327 3839 3991 3353 3697
0 3583 3839 1350 3549 3688
256 3583 3839 1354 3560 3701
512 3583 3839 1424 3559 3696
768 3583 3839 1543 3555 3688
1024 3583 3839 1700 3551 3677
1280 3583 3839 1880 3546 3664
1536 3583 3839 2074 3541 3649
1792 3583 3839 2270 3537 3636
2048 3583 3839 2455 3538 3629
2303 3583 3839 2625 3543 3632
2559 3583 3839 2803 3549 3636
2815 3583 3839 2987 3557 3640
3071 3583 3839 3174 3567 3646
3327 3583 3839 3364 3578 3655
3583 3583 3839 3558 3591 3666
3839 3583 3839 3766 3600 3683
4095 3583 3839 4007 3598 3699
0 3839 3839 1412 3797 3692
256 3839 3839 1417 3808 3702
512 3839 3839 1483 3808 3701
768 3839 3839 1597 3804 3696
1024 3839 3839 1748 3800 3689
1280 3839 3839 1925 3794 3681
1536 3839 3839 2117 3788 3673
1792 3839 3839 2315 3783 3665
2048 3839 3839 2511 3780 3660
2303 3839 3839 2695 3781 3659
2559 3839 3839 2861 3789 3666
2815 3839 3839 3019 3801 3677
3071 3839 3839 3171 3819 3693
3327 3839 3839 3354 3831 3703
3583 3839 3839 3576 3835 3703
3839 3839 3839 3800 3839 3702
4095 3839 3839 4024 3844 3703
0 4095 3839 1486 4029 3680
256 4095 3839 1496 4031 3682
512 4095 3839 1535 4038 3688
768 4095 3839 1604 4051 3698
1024 4095 3839 1708 4060 3706
1280 4095 3839 1841 4061 3706
1536 4095 3839 1994 4062 3706
1792 4095 3839 2165 4063 3705
2048 4095 3839 2348 4065 3705
2303 4095 3839 2541 4067 3705
2559 4095 3839 2742 4070 3705
2815 4095 3839 2949 4072 3705
3071 4095 3839 3161 4075 3705
3327 4095 3839 3378 4078 3705
3583 4095 3839 3598 4082 3705
3839 4095 3839 3820 4086 3705
4095 4095 3839 4044 4090 3704
0 0 4095 947 706 3894
256 0 4095 965 705 3896
512 0 4095 1023 701 3904
768 0 4095 1132 700 3912
1024 0 4095 1290 711 3906
1280 0 4095 1466 719 3907
1536 0 4095 1659 731 3907
1792 0 4095 1860 733 3919
2048 0 4095 2076 757 3908
2303 0 4095 2293 772 3910
2559 0 4095 2517 778 3922
2815 0 4095 2742 802 3919
3071 0 4095 2966 835 3908
3327 0 4095 3196 856 3910
3583 0 4095 3426 880 3911
3839 0 4095 3665 894 3920
4095 0 4095 3876 952 3896
0 256 4095 918 724 3914
256 256 4095 932 721 3919
512 256 4095 1002 722 3921
768 256 4095 1119 723 3924
1024 256 4095 1277 731 3922
1280 256 4095 1457 738 3923
1536 256 4095 1655 752 3918
1792 256 4095 1857 751 3932
2048 256 4095 2075 775 3921
2303 256 4095 2294 786 3926
2559 256 4095 2519 796 3933
2815 256 4095 2745 821 3926
3071 256 4095 2971 850 3919
3327 256 4095 3199 875 3916
3583 256 4095 3433 894 3920
3839 256 4095 3668 914 3923
4095 256 4095 3881 968 3901
0 512 4095 920 828 3917
256 512 4095 933 825 3923
512 512 4095 991 821 3933
768 512 4095 1114 824 3933
1024 512 4095 1272 829 3933
1280 512 4095 1454 835 3933
1536 512 4095 1651 844 3933
1792 512 4095 1860 853 3933
2048 512 4095 2076 865 3933
2303 512 4095 2296 878 3933
2559 512 4095 2521 892 3933
2815 512 4095 2749 909 3933
3071 512 4095 2978 926 3933
3327 512 4095 3209 947 3931
3583 512 4095 3442 966 3932
3839 512 4095 3675 988 3931
4095 512 4095 3889 1036 3909
0 768 4095 946 994 3908
256 768 4095 955 991 3916
512 768 4095 1003 985 3933
768 768 4095 1124 987 3933
1024 768 4095 1280 991 3933
1280 768 4095 1461 996 3933
1536 768 4095 1658 1003 3933
1792 768 4095 1865 1011 3933
2048 768 4095 2080 1020 3933
2303 768 4095 2300 1031 3933
2559 768 4095 2525 1043 3933
2815 768 4095 2752 1056 3933
3071 768 4095 2981 1071 3933
3327 768 4095 3213 1087 3933
3583 768 4095 3445 1104 3933
3839 768 4095 3679 1123 3933
4095 768 4095 3892 1164 3909
0 1024 4095 961 1188 3910
256 1024 4095 971 1186 3917
512 1024 4095 1019 1181 3934
768 1024 4095 1138 1183 3934
1024 1024 4095 1293 1186 3934
1280 1024 4095 1471 1191 3934
1536 1024 4095 1667 1196 3934
1792 1024 4095 1873 1202 3934
2048 1024 4095 2087 1210 3933
2303 1024 4095 2306 1219 3933
2559 1024 4095 2530 1229 3933
2815 1024 4095 2757 1240 3933
3071 1024 4095 2986 1252 3933
3327 1024 4095 3217 1265 3933
3583 1024 4095 3449 1280 3933
3839 1024 4095 3682 1295 3933
4095 1024 4095 3896 1327 3911
0 1280 4095 979 1400 3913
256 1280 4095 989 1399 3921
512 1280 4095 1042 1397 3934
768 1280 4095 1158 1399 3934
1024 1280 4095 1309 1401 3934
1280 1280 4095 1486 1405 3934
1536 1280 4095 1679 1409 3934
1792 1280 4095 1884 1414 3934
2048 1280 4095 2097 1420 3934
2303 1280 4095 2315 1428 3934
2559 1280 4095 2538 1436 3934
2815 1280 4095 2764 1445 3934
3071 1280 4095 2992 1455 3934
3327 1280 4095 3222 1466 3934
3583 1280 4095 3454 1479 3933
3839 1280 4095 3687 1492 3933
4095 1280 4095 3905 1514 3916
0 1536 4095 996 1624 3923
256 1536 4095 1006 1623 3931
512 1536 4095 1068 1624 3935
768 1536 4095 1181 1625 3935
1024 1536 4095 1330 1627 3935
1280 1536 4095 1503 1630 3935
1536 1536 4095 1694 1634 3935
1792 1536 4095 1897 1638 3935
2048 1536 4095 2109 1644 3935
2303 1536 4095 2325 1650 3935
2559 1536 4095 2547 1656 3935
2815 1536 4095 2772 1664 3935
3071 1536 4095 3000 1673 3934
3327 1536 4095 3229 1682 3934
3583 1536 4095 3461 1693 3934
3839 1536 4095 3693 1704 3934
4095 1536 4095 3918 1718 3925
0 1792 4095 1032 1857 3922
256 1792 4095 1037 1857 3934
512 1792 4095 1100 1858 3936
768 1792 4095 1210 1859 3936
1024 1792 4095 1355 1861 3936
1280 1792 4095 1525 1863 3936
1536 1792 4095 1713 1866 3936
1792 1792 4095 1914 1870 3936
2048 1792 4095 2123 1874 3935
2303 1792 4095 2338 1880 3935
2559 1792 4095 2558 1886 3935
2815 1792 4095 2782 1892 3935
3071 1792 4095 3009 1900 3935
3327 1792 4095 3238 1908 3935
3583 1792 4095 3468 1917 3935
3839 1792 4095 3700 1926 3935
4095 1792 4095 3931 1937 3932
0 2048 4095 1070 2094 3924
256 2048 4095 1082 2095 3929
512 2048 4095 1137 2096 3937
768 2048 4095 1243 2097 3937
1024 2048 4095 1383 2099 3937
1280 2048 4095 1550 2101 3937
1536 2048 4095 1735 2103 3937
1792 2048 4095 1933 2107 3937
2048 2048 4095 2140 2110 3937
2303 2048 4095 2353 2115 3936
2559 2048 4095 2572 2120 3936
2815 2048 4095 2795 2126 3936
3071 2048 4095 3020 2132 3936
3327 2048 4095 3248 2139 3936
3583 2048 4095 3478 2147 3936
3839 2048 4095 3709 2155 3936
4095 2048 4095 3930 2164 3923
0 2303 4095 1122 2331 3916
256 2303 4095 1132 2333 3923
512 2303 4095 1181 2336 3935
768 2303 4095 1280 2337 3938
1024 2303 4095 1416 2339 3938
1280 2303 4095 1578 2340 3938
1536 2303 4095 1760 2343 3938
1792 2303 4095 1955 2346 3938
2048 2303 4095 2159 2349 3938
2303 2303 4095 2370 2353 3938
2559 2303 4095 2588 2358 3937
2815 2303 4095 2809 2363 3937
3071 2303 4095 3033 2368 3937
3327 2303 4095 3260 2375 3937
3583 2303 4095 3489 2381 3937
3839 2303 4095 3719 2389 3937
4095 2303 4095 3937 2394 3923
0 2559 4095 1170 2572 3916
256 2559 4095 1181 2574 3922
512 2559 4095 1225 2579 3936
768 2559 4095 1320 2581 3939
1024 2559 4095 1452 2582 3939
1280 2559 4095 1610 2584 3939
1536 2559 4095 1788 2586 3939
1792 2559 4095 1979 2588 3939
2048 2559 4095 2181 2591 3939
2303 2559 4095 2390 2595 3939
2559 2559 4095 2605 2599 3939
2815 2559 4095 2825 2603 3939
3071 2559 4095 3048 2608 3939
3327 2559 4095 3273 2614 3938
3583 2559 4095 3501 2620 3938
3839 2559 4095 3730 2627 3938
4095 2559 4095 3951 2631 3928
0 2815 4095 1206 2821 3934
256 2815 4095 1218 2824 3938
512 2815 4095 1270 2825 3941
768 2815 4095 1364 2826 3941
1024 2815 4095 1491 2827 3940
1280 2815 4095 1645 2828 3940
1536 2815 4095 1819 2830 3940
1792 2815 4095 2007 2832 3940
2048 2815 4095 2206 2835 3940
2303 2815 4095 2412 2838 3940
2559 2815 4095 2625 2842 3940
2815 2815 4095 2843 2846 3940
3071 2815 4095 3064 2851 3940
3327 2815 4095 3288 2855 3940
3583 2815 4095 3515 2861 3940
3839 2815 4095 3743 2867 3940
4095 2815 4095 3972 2873 3938
0 3071 4095 1275 3057 3917
256 3071 4095 1286 3060 3922
512 3071 4095 1327 3067 3935
768 3071 4095 1412 3072 3942
1024 3071 4095 1534 3073 3942
1280 3071 4095 1683 3074 3942
1536 3071 4095 1852 3076 3942
1792 3071 4095 2037 3078 3942
2048 3071 4095 2233 3080 3942
2303 3071 4095 2436 3083 3942
2559 3071 4095 2647 3087 3942
2815 3071 4095 2863 3090 3942
3071 3071 4095 3082 3094 3942
3327 3071 4095 3305 3099 3941
3583 3071 4095 3530 3104 3941
3839 3071 4095 3758 3109 3941
4095 3071 4095 3982 3112 3936
0 3327 4095 1323 3308 3929
256 3327 4095 1333 3312 3935
512 3327 4095 1376 3318 3944
768 3327 4095 1462 3319 3944
1024 3327 4095 1580 3320 3944
1280 3327 4095 1724 3321 3944
1536 3327 4095 1889 3323 3944
1792 3327 4095 2069 3325 3944
2048 3327 4095 2262 3327 3944
2303 3327 4095 2462 3329 3944
2559 3327 4095 2671 3332 3944
2815 3327 4095 2885 3336 3943
3071 3327 4095 3102 3339 3943
3327 3327 4095 3324 3344 3943
3583 3327 4095 3547 3348 3943
3839 3327 4095 3773 3353 3943
4095 3327 4095 3995 3354 3937
0 3583 4095 1385 3551 3927
256 3583 4095 1396 3554 3930
512 3583 4095 1437 3560 3938
768 3583 4095 1515 3565 3944
1024 3583 4095 1628 3568 3946
1280 3583 4095 1768 3569 3946
1536 3583 4095 1928 3570 3946
1792 3583 4095 2105 3572 3946
2048 3583 4095 2294 3574 3946
2303 3583 4095 2491 3576 3945
2559 3583 4095 2697 3579 3945
2815 3583 4095 2908 3582 3945
3071 3583 4095 3124 3586 3945
3327 3583 4095 3344 3589 3945
3583 3583 4095 3566 3594 3945
3839 3583 4095 3791 3598 3945
4095 3583 4095 4015 3601 3942
0 3839 4095 1452 3790 3920
256 3839 4095 1461 3794 3925
512 3839 4095 1497 3806 3938
768 3839 4095 1570 3815 3948
1024 3839 4095 1679 3816 3948
1280 3839 4095 1814 3817 3948
1536 3839 4095 1970 3818 3948
1792 3839 4095 2142 3820 3948
2048 3839 4095 2328 3822 3948
2303 3839 4095 2522 3824 3948
2559 3839 4095 2725 3826 3948
2815 3839 4095 2934 3829 3947
3071 3839 4095 3148 3833 3947
3327 3839 4095 3365 3836 3947
3583 3839 4095 3586 3840 3947
3839 3839 4095 3809 3844 3947
4095 3839 4095 4035 3849 3947
0 4095 4095 1511 4040 3927
256 4095 4095 1518 4048 3935
512 4095 4095 1556 4054 3941
768 4095 4095 1630 4056 3942
1024 4095 4095 1733 4058 3943
1280 4095 4095 1862 4061 3946
1536 4095 4095 2013 4065 3948
1792 4095 4095 2182 4065 3947
2048 4095 4095 2363 4066 3946
2303 4095 4095 2553 4068 3946
2559 4095 4095 2754 4073 3948
2815 4095 4095 2960 4076 3948
3071 4095 4095 3171 4077 3947
3327 4095 4095 3388 4082 3948
3583 4095 4095 3607 4087 3949
3839 4095 4095 3829 4090 3949
4095 4095 4095 4053 4095 3949
